TransactionID,Date,ProductCategory,Price,UnitsSold,CustomerAge,CustomerMembership,Discount,Region,PaymentMethod,IsPromotional,TotalSales
T000001,2025-04-13,Sports,46.22,7,42.00381915496647,Silver,3.9,South,Credit Card,False,310.92
T000002,2025-06-29,Clothing,33.16,4,20.378537647762062,Silver,4.9,North,PayPal,True,126.14
T000003,2025-04-03,Electronics,280.43,5,66.11071761766856,Bronze,1.8,West,Digital Wallet,False,1376.91
T000004,2025-01-15,Clothing,54.98,4,42.06774949930724,Silver,0.5,North,Digital Wallet,False,218.82
T000005,2025-04-17,Electronics,264.32,5,48.715026110497035,Bronze,3.4,South,Digital Wallet,False,1276.67
T000006,2025-03-13,Beauty,41.36,5,39.655117671755995,Bronze,12.5,East,Cash,True,180.95
T000007,2025-01-21,Electronics,177.84,3,49.632992964921414,Silver,0.5,South,Credit Card,False,530.85
T000008,2025-04-13,Clothing,29.7,4,39.9083844208153,Silver,3.6,East,Credit Card,False,114.52
T000009,2025-05-02,Clothing,39.99,4,48.699754240585015,Gold,4.4,East,PayPal,False,152.92
T000010,2025-03-16,Beauty,24.97,5,57.5607450971673,Bronze,3.4,North,Credit Card,False,120.61
T000011,2025-03-29,Electronics,301.96,3,18.0,Bronze,9.7,North,Credit Card,False,818.01
T000012,2025-04-27,Electronics,276.5,3,49.995436663573145,Bronze,11.7,West,PayPal,True,732.45
T000013,2025-04-10,Electronics,164.76,6,35.64755932951721,Bronze,2.3,South,PayPal,False,965.82
T000014,2025-04-14,Electronics,299.09,3,28.743493986381576,Silver,5.9,North,Cash,False,844.33
T000015,2025-06-01,Electronics,221.48,5,24.67755732766755,Bronze,15.8,East,Digital Wallet,True,932.43
T000016,2025-05-11,Home & Kitchen,77.0,5,43.17151399053108,Bronze,22.2,North,PayPal,True,299.53
T000017,2025-05-30,Electronics,151.36,2,45.3837976402944,Silver,7.8,North,Digital Wallet,False,279.11
T000018,2025-02-22,Electronics,293.35,4,34.49110184353793,Gold,6.0,North,Cash,False,1103.0
T000019,2025-01-02,Sports,45.27,5,26.90008270345565,Silver,8.4,North,Credit Card,False,207.34
T000020,2025-03-29,Clothing,61.2,7,43.376090735648134,Gold,3.8,West,Credit Card,False,412.12
T000021,2025-06-07,Clothing,38.98,5,42.832885609570575,Bronze,4.0,South,Credit Card,False,187.1
T000022,2025-02-07,Clothing,53.48,4,49.21571116864681,Silver,11.7,West,PayPal,True,188.89
T000023,2025-05-10,Beauty,23.94,5,50.24874267510693,Silver,11.3,East,Credit Card,True,106.17
T000024,2025-01-21,Electronics,218.56,4,55.97493881624332,Platinum,11.6,North,PayPal,True,772.83
T000025,2025-06-10,Sports,49.82,6,50.087961208494896,Gold,8.7,North,PayPal,True,272.91
T000026,2025-02-27,Sports,49.41,4,22.41383212720043,Bronze,3.8,North,Credit Card,True,190.13
T000027,2025-01-22,Electronics,205.94,6,41.88859787994098,Silver,3.2,South,Cash,False,1196.1
T000028,2025-03-30,Beauty,22.84,8,54.00010920092801,Silver,5.6,West,Credit Card,False,172.49
T000029,2025-02-18,Clothing,40.24,4,52.17670965358868,Silver,1.6,North,Credit Card,False,158.38
T000030,2025-02-28,Electronics,227.99,1,70.0,Gold,2.1,South,Credit Card,False,223.2
T000031,2025-06-19,Sports,59.08,4,,Silver,4.9,West,Credit Card,False,224.74
T000032,2025-01-15,Home & Kitchen,72.21,5,25.839172936478697,Bronze,12.6,West,PayPal,True,315.56
T000033,2025-06-24,Home & Kitchen,66.89,6,23.03770082631842,Bronze,4.2,East,Cash,False,384.48
T000034,2025-02-20,Electronics,228.03,3,42.67141886422304,Gold,12.8,South,PayPal,True,596.53
T000035,2025-04-18,Clothing,118.07,4,43.81082771064194,Platinum,9.0,East,Credit Card,True,429.77
T000036,2025-02-24,Sports,36.29,4,35.41927504799238,Silver,7.7,South,PayPal,True,133.98
T000037,2025-03-05,Clothing,45.77,8,51.21754051212837,Bronze,7.3,West,Credit Card,False,339.43
T000038,2025-05-11,Clothing,45.65,4,18.0,Bronze,8.6,South,Digital Wallet,False,166.9
T000039,2025-02-20,Electronics,248.82,2,36.432531482876804,Bronze,13.2,West,PayPal,True,431.95
T000040,2025-05-15,Electronics,208.45,5,18.0,Bronze,3.9,East,Cash,False,1001.6
T000041,2025-01-21,Sports,46.08,7,32.97595633025073,Bronze,5.0,East,Credit Card,False,306.43
T000042,2025-03-14,Clothing,28.71,4,37.83328046555962,Gold,2.9,East,PayPal,False,111.51
T000043,2025-06-16,Beauty,31.43,6,54.61493041846076,Gold,11.3,North,Digital Wallet,True,167.27
T000044,2025-01-18,Clothing,44.53,6,27.338394145867724,Bronze,3.0,South,Credit Card,False,259.16
T000045,2025-05-12,Home & Kitchen,67.7,11,40.36010555618182,Bronze,3.0,West,PayPal,False,722.36
T000046,2025-03-30,Clothing,47.51,5,35.71244268788694,Silver,5.0,South,PayPal,False,225.67
T000047,2025-03-01,Clothing,48.95,5,40.537529950794294,Bronze,11.0,East,PayPal,True,217.83
T000048,2025-01-14,Electronics,274.45,3,37.342959840293545,Silver,14.2,East,Credit Card,True,706.43
T000049,2025-01-09,Clothing,34.5,6,38.95895137117637,Bronze,18.6,West,Credit Card,True,168.5
T000050,2025-03-31,Clothing,22.72,5,34.17951071725629,Platinum,1.0,South,Credit Card,False,112.46
T000051,2025-02-22,Beauty,32.39,4,46.437363837242735,Silver,3.1,West,Credit Card,False,125.54
T000052,2025-05-10,Home & Kitchen,80.57,6,,Gold,7.3,West,Digital Wallet,False,448.13
T000053,2025-03-25,Electronics,250.36,3,42.502385743116626,Gold,2.3,North,Digital Wallet,False,733.81
T000054,2025-04-02,Electronics,283.45,6,66.09974779892724,Silver,7.7,East,Digital Wallet,False,1569.75
T000055,2025-04-21,Electronics,188.02,2,42.94254410659421,Silver,2.4,East,Cash,False,367.02
T000056,2025-06-21,Home & Kitchen,50.6,5,51.6726568406674,Bronze,1.5,South,Credit Card,True,249.2
T000057,2025-01-08,Sports,33.6,10,32.88304144512368,Silver,9.2,South,Digital Wallet,False,305.09
T000058,2025-06-24,Beauty,29.78,6,40.61880671921702,Bronze,3.8,North,Cash,False,171.89
T000059,2025-02-04,Electronics,336.96,4,38.27520821082375,Silver,2.7,East,PayPal,False,1311.45
T000060,2025-03-22,Clothing,35.45,4,27.32814802901452,Bronze,1.5,South,PayPal,False,139.67
T000061,2025-06-13,Clothing,35.93,7,32.77877629187023,Bronze,21.3,East,Cash,True,197.94
T000062,2025-02-19,Home & Kitchen,79.98,8,46.288267669793655,Gold,5.5,North,Digital Wallet,False,604.65
T000063,2025-04-14,Home & Kitchen,76.36,3,57.406923812249204,Platinum,12.1,North,Digital Wallet,True,201.36
T000064,2025-05-12,Home & Kitchen,93.72,11,48.73811920703834,Bronze,9.6,West,Credit Card,False,931.95
T000065,2025-01-02,Home & Kitchen,87.7,3,46.03466942936887,Bronze,3.1,North,Credit Card,False,254.94
T000066,2025-05-14,Electronics,198.65,6,31.70615667892688,Bronze,8.5,North,Credit Card,False,1090.59
T000067,2025-02-23,Sports,55.75,1,47.82617840506619,Bronze,7.8,East,Cash,False,51.4
T000068,2025-04-16,Electronics,173.74,7,34.40976891187783,Bronze,6.6,East,Credit Card,False,1135.91
T000069,2025-01-04,Home & Kitchen,79.98,5,27.93205971555909,Silver,3.8,North,Cash,False,384.7
T000070,2025-02-23,Clothing,33.38,6,31.209924550240544,Bronze,3.7,South,Credit Card,False,192.87
T000071,2025-05-26,Clothing,52.45,3,40.55934577302582,Bronze,8.5,East,Credit Card,False,143.98
T000072,2025-02-13,Beauty,28.76,5,35.52046745323196,Silver,11.9,East,Credit Card,True,126.69
T000073,2025-06-11,Sports,52.17,4,45.45098286654741,Silver,9.6,West,Credit Card,False,188.65
T000074,2025-01-14,Sports,65.24,5,,Silver,7.5,North,Credit Card,False,301.74
T000075,2025-04-05,Clothing,32.89,6,45.33418391038121,Bronze,7.5,West,Cash,False,182.54
T000076,2025-02-17,Home & Kitchen,96.78,2,38.267183626253306,Silver,2.8,West,Digital Wallet,False,188.14
T000077,2025-01-15,Clothing,34.91,5,41.41848678754747,Gold,7.3,West,Credit Card,False,161.81
T000078,2025-02-09,Sports,29.33,9,30.228860467407358,Silver,8.8,West,PayPal,False,240.74
T000079,2025-03-23,Clothing,50.54,6,,Gold,8.8,North,Credit Card,False,276.55
T000080,2025-04-21,Beauty,37.09,5,22.43293194043103,Bronze,0.6,West,Cash,False,184.34
T000081,2025-02-22,Beauty,32.41,6,70.0,Bronze,12.5,West,Digital Wallet,True,170.15
T000082,2025-01-24,Home & Kitchen,93.4,3,47.68589902070184,Silver,3.4,North,Cash,False,270.67
T000083,2025-06-03,Clothing,61.42,3,23.247713672196095,Gold,3.7,East,Credit Card,False,177.44
T000084,2025-05-04,Electronics,252.56,4,43.1875780685361,Silver,16.4,East,Credit Card,True,844.56
T000085,2025-02-10,Sports,67.72,4,44.66849179693833,Silver,3.4,East,Credit Card,False,261.67
T000086,2025-06-06,Electronics,302.61,5,59.911480522547436,Gold,1.9,West,Credit Card,False,1484.3
T000087,2025-01-15,Sports,59.49,6,25.81356095816384,Bronze,19.1,East,Credit Card,True,288.76
T000088,2025-02-14,Clothing,54.9,2,25.827870333150706,Gold,11.8,North,Digital Wallet,True,96.84
T000089,2025-03-06,Clothing,37.02,5,46.13783233670759,Bronze,15.2,North,Digital Wallet,True,156.96
T000090,2025-03-30,Beauty,41.11,5,44.31956310539042,Gold,2.6,South,Credit Card,False,200.21
T000091,2025-03-12,Home & Kitchen,86.86,1,59.606940674457135,Gold,3.0,South,PayPal,False,84.25
T000092,2025-01-09,Home & Kitchen,80.15,4,30.02206581540122,Bronze,5.6,East,Digital Wallet,True,302.65
T000093,2025-03-29,Home & Kitchen,63.61,6,29.037736181654942,Bronze,7.9,North,Credit Card,False,351.51
T000094,2025-05-09,Clothing,43.74,10,64.4420887066097,Silver,8.6,South,PayPal,False,399.78
T000095,2025-05-16,Sports,49.5,4,41.453196411176336,Bronze,8.4,North,Credit Card,False,181.37
T000096,2025-03-04,Clothing,37.99,6,33.05451671119528,Silver,3.9,North,Credit Card,False,219.05
T000097,2025-05-19,Beauty,30.53,6,50.46886799335599,Silver,3.8,East,Credit Card,False,176.22
T000098,2025-03-22,Sports,51.12,5,18.0,Bronze,1.1,North,PayPal,False,252.79
T000099,2025-05-16,Clothing,46.62,7,46.53943356108826,Silver,3.5,West,Cash,False,314.92
T000100,2025-06-12,Home & Kitchen,85.97,4,34.416667105487655,Silver,10.5,East,Credit Card,True,307.77
T000101,2025-06-12,Home & Kitchen,89.34,4,35.97464041771063,Gold,0.8,South,PayPal,False,354.5
T000102,2025-02-02,Clothing,49.39,6,57.5444266702921,Gold,3.5,South,Credit Card,False,285.97
T000103,2025-05-03,Beauty,38.6,3,47.150166149203876,Gold,4.8,East,Cash,False,110.24
T000104,2025-01-05,Electronics,215.61,9,28.46698346994742,Bronze,16.7,East,PayPal,True,1616.43
T000105,2025-02-10,Clothing,46.33,6,42.6175976110109,Silver,7.3,West,Credit Card,False,257.69
T000106,2025-01-28,Clothing,43.32,4,43.40400963757587,Silver,0.4,North,Credit Card,False,172.59
T000107,2025-05-15,Clothing,38.66,7,38.854441941694944,Silver,0.8,West,PayPal,False,268.46
T000108,2025-03-13,Home & Kitchen,82.37,5,30.47675010465292,Bronze,6.5,West,Credit Card,False,385.08
T000109,2025-01-12,Sports,64.79,4,44.72154383972134,Silver,10.2,West,Digital Wallet,True,232.73
T000110,2025-06-11,Home & Kitchen,81.33,6,50.40963036775469,Gold,6.7,North,Digital Wallet,False,455.29
T000111,2025-02-02,Home & Kitchen,80.66,5,47.44472674597157,Gold,8.3,North,Credit Card,False,369.83
T000112,2025-02-17,Electronics,222.86,5,33.44600802713916,Bronze,1.9,East,Digital Wallet,False,1093.13
T000113,2025-05-31,Clothing,42.04,5,40.10684816158687,Bronze,12.3,West,PayPal,True,184.35
T000114,2025-03-03,Electronics,221.07,1,18.0,Bronze,3.8,North,Digital Wallet,False,212.67
T000115,2025-02-06,Clothing,39.84,6,61.180146085319535,Platinum,4.3,East,PayPal,False,228.76
T000116,2025-04-09,Home & Kitchen,95.85,4,34.780487841638546,Bronze,1.8,North,Digital Wallet,False,376.5
T000117,2025-06-21,Electronics,233.38,3,35.75787663476112,Platinum,2.0,West,PayPal,False,686.14
T000118,2025-04-14,Clothing,44.7,6,26.225913760740795,Platinum,,West,Digital Wallet,False,
T000119,2025-02-04,Electronics,233.9,5,52.330937796154366,Gold,2.0,North,Digital Wallet,False,1146.11
T000120,2025-04-11,Beauty,25.29,6,54.33690858664903,Gold,13.3,North,PayPal,True,131.56
T000121,2025-06-24,Beauty,21.22,7,35.163494741459694,Platinum,10.1,South,Credit Card,True,133.54
T000122,2025-05-11,Home & Kitchen,100.78,4,28.346051916014467,Bronze,5.4,East,PayPal,False,381.35
T000123,2025-01-01,Beauty,7.82,4,42.245549365013325,Bronze,0.4,East,Cash,False,31.15
T000124,2025-01-05,Sports,55.83,2,38.047807541928755,Gold,5.2,West,Credit Card,False,105.85
T000125,2025-05-22,Home & Kitchen,45.99,8,50.93176372911643,Bronze,23.0,West,PayPal,True,283.3
T000126,2025-04-13,Electronics,245.16,2,40.42453780720626,Bronze,5.3,South,Digital Wallet,False,464.33
T000127,2025-01-27,Sports,45.87,6,39.569740955685546,Bronze,11.4,North,Digital Wallet,True,243.84
T000128,2025-05-17,Home & Kitchen,95.4,6,,Silver,9.3,South,PayPal,False,519.17
T000129,2025-01-15,Home & Kitchen,87.2,3,23.088096885413833,Bronze,8.3,East,Credit Card,False,239.89
T000130,2025-03-31,Sports,44.76,7,38.26477364273938,Bronze,7.2,East,Cash,False,290.76
T000131,2025-02-11,Clothing,45.94,6,44.30608813687049,Silver,1.2,North,Credit Card,False,272.33
T000132,2025-05-04,Home & Kitchen,73.56,4,36.86651192986234,Silver,14.6,North,Credit Card,True,251.28
T000133,2025-06-28,Beauty,25.32,7,45.36871394609654,Platinum,3.8,East,Credit Card,False,170.5
T000134,2025-03-04,Clothing,54.8,6,44.65924597605303,Bronze,11.5,East,Credit Card,True,290.99
T000135,2025-04-06,Home & Kitchen,56.65,4,52.54920006605654,Silver,2.2,East,PayPal,False,221.61
T000136,2025-02-21,Clothing,53.42,4,38.70776487630205,Bronze,10.1,North,Credit Card,True,192.1
T000137,2025-04-06,Home & Kitchen,76.12,3,18.0,Platinum,4.6,North,PayPal,False,217.86
T000138,2025-05-12,Sports,43.38,6,23.428857487893936,Bronze,2.8,North,Credit Card,False,252.99
T000139,2025-05-31,Electronics,264.04,4,47.56281971901746,Bronze,3.9,West,Credit Card,False,1014.97
T000140,2025-05-23,Home & Kitchen,98.42,2,44.17711643821845,Bronze,14.3,South,Credit Card,True,168.69
T000141,2025-06-20,Electronics,187.89,6,39.289577230103,Silver,1.9,South,Credit Card,False,1105.92
T000142,2025-01-29,Home & Kitchen,97.32,7,40.16048560117603,Silver,1.3,North,Credit Card,False,672.38
T000143,2025-02-05,Clothing,39.43,4,34.2235576208597,Gold,5.8,South,Credit Card,False,148.57
T000144,2025-01-13,Sports,68.05,3,34.26511016273189,Silver,2.6,South,Credit Card,False,198.84
T000145,2025-06-09,Electronics,240.21,8,35.435442696982555,Silver,1.3,West,PayPal,False,1896.7
T000146,2025-03-12,Home & Kitchen,76.28,5,38.649102294699574,Bronze,14.0,West,Digital Wallet,True,328.0
T000147,2025-03-27,Clothing,40.39,5,43.46429525269754,Silver,8.0,West,PayPal,False,185.79
T000148,2025-01-28,Sports,56.96,7,41.080726052059234,Silver,0.3,South,PayPal,False,397.52
T000149,2025-03-07,Beauty,30.74,7,38.06995708779513,Bronze,0.5,East,Credit Card,True,214.1
T000150,2025-06-19,Beauty,29.91,7,50.34847352606161,Gold,1.4,West,Credit Card,False,206.44
T000151,2025-02-14,Sports,53.79,3,52.42889408247483,Silver,1.7,North,Cash,False,158.63
T000152,2025-03-03,Sports,44.55,6,58.06456920143847,Gold,2.9,East,PayPal,True,259.55
T000153,2025-05-14,Electronics,279.0,5,39.73791024889184,Bronze,0.7,South,Credit Card,False,1385.24
T000154,2025-01-28,Clothing,49.57,8,35.75397650717353,Silver,2.6,South,Credit Card,False,386.25
T000155,2025-01-28,Clothing,42.98,7,41.23626238222521,Bronze,2.1,South,Credit Card,False,294.54
T000156,2025-04-18,Sports,39.63,6,35.41711695689688,Bronze,1.6,East,Credit Card,False,233.98
T000157,2025-02-13,Beauty,24.37,6,41.80966551099764,Gold,11.9,South,Credit Card,True,128.82
T000158,2025-03-25,Electronics,286.79,2,46.88423225738132,Silver,4.9,South,Credit Card,True,545.47
T000159,2025-01-30,Beauty,22.98,8,43.27797228285285,Silver,5.2,East,Credit Card,False,174.28
T000160,2025-03-16,Home & Kitchen,83.25,2,,Platinum,3.4,South,Cash,False,160.84
T000161,2025-05-08,Home & Kitchen,86.55,3,49.66385544714676,Silver,7.8,North,Credit Card,False,239.4
T000162,2025-04-02,Electronics,228.69,1,,Gold,12.7,South,Cash,True,199.65
T000163,2025-05-09,Electronics,254.75,6,33.507916364166036,Bronze,6.6,North,Cash,False,1427.62
T000164,2025-05-01,Home & Kitchen,204.24,2,46.011666621463256,Bronze,6.3,North,Credit Card,False,382.75
T000165,2025-01-27,Home & Kitchen,49.08,8,39.71233509157696,Bronze,10.4,West,PayPal,True,351.81
T000166,2025-05-01,Electronics,181.7,5,31.87303974760788,Gold,11.1,East,Credit Card,True,807.66
T000167,2025-04-26,Home & Kitchen,85.08,3,33.364838692643225,Silver,10.2,South,Credit Card,True,229.21
T000168,2025-01-03,Sports,51.74,2,37.12266551689172,Bronze,2.7,West,PayPal,False,100.69
T000169,2025-04-13,Sports,47.72,6,60.87902496136043,Gold,5.6,South,Cash,False,270.29
T000170,2025-06-04,Beauty,30.03,7,53.4377841823585,Silver,15.6,North,Digital Wallet,True,177.42
T000171,2025-05-17,Clothing,36.77,7,31.28089084433647,Platinum,10.3,South,PayPal,True,230.88
T000172,2025-03-03,Clothing,40.79,5,48.534939361027014,Silver,8.7,West,PayPal,False,186.21
T000173,2025-06-14,Home & Kitchen,88.12,4,30.350429756734584,Platinum,5.4,East,PayPal,False,333.45
T000174,2025-02-20,Clothing,25.21,8,34.48427303677603,Bronze,6.2,East,Credit Card,True,189.18
T000175,2025-06-21,Electronics,183.32,6,57.75590065168785,Bronze,22.4,North,Credit Card,True,853.54
T000176,2025-06-01,Clothing,42.16,4,65.80110191319554,Silver,13.0,North,Credit Card,True,146.72
T000177,2025-02-28,Clothing,58.43,3,19.277223635729335,Gold,1.8,East,Credit Card,False,172.13
T000178,2025-04-28,Clothing,50.94,6,42.36917338243206,Silver,2.6,South,Cash,False,297.69
T000179,2025-06-09,Clothing,49.02,6,46.89158047020947,Gold,10.8,North,Credit Card,True,262.36
T000180,2025-04-06,Clothing,53.92,2,38.7054278584907,Bronze,14.5,West,Credit Card,True,92.2
T000181,2025-06-29,Electronics,229.64,4,43.687344027571456,Silver,14.3,North,Digital Wallet,True,787.21
T000182,2025-04-23,Home & Kitchen,95.82,5,37.132695189581405,Silver,3.5,North,Credit Card,False,462.33
T000183,2025-03-03,Home & Kitchen,71.36,4,49.52880472202208,Silver,15.8,North,Digital Wallet,True,240.34
T000184,2025-02-21,Home & Kitchen,85.0,3,37.89910635897624,Silver,6.0,South,Credit Card,False,239.7
T000185,2025-01-12,Electronics,198.63,3,48.711556897668245,Silver,9.7,South,PayPal,False,538.09
T000186,2025-02-08,Clothing,57.92,3,53.82488254121349,Gold,9.1,South,Credit Card,False,157.95
T000187,2025-05-10,Home & Kitchen,74.52,3,52.13858248516319,Silver,6.4,West,Credit Card,True,209.25
T000188,2025-05-11,Home & Kitchen,68.62,5,39.7920942817086,Bronze,2.7,North,Cash,False,333.84
T000189,2025-04-23,Clothing,50.16,4,18.0,Bronze,4.6,East,PayPal,False,191.41
T000190,2025-04-11,Clothing,40.48,7,47.87844095483554,Silver,12.5,South,Digital Wallet,True,247.94
T000191,2025-04-23,Beauty,25.78,4,24.651967338898608,Bronze,8.1,South,Cash,False,94.77
T000192,2025-03-22,Clothing,31.13,7,47.548107177707564,Silver,6.3,West,PayPal,False,204.18
T000193,2025-04-23,Clothing,48.96,4,46.5923206042265,Bronze,9.3,East,Credit Card,False,177.63
T000194,2025-01-02,Home & Kitchen,85.14,5,39.51256823577832,Bronze,7.5,East,PayPal,False,393.77
T000195,2025-05-10,Clothing,39.29,4,42.80186457090324,Bronze,13.0,North,PayPal,True,136.73
T000196,2025-02-23,Clothing,34.75,5,59.45754008332058,Gold,0.9,North,PayPal,False,172.19
T000197,2025-03-28,Clothing,57.58,8,57.5451335066384,Platinum,2.0,North,Credit Card,False,451.43
T000198,2025-05-09,Sports,68.76,3,37.78316708618739,Gold,10.8,East,Credit Card,True,184.0
T000199,2025-05-27,Clothing,46.31,7,19.324300232081907,Platinum,5.2,North,Digital Wallet,True,307.31
T000200,2025-05-06,Electronics,319.86,4,60.85134365661453,Bronze,4.0,South,Credit Card,False,1228.26
T000201,2025-05-10,Clothing,62.29,3,23.063954876749555,Bronze,3.8,South,Credit Card,True,179.77
T000202,2025-02-22,Sports,60.86,3,43.0944599302972,Silver,9.3,West,PayPal,False,165.6
T000203,2025-06-21,Electronics,212.83,3,41.1192000138999,Silver,3.9,South,Digital Wallet,False,613.59
T000204,2025-06-09,Beauty,26.84,6,47.224218344898645,Bronze,5.1,West,Credit Card,False,152.83
T000205,2025-06-09,Clothing,35.99,6,57.5916818241878,Gold,5.7,East,Cash,False,203.63
T000206,2025-03-09,Beauty,38.83,4,42.72725309168717,Silver,4.3,South,Credit Card,False,148.64
T000207,2025-05-03,Beauty,28.52,7,35.94326541916554,Platinum,5.6,East,Credit Card,False,188.46
T000208,2025-05-25,Clothing,58.65,5,45.41571732695894,Gold,22.4,North,Digital Wallet,True,227.56
T000209,2025-02-07,Electronics,292.32,5,25.64374716581044,Bronze,3.0,West,Digital Wallet,False,1417.75
T000210,2025-01-24,Electronics,275.46,4,33.791460860904586,Bronze,9.7,East,Credit Card,False,994.96
T000211,2025-03-10,Electronics,355.9,2,39.46101838708873,Silver,7.9,South,Digital Wallet,False,655.57
T000212,2025-04-26,Home & Kitchen,70.16,8,48.516954272824876,Bronze,7.3,West,PayPal,False,520.31
T000213,2025-04-08,Clothing,37.93,5,58.63652704744038,Bronze,3.4,South,Credit Card,True,183.2
T000214,2025-05-19,Clothing,47.19,6,54.97533481975715,Platinum,5.6,South,PayPal,False,267.28
T000215,2025-05-24,Clothing,54.03,3,53.04762563921395,Gold,4.6,South,Digital Wallet,False,154.63
T000216,2025-04-07,Beauty,17.91,6,55.105224156809975,Gold,1.7,West,PayPal,False,105.63
T000217,2025-05-04,Electronics,291.43,3,49.069600219440204,Gold,20.3,West,Digital Wallet,True,696.81
T000218,2025-03-11,Electronics,195.58,6,42.930237104658104,Bronze,2.3,West,PayPal,False,1146.49
T000219,2025-04-03,Electronics,130.54,2,29.998863773816485,Silver,13.3,South,Credit Card,True,226.36
T000220,2025-01-03,Beauty,34.72,6,42.381673539590516,Silver,7.3,South,Cash,False,193.11
T000221,2025-05-28,Home & Kitchen,112.61,3,22.290168600660632,Silver,8.9,North,PayPal,False,307.76
T000222,2025-06-13,Clothing,40.2,6,35.73525095070913,Bronze,7.0,North,PayPal,False,224.32
T000223,2025-05-27,Electronics,278.83,2,42.778447667938046,Gold,7.1,North,Digital Wallet,False,518.07
T000224,2025-03-31,Clothing,57.02,3,42.71605874534137,Gold,1.9,West,PayPal,False,167.81
T000225,2025-05-27,Electronics,301.19,3,34.44897697675227,Silver,8.9,South,Cash,False,823.15
T000226,2025-05-28,Beauty,33.83,6,21.314653821337664,Bronze,7.5,North,Digital Wallet,False,187.76
T000227,2025-04-06,Sports,70.31,4,35.26918069272903,Platinum,0.9,South,Credit Card,False,278.71
T000228,2025-02-21,Clothing,45.31,5,38.93863468920493,Bronze,4.4,West,Credit Card,False,216.58
T000229,2025-06-10,Sports,59.05,4,44.2707226429344,Bronze,0.5,East,Credit Card,True,235.02
T000230,2025-06-17,Electronics,171.94,3,50.30606863927056,Bronze,3.0,West,Credit Card,False,500.35
T000231,2025-05-08,Home & Kitchen,101.38,2,38.306271296208095,Silver,3.9,West,PayPal,False,194.85
T000232,2025-02-08,Sports,34.38,7,37.38257151148532,Gold,16.5,South,Digital Wallet,True,200.95
T000233,2025-03-23,Clothing,28.47,6,34.32227200062442,Silver,4.8,North,Credit Card,False,162.62
T000234,2025-04-14,Sports,36.11,4,41.15620858374368,Silver,0.3,East,PayPal,False,144.01
T000235,2025-05-09,Clothing,72.85,7,53.21239145802323,Platinum,4.7,South,Digital Wallet,False,485.98
T000236,2025-01-11,Clothing,28.75,3,29.433950370013072,Bronze,5.6,West,Digital Wallet,False,81.42
T000237,2025-06-27,Electronics,239.59,4,18.45554377434704,Platinum,11.4,South,Credit Card,True,849.11
T000238,2025-05-31,Clothing,49.17,6,44.51044487913853,Platinum,2.4,South,Credit Card,False,287.94
T000239,2025-06-08,Home & Kitchen,88.33,5,56.10871110568519,Silver,7.1,East,PayPal,False,410.29
T000240,2025-02-11,Beauty,28.99,6,45.6736696947975,Bronze,0.5,North,Digital Wallet,False,173.07
T000241,2025-04-09,Home & Kitchen,90.05,6,30.10287059786948,Bronze,18.8,North,Credit Card,True,438.72
T000242,2025-01-07,Sports,56.26,7,,Silver,12.9,West,PayPal,True,343.02
T000243,2025-05-24,Sports,46.62,6,42.666497617521024,Gold,15.8,West,PayPal,True,235.52
T000244,2025-03-31,Electronics,278.03,6,50.58893759957349,Bronze,9.8,North,Digital Wallet,False,1504.7
T000245,2025-04-22,Clothing,43.27,5,31.585603056402213,Bronze,1.4,West,PayPal,False,213.32
T000246,2025-03-01,Electronics,280.59,6,60.88289506437156,Gold,4.8,North,PayPal,False,1602.73
T000247,2025-04-23,Home & Kitchen,64.34,4,37.04507635987661,Silver,7.7,South,Credit Card,False,237.54
T000248,2025-01-02,Beauty,30.22,5,34.08799253151527,Silver,1.8,East,PayPal,False,148.38
T000249,2025-05-09,Electronics,259.6,4,45.45818271696239,Silver,8.9,East,Credit Card,True,945.98
T000250,2025-02-17,Home & Kitchen,108.86,2,25.27446797500309,Bronze,5.0,South,Credit Card,False,206.83
T000251,2025-05-20,Home & Kitchen,96.38,1,66.68763901424222,Gold,5.9,West,PayPal,False,90.69
T000252,2025-02-06,Home & Kitchen,93.69,2,47.59144885095503,Silver,4.0,South,Cash,False,179.88
T000253,2025-06-09,Clothing,59.91,6,38.660569859457624,Silver,12.4,South,Credit Card,True,314.89
T000254,2025-01-09,Clothing,41.24,4,30.17545716523498,Bronze,12.9,North,Credit Card,True,143.68
T000255,2025-04-09,Electronics,230.84,6,39.733665404361446,Silver,2.3,East,Credit Card,False,1353.18
T000256,2025-05-27,Electronics,245.01,3,53.66417456449392,Gold,14.6,North,Cash,True,627.72
T000257,2025-02-17,Electronics,293.2,1,37.40967917184057,Bronze,2.5,North,Cash,False,285.87
T000258,2025-05-11,Home & Kitchen,78.35,6,32.939942528018236,Gold,4.8,South,Digital Wallet,False,447.54
T000259,2025-05-28,Electronics,4911.247676786609,2,50.451644409444974,Bronze,1.2,North,Digital Wallet,False,9704.63
T000260,2025-06-01,Sports,72.08,2,29.406882969888965,Bronze,4.7,North,Credit Card,True,137.38
T000261,2025-02-23,Clothing,40.28,6,44.80803676827188,Silver,1.0,West,Credit Card,False,239.26
T000262,2025-04-30,Home & Kitchen,62.45,9,46.94317222415366,Bronze,2.7,West,Digital Wallet,False,546.87
T000263,2025-06-10,Clothing,42.39,3,46.607414763268174,Bronze,8.8,West,Credit Card,True,115.98
T000264,2025-06-01,Home & Kitchen,34.96,10,47.176940322115506,Silver,13.1,West,Credit Card,True,303.8
T000265,2025-04-26,Beauty,26.29,8,30.593448526971976,Silver,2.6,North,Credit Card,False,204.85
T000266,2025-03-16,Electronics,285.81,3,39.74695253774233,Silver,1.3,North,Credit Card,False,846.28
T000267,2025-04-23,Clothing,26.67,5,38.98106816891824,Bronze,13.2,East,Credit Card,True,115.75
T000268,2025-06-13,Sports,69.31,2,43.65014262702309,Bronze,5.6,West,Credit Card,False,130.86
T000269,2025-06-15,Electronics,220.18,3,20.409225109762097,Bronze,3.9,North,PayPal,False,634.78
T000270,2025-04-14,Electronics,177.28,6,25.210569816265448,Silver,15.5,South,Cash,True,898.81
T000271,2025-03-25,Clothing,50.65,3,67.92519660162034,Gold,4.8,West,PayPal,False,144.66
T000272,2025-04-22,Electronics,331.0,4,50.70582380506391,Gold,11.2,South,Cash,True,1175.71
T000273,2025-04-09,Home & Kitchen,83.68,5,39.44603466296151,Silver,3.5,South,Credit Card,False,403.76
T000274,2025-06-02,Electronics,168.14,3,42.91181923294472,Platinum,5.0,East,PayPal,False,479.2
T000275,2025-04-03,Sports,60.84,1,66.21618062486755,Bronze,7.7,South,Cash,False,56.16
T000276,2025-05-26,Sports,38.33,6,19.511519185793716,Bronze,18.4,East,Credit Card,True,187.66
T000277,2025-05-08,Home & Kitchen,70.95,5,43.36823395834499,Silver,1.1,North,Cash,False,350.85
T000278,2025-04-20,Home & Kitchen,98.95,2,37.90162218194704,Silver,4.8,North,Digital Wallet,False,188.4
T000279,2025-03-23,Sports,50.47,5,56.91131317226768,Bronze,3.0,South,Credit Card,True,244.78
T000280,2025-02-23,Electronics,254.22,4,48.88582750682447,Silver,2.2,West,Credit Card,False,994.51
T000281,2025-06-12,Sports,58.01,3,67.96961095772716,Bronze,6.9,South,PayPal,False,162.02
T000282,2025-06-18,Sports,25.43,8,51.77127643561536,Gold,12.7,West,Cash,True,177.6
T000283,2025-06-10,Home & Kitchen,70.38,6,36.69167651530986,Bronze,5.4,West,Credit Card,False,399.48
T000284,2025-03-09,Home & Kitchen,88.7,2,39.17543232181622,Platinum,14.9,West,PayPal,True,150.97
T000285,2025-02-02,Electronics,180.48,1,50.218133756956334,Bronze,12.6,South,Digital Wallet,True,157.74
T000286,2025-05-22,Clothing,54.3,4,59.43389653851983,Platinum,10.7,South,Credit Card,True,193.96
T000287,2025-01-21,Sports,42.84,5,33.49867746895243,Bronze,4.4,East,PayPal,False,204.78
T000288,2025-02-17,Electronics,211.34,7,45.071893023664096,Gold,0.6,North,PayPal,False,1470.5
T000289,2025-05-28,Sports,52.85,5,18.487335912699752,Silver,15.2,South,Digital Wallet,True,224.08
T000290,2025-05-08,Electronics,275.45,4,38.48296018303875,Bronze,4.7,West,Credit Card,False,1050.02
T000291,2025-05-16,Electronics,263.79,3,62.70719229124916,Bronze,3.2,North,Digital Wallet,False,766.05
T000292,2025-05-15,Electronics,161.89,3,60.22568663890263,Gold,4.4,West,PayPal,False,464.3
T000293,2025-05-25,Electronics,228.34,7,50.99177622177881,Silver,12.8,East,Cash,True,1393.79
T000294,2025-05-08,Clothing,30.17,4,63.34964393961696,Platinum,13.9,East,Credit Card,True,103.91
T000295,2025-02-02,Electronics,318.56,3,38.86073616360524,Bronze,3.4,East,Credit Card,False,923.19
T000296,2025-06-25,Beauty,39.89,8,41.215193084200024,Bronze,2.6,East,Credit Card,False,310.82
T000297,2025-04-25,Home & Kitchen,73.67,1,38.643992391955955,Bronze,4.2,East,PayPal,False,70.58
T000298,2025-04-29,Electronics,229.37,5,49.854712088009535,Bronze,8.9,East,Digital Wallet,False,1044.78
T000299,2025-01-22,Home & Kitchen,78.15,3,70.0,Gold,4.2,South,Credit Card,False,224.6
T000300,2025-06-07,Sports,68.96,7,46.400142733982676,Silver,2.1,West,Credit Card,False,472.58
T000301,2025-02-07,Home & Kitchen,56.77,1,28.3076089404465,Silver,7.8,North,Credit Card,False,52.34
T000302,2025-04-19,Electronics,245.3,3,28.763164783195325,Silver,7.0,East,PayPal,True,684.39
T000303,2025-02-20,Sports,55.21,3,31.546678219591413,Bronze,1.5,South,Cash,False,163.15
T000304,2025-01-08,Sports,41.71,6,,Gold,14.3,East,PayPal,True,214.47
T000305,2025-01-27,Electronics,122.74,4,31.191770390470225,Bronze,5.7,North,Digital Wallet,False,462.98
T000306,2025-01-27,Electronics,266.25,7,44.62795352296401,Bronze,2.6,South,Digital Wallet,False,1815.29
T000307,2025-01-21,Home & Kitchen,76.93,4,24.88105814093698,Bronze,3.3,West,Credit Card,False,297.57
T000308,2025-01-30,Electronics,282.89,1,47.87942751318612,Gold,20.6,East,Cash,True,224.61
T000309,2025-04-07,Sports,68.79,4,53.85547010080866,Gold,5.4,South,Credit Card,False,260.3
T000310,2025-01-28,Clothing,60.36,3,34.547508777223015,Silver,11.4,North,Credit Card,True,160.44
T000311,2025-04-21,Beauty,34.63,6,46.13678391644123,Silver,1.0,South,PayPal,False,205.7
T000312,2025-03-02,Home & Kitchen,69.23,4,49.98693070136837,Silver,8.3,West,Cash,False,253.94
T000313,2025-02-17,Electronics,172.68,4,52.54011240346514,Silver,6.7,South,Credit Card,False,644.44
T000314,2025-05-27,Electronics,210.17,4,43.322405865177515,Bronze,9.5,East,Digital Wallet,False,760.82
T000315,2025-01-04,Home & Kitchen,136.89,3,30.62696284798954,Bronze,3.5,East,PayPal,True,396.3
T000316,2025-02-04,Sports,57.72,3,43.2932265491473,Silver,1.5,South,Credit Card,False,170.56
T000317,2025-02-18,Sports,46.48,4,40.121468917009224,Silver,6.9,North,PayPal,True,173.09
T000318,2025-01-17,Clothing,51.49,4,43.67813481144519,Bronze,2.0,North,Cash,True,201.84
T000319,2025-06-21,Electronics,268.84,4,30.102378145093525,Bronze,7.6,North,Credit Card,False,993.63
T000320,2025-06-07,Electronics,197.91,1,23.784479921619166,Bronze,2.3,North,Credit Card,False,193.36
T000321,2025-02-15,Home & Kitchen,76.17,4,18.0,Bronze,2.3,North,PayPal,False,297.67
T000322,2025-04-27,Electronics,247.89,2,20.952300696668118,Silver,4.6,West,Credit Card,False,472.97
T000323,2025-01-06,Clothing,41.43,6,20.131032929307974,Silver,11.1,North,Digital Wallet,True,220.99
T000324,2025-04-09,Home & Kitchen,71.3,3,54.29552174886521,Gold,9.6,West,Cash,False,193.37
T000325,2025-05-04,Beauty,31.54,7,45.013530718546406,Bronze,11.5,East,PayPal,True,195.39
T000326,2025-02-06,Clothing,29.48,5,42.478564099556486,Gold,5.5,South,Digital Wallet,False,139.29
T000327,2025-01-24,Electronics,282.42,8,37.88673372288696,Gold,2.6,North,Credit Card,False,2200.62
T000328,2025-04-03,Home & Kitchen,85.97,7,19.03978255983772,Bronze,3.6,North,Credit Card,False,580.13
T000329,2025-02-15,Home & Kitchen,68.69,7,46.620068143549204,Silver,6.7,West,PayPal,False,448.61
T000330,2025-04-05,Clothing,56.45,3,44.71678082743146,Platinum,0.8,East,PayPal,False,168.0
T000331,2025-04-09,Beauty,34.97,5,42.549831127986856,Silver,6.1,North,Credit Card,False,164.18
T000332,2025-04-26,Sports,46.79,5,32.783209847170376,Platinum,8.6,East,Credit Card,True,213.83
T000333,2025-06-09,Electronics,277.18,1,33.69413631731322,Bronze,7.0,North,Digital Wallet,False,257.78
T000334,2025-06-10,Electronics,217.09,4,48.277420775593974,Silver,5.3,East,Credit Card,True,822.34
T000335,2025-03-08,Clothing,44.16,6,32.79063448875652,Bronze,5.5,West,Credit Card,False,250.39
T000336,2025-05-08,Sports,57.57,3,54.754725222393986,Silver,6.6,West,Credit Card,False,161.31
T000337,2025-01-18,Electronics,211.35,5,61.19431574893784,Platinum,0.7,West,PayPal,False,1049.35
T000338,2025-01-25,Home & Kitchen,91.62,2,55.42659685843265,Silver,1.0,East,Credit Card,False,181.41
T000339,2025-02-23,Home & Kitchen,80.59,4,43.1433260230873,Bronze,15.8,North,Credit Card,True,271.43
T000340,2025-02-27,Electronics,256.09,4,40.88388216426089,Silver,14.8,West,Digital Wallet,True,872.75
T000341,2025-03-08,Home & Kitchen,80.53,6,43.180179465502185,Platinum,1.7,South,Cash,False,474.97
T000342,2025-04-14,Beauty,35.87,7,50.15313383458955,Bronze,5.5,West,Credit Card,False,237.28
T000343,2025-06-23,Electronics,311.11,5,59.459012244520885,Silver,11.9,East,Credit Card,True,1370.44
T000344,2025-01-24,Clothing,59.46,4,48.638514206315804,Silver,6.8,North,Digital Wallet,True,221.67
T000345,2025-04-24,Clothing,67.22,3,21.61173131495754,Silver,5.1,North,Digital Wallet,False,191.38
T000346,2025-02-01,Sports,42.94,7,30.868996621365202,Bronze,1.9,East,PayPal,False,294.87
T000347,2025-06-24,Beauty,29.59,8,,Bronze,5.1,East,Credit Card,False,224.65
T000348,2025-03-27,Clothing,45.17,6,53.83381783471576,Silver,11.6,West,Credit Card,True,239.58
T000349,2025-05-31,Sports,46.03,5,69.4996124318603,Silver,4.2,North,PayPal,False,220.48
T000350,2025-05-07,Clothing,33.89,4,42.866002880285855,Bronze,5.9,West,PayPal,False,127.56
T000351,2025-06-04,Clothing,44.65,5,50.016454606936136,Platinum,7.8,South,PayPal,False,205.84
T000352,2025-05-10,Clothing,59.31,3,23.42855534874191,Silver,2.8,East,Credit Card,False,172.95
T000353,2025-01-17,Electronics,207.72,1,33.5575032538943,Platinum,10.2,East,Credit Card,True,186.53
T000354,2025-04-14,Clothing,33.45,9,46.265545228414204,Bronze,2.0,South,Credit Card,False,295.03
T000355,2025-06-10,Home & Kitchen,83.34,3,18.0,Bronze,3.7,North,Digital Wallet,False,240.77
T000356,2025-05-17,Electronics,291.33,4,44.955632081628295,Bronze,18.9,North,Digital Wallet,True,945.07
T000357,2025-02-12,Beauty,29.09,6,37.453929651158276,Bronze,1.4,North,Digital Wallet,False,172.1
T000358,2025-06-25,Electronics,273.6,2,42.54470262029023,Platinum,7.4,East,PayPal,False,506.71
T000359,2025-02-08,Electronics,264.79,2,33.42074331499061,Platinum,4.7,East,Digital Wallet,True,504.69
T000360,2025-06-19,Clothing,44.99,4,48.278785740135106,Gold,1.3,East,Digital Wallet,False,177.62
T000361,2025-01-26,Home & Kitchen,61.35,2,54.700952859507595,Silver,6.8,West,Credit Card,False,114.36
T000362,2025-04-09,Electronics,174.45,2,50.94814456202239,Gold,7.8,South,Credit Card,False,321.69
T000363,2025-02-19,Clothing,41.87,10,50.584103684311295,Gold,6.3,West,Cash,False,392.32
T000364,2025-06-02,Beauty,24.24,8,48.829710959485155,Gold,5.4,East,Cash,False,183.45
T000365,2025-06-01,Clothing,60.01,4,41.79250374686893,Silver,6.4,West,Digital Wallet,True,224.68
T000366,2025-01-13,Clothing,51.93,5,36.74433778637342,Bronze,14.9,East,Credit Card,True,220.96
T000367,2025-03-01,Sports,54.19,2,53.08657209458408,Bronze,3.6,North,Credit Card,False,104.48
T000368,2025-05-15,Electronics,300.93,3,31.3832423863401,Gold,15.5,East,Credit Card,True,762.86
T000369,2025-02-26,Clothing,53.48,4,48.00908350707103,Silver,5.1,South,Credit Card,False,203.01
T000370,2025-02-05,Clothing,47.33,7,47.68906551414111,Silver,3.6,North,Credit Card,False,319.38
T000371,2025-06-22,Clothing,57.04,1,29.40086871075365,Platinum,1.0,North,Credit Card,False,56.47
T000372,2025-01-20,Clothing,26.52,6,30.670687411869444,Silver,2.6,West,Digital Wallet,False,154.98
T000373,2025-03-06,Electronics,302.35,4,48.12410854227727,Bronze,6.9,South,Credit Card,False,1125.95
T000374,2025-01-08,Clothing,35.62,4,44.53062381416452,Bronze,11.0,South,Credit Card,True,126.81
T000375,2025-05-24,Electronics,278.35,3,46.312297659423066,Bronze,11.7,North,Digital Wallet,True,737.35
T000376,2025-05-22,Sports,46.5,9,39.41855565149459,Bronze,3.2,North,Credit Card,False,405.11
T000377,2025-04-25,Clothing,61.16,2,60.38727288360789,Bronze,12.8,West,PayPal,True,106.66
T000378,2025-05-23,Clothing,48.61,6,49.067914489753,Bronze,23.5,South,Digital Wallet,True,223.12
T000379,2025-04-02,Sports,60.98,5,58.13639437768359,Bronze,13.4,South,PayPal,True,264.04
T000380,2025-04-08,Home & Kitchen,88.52,4,38.839164370514894,Bronze,1.6,North,Credit Card,False,348.41
T000381,2025-03-07,Electronics,352.46,5,53.9839955885912,Bronze,4.9,North,Digital Wallet,False,1675.95
T000382,2025-02-01,Beauty,24.74,4,38.2162223790004,Platinum,1.4,North,Credit Card,False,97.57
T000383,2025-03-27,Electronics,248.08,2,38.04967841883342,Platinum,5.9,North,Credit Card,False,466.89
T000384,2025-02-20,Electronics,326.57,4,27.32517660377251,Silver,11.6,South,Digital Wallet,True,1154.75
T000385,2025-06-02,Sports,49.45,8,47.45867812043725,Gold,11.1,North,Credit Card,True,351.69
T000386,2025-03-04,Clothing,46.15,9,29.715902574918708,Silver,9.1,West,Credit Card,False,377.55
T000387,2025-05-05,Clothing,33.93,5,34.60033629026249,Gold,0.6,East,PayPal,False,168.63
T000388,2025-05-30,Electronics,313.01,5,25.755163801657964,Silver,13.3,West,Credit Card,True,1356.9
T000389,2025-02-27,Clothing,40.51,5,19.239631645096445,Bronze,7.3,South,Cash,False,187.76
T000390,2025-02-27,Clothing,47.43,5,,Gold,2.6,North,Credit Card,True,230.98
T000391,2025-03-27,Beauty,31.41,4,33.43465481844708,Silver,5.4,East,PayPal,False,118.86
T000392,2025-02-18,Electronics,328.28,4,45.963759239915575,Bronze,11.1,North,PayPal,True,1167.36
T000393,2025-06-29,Sports,41.82,11,41.38381001191032,Silver,2.6,North,PayPal,False,448.06
T000394,2025-06-19,Home & Kitchen,216.55,7,54.54207684788472,Platinum,7.5,East,PayPal,False,1402.16
T000395,2025-03-11,Sports,52.12,3,65.1160865078595,Silver,4.7,West,Credit Card,False,149.01
T000396,2025-01-15,Home & Kitchen,78.09,3,55.78189031156208,Gold,4.7,North,Credit Card,False,223.26
T000397,2025-02-23,Home & Kitchen,76.01,2,42.36047908223013,Silver,4.5,West,PayPal,False,145.18
T000398,2025-04-11,Clothing,46.01,5,50.07479428276385,Platinum,5.2,South,PayPal,False,218.09
T000399,2025-01-08,Electronics,263.92,3,57.756876784926625,Gold,11.6,South,Cash,True,699.92
T000400,2025-02-22,Electronics,289.05,6,35.96210195981363,Silver,6.9,West,Cash,False,1614.63
T000401,2025-03-01,Sports,60.71,3,52.7407981689924,Gold,12.3,East,Cash,True,159.73
T000402,2025-04-18,Sports,40.88,9,57.67646410208641,Bronze,4.2,West,Credit Card,False,352.47
T000403,2025-01-05,Clothing,53.79,3,42.98829440322973,Bronze,8.6,West,Credit Card,False,147.49
T000404,2025-04-13,Electronics,352.82,4,47.624059424744516,Silver,15.2,East,Cash,True,1196.77
T000405,2025-01-06,Clothing,43.08,8,66.54949323486775,Gold,5.4,East,Credit Card,False,326.03
T000406,2025-04-19,Home & Kitchen,89.93,7,34.499626428151224,Bronze,20.6,East,Credit Card,True,499.83
T000407,2025-04-26,Clothing,49.6,5,38.7700352669798,Bronze,13.0,South,PayPal,True,215.76
T000408,2025-04-04,Sports,37.5,5,48.671685698101456,Gold,20.9,North,Digital Wallet,True,148.31
T000409,2025-02-16,Beauty,29.13,6,31.367191901996737,Silver,16.8,North,Credit Card,True,145.42
T000410,2025-04-09,Electronics,191.69,4,41.11723117128286,Bronze,2.4,South,PayPal,False,748.36
T000411,2025-02-24,Clothing,45.32,5,27.37383964947021,Bronze,8.1,East,Credit Card,False,208.25
T000412,2025-06-17,Clothing,43.46,4,19.28430002365188,Bronze,8.1,North,Credit Card,False,159.76
T000413,2025-02-21,Clothing,48.53,5,44.88407749570771,Gold,3.9,North,PayPal,False,233.19
T000414,2025-05-24,Electronics,226.62,5,26.000952741003317,Platinum,2.6,North,PayPal,False,1103.64
T000415,2025-01-13,Electronics,151.24,2,30.940987838049267,Bronze,5.9,North,PayPal,False,284.63
T000416,2025-04-24,Sports,45.7,6,54.28623220124601,Gold,13.1,East,Credit Card,True,238.28
T000417,2025-05-04,Clothing,40.13,9,44.03739721191925,Silver,2.1,North,Credit Card,False,353.59
T000418,2025-04-16,Clothing,53.12,6,41.5564235001611,Silver,6.4,North,Digital Wallet,True,298.32
T000419,2025-06-07,Beauty,26.2,10,37.53409523959024,Platinum,4.9,North,PayPal,False,249.16
T000420,2025-05-27,Sports,76.77,7,60.46450397704933,Silver,5.9,West,PayPal,False,505.68
T000421,2025-05-25,Electronics,293.95,4,68.86138151703881,Bronze,5.1,North,Credit Card,True,1115.83
T000422,2025-04-30,Home & Kitchen,64.26,5,49.27829943340979,Gold,1.0,South,Digital Wallet,False,318.09
T000423,2025-03-04,Clothing,40.52,4,18.0,Bronze,,East,Credit Card,False,
T000424,2025-01-19,Sports,65.01,3,41.585567292508735,Gold,21.3,North,Credit Card,True,153.49
T000425,2025-04-02,Home & Kitchen,71.82,3,29.321619117889036,Bronze,6.6,West,PayPal,False,201.24
T000426,2025-02-27,Home & Kitchen,65.28,8,36.61293351139529,Bronze,3.3,North,PayPal,True,505.01
T000427,2025-03-31,Clothing,38.46,10,47.77295424033629,Bronze,17.2,West,Credit Card,True,318.45
T000428,2025-04-27,Sports,53.04,3,43.26891763611811,Bronze,,South,Cash,False,
T000429,2025-03-03,Electronics,865.82,4,25.5562709997843,Silver,2.7,South,Credit Card,False,3369.77
T000430,2025-01-23,Electronics,273.5,5,33.69318278005394,Bronze,6.0,South,Credit Card,False,1285.45
T000431,2025-05-07,Clothing,46.23,8,55.77755814207929,Gold,8.1,West,PayPal,False,339.88
T000432,2025-05-17,Electronics,108.64,3,61.07220679132642,Bronze,3.9,East,Credit Card,False,313.21
T000433,2025-05-20,Electronics,208.37,3,58.37994609015885,Platinum,5.9,West,Credit Card,False,588.23
T000434,2025-05-09,Sports,60.83,1,25.78758874408149,Gold,3.6,North,Credit Card,False,58.64
T000435,2025-02-27,Beauty,21.82,6,37.77762055704119,Silver,7.7,West,PayPal,False,120.84
T000436,2025-05-02,Clothing,48.55,6,33.26907139291849,Platinum,,North,Cash,False,
T000437,2025-01-01,Clothing,37.83,6,49.99981049538437,Bronze,2.8,South,Credit Card,False,220.62
T000438,2025-02-03,Clothing,47.05,8,38.46720885577298,Bronze,6.7,North,PayPal,False,351.18
T000439,2025-04-06,Clothing,50.67,5,29.8292233452562,Bronze,16.0,West,Digital Wallet,True,212.81
T000440,2025-05-06,Electronics,253.18,4,59.75220207927336,Silver,5.2,East,Credit Card,False,960.06
T000441,2025-04-28,Beauty,30.57,6,35.06192918228214,Bronze,10.0,North,Cash,True,165.08
T000442,2025-02-17,Electronics,225.08,5,54.13350794853223,Platinum,6.7,South,Credit Card,False,1050.0
T000443,2025-03-30,Clothing,41.11,7,34.678029606463895,Gold,5.6,South,PayPal,False,271.65
T000444,2025-04-27,Electronics,210.38,3,51.44670814659851,Gold,1.6,North,Digital Wallet,False,621.04
T000445,2025-05-09,Sports,62.77,4,38.11778951102096,Silver,2.2,South,Digital Wallet,False,245.56
T000446,2025-01-16,Home & Kitchen,59.59,7,29.524519979963948,Bronze,2.3,North,Digital Wallet,True,407.54
T000447,2025-03-10,Beauty,29.62,6,55.81984713006324,Silver,13.7,West,Credit Card,True,153.37
T000448,2025-01-22,Sports,36.49,4,33.510141871429525,Silver,1.7,West,Credit Card,False,143.48
T000449,2025-04-03,Clothing,37.09,6,43.31480064534922,Silver,3.2,North,Digital Wallet,False,215.42
T000450,2025-03-17,Electronics,180.72,4,26.40829586261361,Silver,8.1,West,PayPal,False,664.33
T000451,2025-06-03,Home & Kitchen,72.6,3,25.462591262967724,Bronze,12.2,East,Credit Card,True,191.23
T000452,2025-05-24,Clothing,35.43,7,60.4612179772851,Gold,5.1,South,Credit Card,False,235.36
T000453,2025-06-28,Home & Kitchen,72.85,4,,Gold,21.5,South,Credit Card,True,228.75
T000454,2025-03-27,Electronics,221.77,2,40.730697721340185,Silver,4.5,West,Credit Card,False,423.58
T000455,2025-01-29,Electronics,331.73,2,36.92815853472328,Bronze,3.5,South,PayPal,False,640.24
T000456,2025-03-10,Clothing,53.97,3,32.66367549094148,Bronze,7.5,South,Digital Wallet,False,149.77
T000457,2025-02-16,Home & Kitchen,95.11,5,48.996279282883975,Bronze,10.4,East,Credit Card,True,426.09
T000458,2025-04-04,Sports,47.4,5,59.044829139969025,Gold,15.1,West,Credit Card,True,201.21
T000459,2025-05-24,Electronics,179.14,5,51.810349978337356,Silver,1.0,South,Cash,False,886.74
T000460,2025-06-25,Clothing,28.83,5,49.328232175989754,Gold,6.8,West,PayPal,False,134.35
T000461,2025-03-26,Electronics,264.57,6,38.2335562214465,Bronze,6.2,North,PayPal,False,1489.0
T000462,2025-02-08,Electronics,221.29,6,49.62005371853002,Silver,2.6,South,Credit Card,False,1293.22
T000463,2025-04-10,Clothing,32.93,4,65.38755090223074,Silver,5.2,North,Credit Card,False,124.87
T000464,2025-02-02,Electronics,292.5,5,38.80877853901527,Bronze,1.4,East,PayPal,False,1442.02
T000465,2025-04-11,Electronics,174.11,2,46.30945456077378,Platinum,7.1,West,Credit Card,True,323.5
T000466,2025-01-23,Clothing,49.47,7,58.32287159763815,Platinum,7.6,East,Credit Card,False,319.97
T000467,2025-01-10,Clothing,44.74,8,65.40331164281744,Silver,15.2,South,Credit Card,True,303.52
T000468,2025-03-10,Electronics,238.28,3,43.67786266289,Silver,3.0,West,Credit Card,True,693.39
T000469,2025-04-10,Electronics,288.02,3,52.17858962614117,Gold,7.0,North,Digital Wallet,False,803.58
T000470,2025-02-03,Electronics,230.71,5,38.95004981972137,Silver,3.8,North,Credit Card,True,1109.72
T000471,2025-06-29,Electronics,196.77,5,45.89298319544683,Silver,,West,Digital Wallet,True,
T000472,2025-05-18,Home & Kitchen,101.63,5,39.082514152581126,Gold,8.9,East,Digital Wallet,False,462.92
T000473,2025-05-27,Clothing,39.05,4,56.0991497203808,Gold,8.6,North,Credit Card,False,142.77
T000474,2025-04-06,Clothing,40.7,7,62.11627702708673,Gold,12.5,South,PayPal,True,249.29
T000475,2025-01-01,Clothing,42.67,6,27.524189510504673,Bronze,11.4,North,Credit Card,True,226.83
T000476,2025-03-10,Home & Kitchen,61.77,5,40.74026729123802,Bronze,1.9,East,Cash,False,302.98
T000477,2025-01-04,Sports,71.98,4,35.50664504137214,Silver,1.2,East,Credit Card,False,284.46
T000478,2025-01-16,Sports,52.14,3,38.17289162549161,Gold,4.2,North,PayPal,False,149.85
T000479,2025-01-24,Home & Kitchen,91.82,5,39.09708176416959,Silver,16.9,West,Cash,True,381.51
T000480,2025-03-21,Clothing,36.93,9,31.584287786827694,Silver,5.7,West,Credit Card,False,313.42
T000481,2025-01-02,Home & Kitchen,80.7,5,45.351485589355576,Bronze,6.7,South,PayPal,False,376.47
T000482,2025-05-08,Home & Kitchen,94.24,5,28.016251117168064,Bronze,3.4,South,Credit Card,False,455.18
T000483,2025-06-09,Electronics,138.09,1,52.593867336310225,Silver,10.3,North,Credit Card,True,123.87
T000484,2025-03-25,Electronics,242.28,1,45.52558767786057,Silver,3.2,East,Credit Card,False,234.53
T000485,2025-06-01,Clothing,39.45,8,29.266134479570155,Silver,11.4,North,Digital Wallet,True,279.62
T000486,2025-05-20,Beauty,27.27,8,28.63148479517901,Silver,5.3,South,PayPal,True,206.6
T000487,2025-06-27,Clothing,34.61,6,51.38383697716915,Platinum,0.9,South,Credit Card,False,205.79
T000488,2025-06-12,Home & Kitchen,44.99,7,33.554480908800116,Silver,10.0,West,PayPal,False,283.44
T000489,2025-05-04,Clothing,35.66,7,60.56804747783206,Platinum,12.1,West,PayPal,True,219.42
T000490,2025-02-02,Clothing,54.2,4,18.0,Silver,7.7,West,Cash,False,200.11
T000491,2025-06-10,Electronics,167.75,2,29.37438270159973,Silver,13.3,West,Digital Wallet,True,290.88
T000492,2025-06-28,Electronics,221.4,6,37.38726410599522,Silver,6.2,South,Credit Card,False,1246.04
T000493,2025-06-20,Sports,67.42,2,41.624826587555496,Gold,6.4,West,Digital Wallet,False,126.21
T000494,2025-04-11,Home & Kitchen,47.44,6,49.96133794635713,Bronze,10.4,West,Credit Card,True,255.04
T000495,2025-01-12,Clothing,34.86,6,39.577035853151,Gold,14.6,South,Credit Card,True,178.62
T000496,2025-03-08,Sports,66.38,5,38.145487665978884,Bronze,1.6,West,Cash,False,326.59
T000497,2025-03-06,Electronics,313.23,7,33.92354720670108,Bronze,1.4,West,Credit Card,False,2161.91
T000498,2025-06-10,Beauty,32.58,4,32.50507234674136,Silver,3.1,North,Digital Wallet,False,126.28
T000499,2025-06-17,Clothing,39.04,5,33.44508593991853,Bronze,1.7,West,PayPal,False,191.88
T000500,2025-03-15,Clothing,47.46,6,41.066259799281404,Silver,1.5,North,Digital Wallet,False,280.49
T000501,2025-02-12,Clothing,55.7,2,19.84507377252639,Silver,3.9,West,PayPal,False,107.06
T000502,2025-02-13,Electronics,235.06,5,48.44004486428976,Bronze,7.0,West,Digital Wallet,False,1093.03
T000503,2025-01-29,Electronics,304.68,3,42.83253541224623,Silver,3.1,West,PayPal,False,885.7
T000504,2025-05-21,Home & Kitchen,129.49,4,40.59127648251182,Platinum,5.5,South,Credit Card,False,489.47
T000505,2025-01-12,Sports,60.25,4,55.65336750629172,Gold,9.6,North,Digital Wallet,False,217.86
T000506,2025-04-05,Sports,57.48,5,49.139121979137734,Bronze,13.4,North,Credit Card,True,248.89
T000507,2025-02-15,Electronics,216.87,3,43.53144854776103,Silver,3.4,South,PayPal,False,628.49
T000508,2025-05-10,Clothing,31.26,6,49.843086283263276,Bronze,13.6,North,PayPal,True,162.05
T000509,2025-02-04,Electronics,203.01,7,34.528438158257124,Silver,12.0,West,Credit Card,True,1250.54
T000510,2025-03-22,Electronics,262.33,2,49.121320490108346,Silver,2.5,North,Credit Card,True,511.54
T000511,2025-03-31,Home & Kitchen,50.35,3,51.85166951836122,Platinum,6.8,East,Credit Card,False,140.78
T000512,2025-01-08,Clothing,57.27,5,18.0,Silver,2.5,East,Digital Wallet,False,279.19
T000513,2025-04-03,Electronics,303.97,4,63.23907332221599,Gold,22.8,North,PayPal,True,938.66
T000514,2025-06-03,Electronics,317.03,3,46.009131713620526,Silver,7.3,North,Cash,False,881.66
T000515,2025-03-31,Beauty,30.25,5,49.32727040561079,Silver,21.0,West,Cash,True,119.49
T000516,2025-06-11,Electronics,192.59,3,54.99611556687718,Platinum,2.5,West,Credit Card,False,563.33
T000517,2025-04-25,Clothing,55.71,2,40.35871294841066,Bronze,8.1,East,Credit Card,True,102.39
T000518,2025-04-15,Clothing,36.58,6,37.005484982877945,Bronze,0.4,North,Cash,False,218.6
T000519,2025-05-15,Electronics,131.69,4,45.597192442691636,Bronze,11.0,North,Credit Card,True,468.82
T000520,2025-02-27,Electronics,562.06,4,70.0,Silver,5.5,East,PayPal,False,2124.59
T000521,2025-04-24,Clothing,47.81,7,40.793184866153354,Silver,8.7,West,Digital Wallet,False,305.55
T000522,2025-03-16,Sports,46.62,5,34.31136555895246,Bronze,5.3,West,PayPal,False,220.75
T000523,2025-06-06,Clothing,46.29,4,58.10531047613721,Platinum,4.5,North,Digital Wallet,False,176.83
T000524,2025-04-30,Home & Kitchen,78.32,4,18.0,Silver,6.4,East,Credit Card,False,293.23
T000525,2025-06-13,Beauty,22.13,8,40.68827049411618,Silver,7.5,South,Credit Card,False,163.76
T000526,2025-01-21,Sports,50.12,7,34.36997441154643,Silver,5.8,North,Credit Card,False,330.49
T000527,2025-06-13,Clothing,50.61,4,49.54669400649653,Gold,4.6,South,PayPal,False,193.13
T000528,2025-05-18,Clothing,47.34,8,43.63472675136965,Gold,12.5,South,PayPal,True,331.38
T000529,2025-04-11,Home & Kitchen,61.59,8,28.79762980732784,Bronze,5.4,South,PayPal,False,466.11
T000530,2025-06-01,Home & Kitchen,80.0,2,49.76579830966698,Bronze,7.8,North,Credit Card,False,147.52
T000531,2025-06-26,Clothing,35.0,6,32.15265592106224,Platinum,7.3,East,Digital Wallet,False,194.67
T000532,2025-04-09,Home & Kitchen,319.59,6,41.43115651331257,Silver,12.8,East,PayPal,True,1672.09
T000533,2025-02-05,Electronics,259.84,4,36.87428502763164,Bronze,5.1,South,Digital Wallet,True,986.35
T000534,2025-04-06,Clothing,39.15,5,51.774946685810825,Silver,0.5,South,Credit Card,False,194.77
T000535,2025-06-01,Clothing,58.69,8,36.493980855205265,Platinum,13.4,East,Digital Wallet,True,406.6
T000536,2025-05-31,Electronics,255.08,3,18.0,Platinum,12.4,North,Cash,True,670.35
T000537,2025-02-06,Electronics,282.82,6,28.617200862591503,Bronze,14.5,West,Digital Wallet,True,1450.87
T000538,2025-01-12,Home & Kitchen,48.67,6,42.75811984601864,Gold,3.0,West,PayPal,True,283.26
T000539,2025-04-23,Clothing,29.64,6,34.08470217449691,Silver,9.1,North,Credit Card,False,161.66
T000540,2025-01-13,Clothing,42.19,7,56.30615320942832,Gold,14.3,East,Credit Card,True,253.1
T000541,2025-01-23,Clothing,42.75,6,29.749853291292162,Bronze,12.3,North,Credit Card,True,224.95
T000542,2025-04-09,Clothing,55.68,5,48.92045854659775,Gold,10.8,South,Credit Card,True,248.33
T000543,2025-04-15,Electronics,180.63,7,51.69498400326687,Gold,10.2,North,Digital Wallet,True,1135.44
T000544,2025-01-30,Home & Kitchen,105.87,2,44.11389310259693,Bronze,16.5,North,Digital Wallet,True,176.8
T000545,2025-01-17,Sports,68.04,4,46.90811709430492,Silver,7.1,South,Digital Wallet,False,252.84
T000546,2025-04-23,Sports,23.63,4,40.38211674946076,Silver,6.9,South,Credit Card,False,88.0
T000547,2025-03-03,Home & Kitchen,101.26,3,45.30633108206473,Silver,9.0,South,PayPal,False,276.44
T000548,2025-03-25,Clothing,34.41,8,36.16711166311417,Bronze,14.6,West,Cash,True,235.09
T000549,2025-04-22,Electronics,271.57,7,44.715651701347326,Silver,3.7,West,Credit Card,True,1830.65
T000550,2025-03-27,Clothing,53.99,4,38.54642300304417,Bronze,8.7,North,Credit Card,True,197.17
T000551,2025-05-21,Electronics,263.27,2,38.54312409381156,Gold,7.0,East,Credit Card,False,489.68
T000552,2025-01-19,Beauty,30.25,10,34.01919517203899,Silver,13.3,East,PayPal,True,262.27
T000553,2025-06-26,Electronics,259.8,5,39.39686238601181,Gold,5.1,South,Cash,False,1232.75
T000554,2025-04-10,Electronics,918.6,3,60.10520874643356,Gold,1.5,East,Credit Card,False,2714.46
T000555,2025-05-20,Sports,68.86,1,39.10361789065073,Silver,15.1,West,PayPal,True,58.46
T000556,2025-05-27,Beauty,35.11,5,53.28009497191933,Bronze,3.5,East,PayPal,False,169.41
T000557,2025-03-17,Sports,53.1,4,48.28603710584635,Silver,20.8,East,Cash,True,168.22
T000558,2025-01-09,Electronics,163.31,3,44.963431032670016,Platinum,3.9,North,PayPal,False,470.82
T000559,2025-01-28,Electronics,278.21,4,45.43064328845038,Bronze,6.1,East,Credit Card,False,1044.96
T000560,2025-05-08,Clothing,36.18,3,42.2527214274124,Bronze,1.9,West,Credit Card,False,106.48
T000561,2025-02-21,Electronics,204.86,4,35.01553290001756,Platinum,2.1,West,Digital Wallet,True,802.23
T000562,2025-03-24,Electronics,239.71,4,62.61677143864054,Platinum,0.5,South,Digital Wallet,False,954.05
T000563,2025-04-21,Clothing,39.41,8,54.69562940757162,Gold,8.7,West,PayPal,False,287.85
T000564,2025-05-24,Beauty,29.43,5,42.51719531653652,Silver,4.5,East,Credit Card,False,140.53
T000565,2025-04-27,Clothing,95.07,1,42.82933601141549,Silver,2.4,North,Credit Card,False,92.79
T000566,2025-03-10,Home & Kitchen,81.4,2,48.79040589165427,Silver,8.0,West,Cash,False,149.78
T000567,2025-04-09,Home & Kitchen,72.11,4,29.30298145487871,Bronze,6.5,East,PayPal,False,269.69
T000568,2025-05-20,Clothing,45.81,5,32.60662563502778,Silver,0.3,North,Digital Wallet,False,228.36
T000569,2025-01-25,Home & Kitchen,66.57,6,19.477635779513637,Silver,9.8,East,Digital Wallet,True,360.28
T000570,2025-06-29,Electronics,230.11,4,39.46182390968175,Bronze,5.5,East,Credit Card,False,869.82
T000571,2025-05-03,Electronics,248.31,4,56.29831473215705,Bronze,1.1,North,Digital Wallet,False,982.31
T000572,2025-02-22,Home & Kitchen,87.57,6,38.61580335552642,Silver,15.5,East,Credit Card,True,443.98
T000573,2025-05-31,Electronics,196.43,3,68.28936083402608,Bronze,10.4,West,Cash,True,528.0
T000574,2025-05-24,Beauty,69.04,3,36.77261311222135,Silver,11.6,North,Credit Card,True,183.09
T000575,2025-02-26,Electronics,240.51,3,44.13581929787724,Bronze,3.0,South,Credit Card,False,699.88
T000576,2025-02-08,Home & Kitchen,81.05,3,38.66018015281802,Bronze,9.0,South,Credit Card,False,221.27
T000577,2025-04-19,Clothing,47.93,6,18.0,Bronze,5.2,South,Credit Card,False,272.63
T000578,2025-02-11,Electronics,273.2,3,38.6968448993649,Bronze,16.9,West,Credit Card,True,681.09
T000579,2025-06-16,Electronics,293.24,6,31.90516535254895,Bronze,2.5,West,PayPal,False,1715.45
T000580,2025-05-22,Home & Kitchen,59.03,5,44.815024958114094,Bronze,11.2,North,Cash,True,262.09
T000581,2025-05-02,Sports,57.19,2,57.30986800275349,Silver,14.9,North,PayPal,True,97.34
T000582,2025-05-13,Sports,54.89,4,37.76596139058373,Bronze,6.3,South,Cash,False,205.73
T000583,2025-06-12,Clothing,27.99,6,46.45643656714354,Bronze,1.2,South,PayPal,False,165.92
T000584,2025-03-16,Sports,193.04,4,39.43937128598592,Silver,6.9,North,PayPal,False,718.88
T000585,2025-05-26,Home & Kitchen,1725.527562044468,2,52.769132129511284,Gold,8.1,East,Credit Card,False,3171.52
T000586,2025-03-17,Home & Kitchen,104.63,4,69.36762392570716,Bronze,4.9,East,PayPal,False,398.01
T000587,2025-01-09,Clothing,48.76,5,59.81956507675512,Silver,5.7,North,Credit Card,False,229.9
T000588,2025-03-15,Home & Kitchen,72.04,7,34.60493721476898,Bronze,4.0,South,PayPal,False,484.11
T000589,2025-05-25,Sports,68.35,5,58.572076040438105,Gold,7.0,South,Credit Card,False,317.83
T000590,2025-01-07,Clothing,41.92,6,45.60273410497207,Silver,4.5,North,PayPal,False,240.2
T000591,2025-06-23,Sports,73.85,2,56.781234369667416,Bronze,4.0,North,PayPal,True,141.79
T000592,2025-05-21,Home & Kitchen,83.2,6,29.68408034711431,Gold,11.6,East,Credit Card,True,441.29
T000593,2025-06-17,Electronics,247.52,6,40.936047481956024,Platinum,11.3,South,Credit Card,True,1317.3
T000594,2025-06-19,Electronics,304.88,7,44.14376304219263,Bronze,6.3,East,PayPal,False,1999.71
T000595,2025-05-17,Clothing,29.88,8,41.353016560787296,Bronze,12.4,West,Digital Wallet,True,209.4
T000596,2025-06-27,Clothing,33.71,8,45.478155428716626,Bronze,7.0,West,PayPal,False,250.8
T000597,2025-01-27,Sports,39.92,5,40.68111266446681,Gold,5.9,West,PayPal,False,187.82
T000598,2025-05-02,Electronics,309.74,5,37.722916780954755,Silver,4.8,East,Credit Card,False,1474.36
T000599,2025-01-05,Sports,47.26,7,36.511934297387086,Bronze,10.9,North,PayPal,True,294.76
T000600,2025-01-29,Sports,62.05,3,32.17556323768125,Platinum,3.6,North,PayPal,False,179.45
T000601,2025-06-14,Electronics,223.11,4,45.69999511594384,Silver,14.6,East,Cash,True,762.14
T000602,2025-06-15,Sports,46.86,8,40.28984628262701,Silver,2.0,South,Credit Card,False,367.38
T000603,2025-03-24,Beauty,34.35,3,35.525444503034194,Gold,7.9,South,PayPal,False,94.91
T000604,2025-05-16,Home & Kitchen,93.79,4,24.01467417997852,Silver,1.5,East,Credit Card,False,369.53
T000605,2025-04-19,Sports,60.55,2,48.462433744019236,Bronze,6.3,South,Credit Card,False,113.47
T000606,2025-03-06,Beauty,30.41,6,50.10800654851804,Gold,8.1,West,Credit Card,False,167.68
T000607,2025-03-27,Home & Kitchen,57.46,2,30.74856473139937,Silver,5.6,South,Digital Wallet,False,108.48
T000608,2025-05-25,Clothing,37.54,5,43.2363239678724,Bronze,,North,PayPal,False,
T000609,2025-03-12,Sports,48.03,7,35.45828730227543,Bronze,5.9,West,PayPal,False,316.37
T000610,2025-02-14,Home & Kitchen,70.38,4,50.61940804456171,Silver,13.0,South,Cash,True,244.92
T000611,2025-05-12,Home & Kitchen,92.51,4,36.051608024838735,Gold,4.7,South,Digital Wallet,False,352.65
T000612,2025-02-05,Clothing,50.94,3,36.10191349290874,Gold,3.5,West,Credit Card,False,147.47
T000613,2025-03-11,Sports,60.18,3,43.57216489958538,Gold,14.4,West,PayPal,True,154.54
T000614,2025-06-08,Electronics,231.82,5,36.95912897045086,Platinum,3.8,North,Digital Wallet,False,1115.05
T000615,2025-01-19,Beauty,15.07,4,36.136842639465584,Bronze,2.7,West,Credit Card,False,58.65
T000616,2025-04-18,Clothing,38.33,7,34.6231993370217,Silver,2.0,South,Cash,False,262.94
T000617,2025-06-16,Electronics,306.78,3,36.692487048168495,Silver,2.4,East,Credit Card,True,898.25
T000618,2025-04-01,Clothing,147.05,3,37.50070581233185,Silver,6.4,North,Credit Card,False,412.92
T000619,2025-03-31,Electronics,240.89,4,42.15441722404601,Gold,4.5,East,Digital Wallet,False,920.2
T000620,2025-01-19,Home & Kitchen,106.03,3,40.05654129837401,Silver,3.3,North,Cash,False,307.59
T000621,2025-02-08,Beauty,29.11,7,47.934860378340936,Silver,4.0,North,Digital Wallet,False,195.62
T000622,2025-05-06,Sports,60.5,1,28.158653743791596,Silver,4.0,North,Credit Card,False,58.08
T000623,2025-06-22,Electronics,230.64,2,67.07042647318943,Gold,9.5,North,Cash,False,417.46
T000624,2025-05-21,Electronics,251.74,6,42.26575504844874,Bronze,7.3,West,PayPal,False,1400.18
T000625,2025-05-06,Sports,59.81,4,53.65573421192501,Platinum,5.0,North,PayPal,False,227.28
T000626,2025-02-27,Beauty,21.16,6,47.795434361499765,Bronze,8.3,South,Credit Card,False,116.42
T000627,2025-05-28,Clothing,38.57,4,43.44811237438042,Bronze,3.8,East,Credit Card,False,148.42
T000628,2025-03-02,Clothing,54.42,2,47.41423347050931,Bronze,2.4,North,PayPal,True,106.23
T000629,2025-05-07,Clothing,56.62,5,46.07556015330514,Silver,2.7,West,PayPal,False,275.46
T000630,2025-04-15,Sports,49.36,7,39.89170237107908,Platinum,10.1,South,Credit Card,True,310.62
T000631,2025-06-16,Home & Kitchen,88.45,7,70.0,Platinum,5.8,East,Credit Card,False,583.24
T000632,2025-01-01,Clothing,53.7,2,55.376901438193414,Gold,10.4,South,Credit Card,True,96.23
T000633,2025-05-11,Clothing,43.64,5,22.869104468009475,Bronze,2.7,North,Cash,True,212.31
T000634,2025-04-02,Sports,45.65,11,54.61095195050284,Gold,12.3,South,Credit Card,True,440.39
T000635,2025-04-23,Electronics,376.43,3,42.84977839611616,Platinum,2.5,North,Cash,False,1101.06
T000636,2025-06-02,Clothing,35.22,7,61.63966662693824,Silver,1.3,West,Cash,False,243.33
T000637,2025-02-25,Home & Kitchen,98.42,6,38.08384844072339,Silver,15.2,North,PayPal,True,500.76
T000638,2025-06-10,Electronics,221.64,4,18.0,Silver,2.2,West,Digital Wallet,False,867.06
T000639,2025-06-15,Electronics,293.07,5,37.785318734054826,Bronze,4.4,South,PayPal,False,1400.87
T000640,2025-04-27,Sports,62.01,3,22.77504868753804,Bronze,1.7,East,Credit Card,False,182.87
T000641,2025-05-14,Sports,62.37,2,33.83128279168329,Silver,14.9,West,Credit Card,True,106.15
T000642,2025-02-27,Sports,193.97,3,35.1508781663085,Platinum,5.9,South,PayPal,True,547.58
T000643,2025-02-13,Sports,61.93,2,46.53225531808491,Platinum,3.4,North,Credit Card,False,119.65
T000644,2025-06-22,Home & Kitchen,104.02,4,45.058254202841766,Silver,1.8,East,PayPal,False,408.59
T000645,2025-06-09,Sports,63.61,1,49.680597430476155,Platinum,7.2,North,Credit Card,False,59.03
T000646,2025-06-22,Clothing,28.05,9,48.655625802989235,Bronze,14.3,West,Credit Card,True,216.35
T000647,2025-03-02,Home & Kitchen,90.46,4,65.29618492897212,Gold,5.0,East,Credit Card,True,343.75
T000648,2025-02-16,Beauty,32.86,5,42.019138516076275,Silver,7.4,East,Digital Wallet,False,152.14
T000649,2025-05-29,Electronics,328.8,6,48.17040922885347,Gold,8.1,North,Credit Card,False,1813.0
T000650,2025-03-21,Clothing,31.89,9,52.61556803793312,Platinum,8.4,West,Cash,False,262.9
T000651,2025-04-28,Clothing,38.62,5,34.24961756344863,Bronze,2.0,North,Digital Wallet,False,189.24
T000652,2025-06-13,Electronics,345.82,3,26.83037207528066,Gold,10.1,North,Credit Card,True,932.68
T000653,2025-05-27,Electronics,244.38,5,46.42098104665472,Bronze,4.7,West,Credit Card,False,1164.47
T000654,2025-01-20,Sports,38.33,6,37.20571950276543,Gold,4.3,North,Credit Card,False,220.09
T000655,2025-05-26,Beauty,30.92,5,51.362589920710434,Bronze,7.9,East,PayPal,False,142.39
T000656,2025-02-16,Clothing,38.07,6,50.812344827674124,Platinum,23.3,North,PayPal,True,175.2
T000657,2025-02-18,Electronics,272.72,5,53.86930339837689,Silver,15.1,East,Credit Card,True,1157.7
T000658,2025-01-14,Electronics,211.51,2,32.56973657123886,Silver,19.0,West,PayPal,True,342.65
T000659,2025-05-23,Sports,67.2,2,35.10670791490796,Platinum,0.3,South,Cash,False,134.0
T000660,2025-06-08,Clothing,52.69,3,43.283828373194176,Gold,1.2,South,Cash,True,156.17
T000661,2025-01-01,Clothing,48.69,11,39.86221745499266,Gold,16.0,West,Credit Card,True,449.9
T000662,2025-04-27,Clothing,43.46,9,47.47893595406738,Gold,1.3,North,PayPal,False,386.06
T000663,2025-02-23,Clothing,52.04,4,58.321854496448665,Gold,10.4,South,Cash,True,186.51
T000664,2025-04-28,Clothing,54.09,8,40.803207351956615,Platinum,11.9,East,Credit Card,True,381.23
T000665,2025-01-03,Sports,56.02,5,25.73323616785772,Silver,17.1,East,PayPal,True,232.2
T000666,2025-05-24,Home & Kitchen,74.45,4,18.55793878329786,Bronze,8.3,South,Credit Card,True,273.08
T000667,2025-01-12,Home & Kitchen,87.68,6,26.495686089133063,Silver,11.3,West,PayPal,True,466.63
T000668,2025-03-15,Clothing,44.34,9,26.100491225561072,Platinum,13.8,West,PayPal,True,343.99
T000669,2025-01-16,Home & Kitchen,172.91,4,50.00677137437829,Platinum,2.2,West,Credit Card,False,676.42
T000670,2025-04-12,Home & Kitchen,90.6,4,41.42462873363404,Bronze,4.3,North,Digital Wallet,False,346.82
T000671,2025-06-01,Electronics,279.4,4,42.89695101704218,Silver,6.5,East,Digital Wallet,False,1044.96
T000672,2025-06-05,Home & Kitchen,53.81,4,50.65971014741753,Platinum,1.2,West,Cash,False,212.66
T000673,2025-04-27,Clothing,49.03,5,58.35510279071751,Silver,1.0,North,PayPal,False,242.7
T000674,2025-01-08,Sports,55.05,3,39.662644935251556,Platinum,5.9,North,Credit Card,False,155.41
T000675,2025-05-02,Clothing,54.53,3,50.912839368969316,Silver,7.4,West,Cash,False,151.48
T000676,2025-04-02,Beauty,25.56,5,46.22627669208986,Silver,7.2,South,Credit Card,True,118.6
T000677,2025-06-13,Electronics,295.47,2,23.31179884168261,Bronze,4.3,East,PayPal,False,565.53
T000678,2025-03-31,Sports,38.72,9,24.1881361564265,Bronze,4.8,South,Credit Card,False,331.75
T000679,2025-05-16,Home & Kitchen,76.24,5,37.9222144441174,Silver,7.0,South,Credit Card,False,354.52
T000680,2025-03-01,Sports,54.28,3,44.362933593215395,Silver,18.8,West,PayPal,True,132.23
T000681,2025-06-27,Clothing,48.13,5,47.76698393135364,Bronze,4.6,North,Digital Wallet,False,229.58
T000682,2025-01-28,Clothing,51.04,2,,Silver,6.4,North,PayPal,False,95.55
T000683,2025-04-11,Sports,50.75,4,21.64544868228767,Bronze,9.2,East,PayPal,False,184.32
T000684,2025-02-10,Electronics,205.85,4,37.58600855263004,Gold,13.6,South,Credit Card,True,711.42
T000685,2025-06-04,Electronics,253.79,4,19.949123535066605,Platinum,6.6,West,Credit Card,False,948.16
T000686,2025-05-25,Home & Kitchen,93.63,5,39.543878564220584,Silver,2.7,East,Credit Card,False,455.51
T000687,2025-06-10,Clothing,58.98,7,48.72595262209057,Gold,5.1,East,Digital Wallet,False,391.8
T000688,2025-06-06,Clothing,52.48,3,47.14627459251841,Gold,6.8,East,Digital Wallet,True,146.73
T000689,2025-05-21,Clothing,48.2,5,35.97302286251963,Silver,10.9,North,Digital Wallet,True,214.73
T000690,2025-02-15,Clothing,49.98,5,46.85414021156494,Bronze,12.3,East,Credit Card,True,219.16
T000691,2025-02-04,Sports,52.22,5,28.56231058241237,Bronze,8.7,South,PayPal,False,238.38
T000692,2025-05-14,Home & Kitchen,69.76,2,34.297938166910534,Platinum,11.3,East,PayPal,True,123.75
T000693,2025-03-23,Sports,67.1,4,22.118897363251403,Bronze,10.7,West,Cash,True,239.68
T000694,2025-04-25,Beauty,41.21,7,35.62382393932223,Bronze,17.2,South,Cash,True,238.85
T000695,2025-02-16,Clothing,53.47,5,32.69618740468205,Bronze,1.3,North,Credit Card,False,263.87
T000696,2025-06-02,Electronics,1112.29,4,37.09367460311889,Silver,9.8,North,Credit Card,False,4013.14
T000697,2025-01-10,Electronics,183.2,4,38.73915457521461,Silver,2.1,West,Credit Card,True,717.41
T000698,2025-02-25,Clothing,54.64,3,44.99238749681161,Silver,3.7,East,PayPal,True,157.85
T000699,2025-01-30,Beauty,20.56,5,18.437133008712742,Bronze,1.0,East,Credit Card,False,101.77
T000700,2025-04-19,Clothing,39.95,7,31.68090541059584,Bronze,2.4,East,Digital Wallet,False,272.94
T000701,2025-01-05,Clothing,66.1,3,53.740958225846015,Silver,4.6,North,Credit Card,False,189.18
T000702,2025-04-29,Clothing,51.37,5,53.947536670826665,Gold,1.7,North,Digital Wallet,False,252.48
T000703,2025-02-02,Home & Kitchen,78.57,1,42.66857367997623,Silver,9.6,North,PayPal,False,71.03
T000704,2025-04-28,Home & Kitchen,56.37,3,42.92708651740141,Bronze,3.9,West,PayPal,False,162.51
T000705,2025-03-06,Electronics,304.85,3,28.473013948698437,Bronze,10.7,South,PayPal,True,816.69
T000706,2025-05-26,Beauty,38.65,6,37.51911874739425,Gold,8.0,West,Cash,True,213.35
T000707,2025-06-26,Clothing,32.66,3,51.8653553133602,Platinum,14.8,North,Credit Card,True,83.48
T000708,2025-01-11,Electronics,284.63,4,27.06595499584602,Bronze,6.8,East,Digital Wallet,False,1061.1
T000709,2025-03-26,Sports,306.54,5,43.7361941678787,Silver,7.4,North,Cash,False,1419.28
T000710,2025-01-26,Electronics,318.84,4,48.682867938508764,Silver,10.7,North,Digital Wallet,True,1138.9
T000711,2025-03-04,Beauty,24.77,9,42.568373534573,Bronze,3.2,South,PayPal,False,215.8
T000712,2025-03-27,Beauty,41.7,5,40.214177735406395,Platinum,12.4,East,PayPal,True,182.65
T000713,2025-02-28,Home & Kitchen,63.56,6,,Bronze,9.7,West,PayPal,True,344.37
T000714,2025-01-27,Sports,53.2,5,48.006940446314005,Bronze,10.3,North,Credit Card,True,238.6
T000715,2025-06-26,Clothing,49.67,4,44.3351355095537,Bronze,6.7,West,Credit Card,False,185.37
T000716,2025-06-10,Beauty,35.7,9,47.93372581457358,Gold,3.4,South,Credit Card,False,310.38
T000717,2025-04-08,Clothing,49.25,7,37.5979125594792,Gold,7.4,West,Credit Card,False,319.24
T000718,2025-04-15,Home & Kitchen,76.14,6,38.150569964620644,Silver,2.1,East,Credit Card,False,447.25
T000719,2025-04-09,Beauty,29.58,6,48.58695347652842,Silver,5.4,North,PayPal,False,167.9
T000720,2025-05-09,Beauty,37.28,6,31.297507655492993,Bronze,3.3,South,Credit Card,False,216.3
T000721,2025-05-29,Sports,17.32,5,28.455739921449883,Gold,13.0,East,Credit Card,True,75.34
T000722,2025-02-24,Clothing,28.46,6,69.27388616783904,Bronze,7.6,North,Digital Wallet,True,157.78
T000723,2025-01-06,Beauty,24.17,6,47.07254202574762,Bronze,6.6,West,Cash,False,135.45
T000724,2025-04-05,Home & Kitchen,48.41,4,39.05230576163871,Platinum,6.5,West,Credit Card,False,181.05
T000725,2025-05-13,Beauty,32.78,9,33.66441242152653,Platinum,4.9,West,PayPal,False,280.56
T000726,2025-04-12,Home & Kitchen,87.01,2,30.97326835479262,Silver,2.1,West,PayPal,True,170.37
T000727,2025-01-03,Clothing,45.41,5,41.422120597275125,Silver,1.6,East,Credit Card,False,223.42
T000728,2025-01-23,Clothing,43.91,8,40.8552176100908,Platinum,7.3,East,Credit Card,False,325.64
T000729,2025-02-22,Home & Kitchen,78.26,3,47.265240852445004,Gold,5.1,East,Credit Card,False,222.81
T000730,2025-06-14,Sports,66.71,6,26.40940830983887,Gold,3.5,North,PayPal,False,386.25
T000731,2025-03-24,Clothing,21.76,5,26.898472631286168,Bronze,6.3,North,Digital Wallet,False,101.95
T000732,2025-05-25,Home & Kitchen,66.68,3,45.1202797696406,Gold,4.7,North,PayPal,False,190.64
T000733,2025-03-26,Clothing,42.19,5,46.63795025503862,Bronze,11.6,North,Digital Wallet,True,186.48
T000734,2025-03-19,Sports,76.24,3,52.844006245367424,Silver,13.7,West,Digital Wallet,True,197.39
T000735,2025-04-20,Clothing,54.16,3,61.939539068425006,Silver,4.2,West,PayPal,False,155.66
T000736,2025-01-01,Electronics,132.52,3,38.76791938423638,Bronze,11.1,West,PayPal,True,353.43
T000737,2025-02-20,Electronics,204.95,3,50.05070275085914,Gold,13.6,West,PayPal,True,531.23
T000738,2025-06-22,Electronics,747.41,1,29.512573172995147,Bronze,12.0,North,Cash,True,657.72
T000739,2025-01-04,Clothing,63.03,4,18.0,Bronze,5.7,North,Digital Wallet,False,237.75
T000740,2025-04-23,Electronics,261.14,3,30.249457661886794,Bronze,1.5,East,Cash,False,771.67
T000741,2025-02-01,Electronics,191.2,2,36.250144491277545,Platinum,4.9,North,Credit Card,False,363.66
T000742,2025-02-03,Beauty,34.62,4,67.80719522197042,Bronze,3.2,West,PayPal,False,134.05
T000743,2025-04-02,Sports,60.27,2,22.043821556317376,Bronze,2.3,South,Credit Card,False,117.77
T000744,2025-04-05,Clothing,41.46,9,50.89283751338328,Gold,3.5,West,Credit Card,False,360.08
T000745,2025-03-13,Beauty,35.19,6,34.90164359586604,Gold,5.3,North,Credit Card,False,199.95
T000746,2025-02-08,Electronics,316.72,2,47.97195941630803,Silver,3.3,East,Digital Wallet,False,612.54
T000747,2025-06-03,Home & Kitchen,99.01,5,42.507670623705536,Platinum,3.1,East,Credit Card,False,479.7
T000748,2025-06-11,Home & Kitchen,80.28,5,31.02324461065527,Bronze,4.3,North,Credit Card,False,384.14
T000749,2025-04-28,Clothing,45.2,5,54.293623657347005,Silver,5.2,South,Credit Card,False,214.25
T000750,2025-01-03,Clothing,62.22,7,47.38485386634795,Gold,5.9,East,Credit Card,False,409.84
T000751,2025-05-03,Clothing,35.75,7,41.824724157592556,Silver,6.8,South,Digital Wallet,False,233.23
T000752,2025-02-19,Clothing,36.12,4,45.52498876775895,Bronze,1.1,South,Digital Wallet,True,142.89
T000753,2025-01-12,Home & Kitchen,85.33,7,36.90583680906532,Silver,4.5,South,Cash,False,570.43
T000754,2025-02-23,Electronics,296.82,4,18.80563420729532,Platinum,4.3,East,Digital Wallet,False,1136.23
T000755,2025-05-13,Electronics,179.57,3,43.345268817218695,Gold,2.9,North,Credit Card,False,523.09
T000756,2025-02-26,Electronics,339.62,3,68.71967762677608,Bronze,2.0,West,PayPal,False,998.48
T000757,2025-05-25,Clothing,60.9,3,52.1434280693408,Bronze,5.0,North,Digital Wallet,False,173.56
T000758,2025-04-22,Clothing,54.6,5,45.517856677336695,Gold,9.6,South,Credit Card,False,246.79
T000759,2025-02-16,Electronics,238.04,5,46.62522447624994,Bronze,2.4,North,Digital Wallet,False,1161.64
T000760,2025-05-31,Sports,148.06,4,41.98577983372422,Silver,12.0,West,Credit Card,True,521.17
T000761,2025-03-26,Clothing,45.43,8,18.0,Bronze,2.0,North,PayPal,False,356.17
T000762,2025-05-22,Electronics,161.01,3,29.381183210029224,Bronze,6.9,North,Cash,False,449.7
T000763,2025-03-07,Home & Kitchen,62.48,3,41.23764455022917,Gold,6.2,South,PayPal,False,175.82
T000764,2025-03-16,Electronics,251.47,5,53.0803665576867,Gold,4.3,West,Credit Card,False,1203.28
T000765,2025-06-28,Home & Kitchen,88.34,4,63.96885827380382,Silver,7.6,West,Digital Wallet,False,326.5
T000766,2025-04-13,Home & Kitchen,76.52,4,,Bronze,0.8,North,Credit Card,False,303.63
T000767,2025-06-15,Electronics,191.93,4,49.877656193370626,Gold,14.7,South,Credit Card,True,654.87
T000768,2025-02-07,Electronics,286.53,4,18.0,Bronze,5.7,South,Credit Card,False,1080.79
T000769,2025-02-19,Clothing,38.76,6,38.02301679398849,Silver,8.0,West,PayPal,False,213.96
T000770,2025-04-08,Electronics,206.55,4,41.662824045660535,Bronze,9.6,West,Credit Card,False,746.88
T000771,2025-03-23,Electronics,269.54,4,62.22344553858079,Silver,8.8,North,Credit Card,False,983.28
T000772,2025-01-30,Clothing,46.76,5,32.20613232283813,Silver,1.3,South,Cash,False,230.76
T000773,2025-03-20,Clothing,55.1,3,37.822913659419505,Gold,3.2,South,Credit Card,False,160.01
T000774,2025-04-01,Clothing,40.5,5,53.9082701061824,Platinum,5.9,West,PayPal,False,190.55
T000775,2025-06-28,Home & Kitchen,79.57,4,33.19860379844087,Silver,7.6,West,Digital Wallet,False,294.09
T000776,2025-02-21,Home & Kitchen,109.07,4,35.64953227465915,Bronze,8.6,West,PayPal,False,398.76
T000777,2025-06-15,Electronics,256.19,6,24.702527760165232,Bronze,12.9,South,Digital Wallet,True,1338.85
T000778,2025-03-20,Electronics,223.05,4,49.47956810856639,Bronze,1.6,East,Credit Card,False,877.92
T000779,2025-01-30,Sports,54.91,3,24.804175388286613,Silver,1.8,South,Digital Wallet,False,161.76
T000780,2025-04-16,Home & Kitchen,81.44,6,54.62834954182591,Silver,11.7,West,Credit Card,True,431.47
T000781,2025-02-20,Sports,50.02,2,27.021669341871835,Bronze,20.5,West,Cash,True,79.53
T000782,2025-03-22,Clothing,46.55,5,32.91199503896685,Silver,9.7,East,Cash,False,210.17
T000783,2025-05-13,Home & Kitchen,50.21,6,27.931066051482713,Bronze,7.8,East,PayPal,True,277.76
T000784,2025-01-29,Clothing,53.84,4,38.60501036879995,Gold,6.2,West,Credit Card,False,202.01
T000785,2025-05-12,Clothing,34.27,5,54.91923724599775,Gold,8.2,West,PayPal,False,157.3
T000786,2025-05-18,Clothing,46.37,6,33.61777967717421,Bronze,4.1,North,PayPal,False,266.81
T000787,2025-05-25,Clothing,39.42,5,30.233756130611678,Silver,10.0,East,Credit Card,False,177.39
T000788,2025-03-15,Electronics,293.02,3,41.788124355149485,Silver,14.4,East,Digital Wallet,True,752.48
T000789,2025-01-17,Clothing,35.69,6,41.20405531292987,Platinum,4.0,North,PayPal,False,205.57
T000790,2025-03-25,Sports,75.02,3,50.140306960004764,Platinum,12.6,North,Credit Card,True,196.7
T000791,2025-03-10,Beauty,27.35,9,26.21854416189052,Bronze,8.9,North,Credit Card,False,224.24
T000792,2025-02-03,Clothing,33.94,5,44.85571393382647,Bronze,9.1,North,Credit Card,False,154.26
T000793,2025-01-06,Clothing,37.71,7,56.87850130737418,Gold,13.2,North,Credit Card,True,229.13
T000794,2025-02-22,Electronics,255.28,3,29.820976386385894,Bronze,14.2,West,Digital Wallet,True,657.09
T000795,2025-05-06,Home & Kitchen,69.81,6,44.286870723389235,Bronze,7.4,West,PayPal,False,387.86
T000796,2025-02-12,Clothing,51.99,1,29.79523951180992,Platinum,3.9,North,Credit Card,False,49.96
T000797,2025-04-25,Beauty,26.47,6,55.143106094947555,Gold,8.2,North,PayPal,False,145.8
T000798,2025-04-21,Clothing,53.3,3,62.30654200679185,Gold,4.5,South,Digital Wallet,False,152.7
T000799,2025-05-31,Clothing,30.82,5,27.71120855966707,Bronze,9.4,East,Credit Card,False,139.61
T000800,2025-03-21,Home & Kitchen,99.56,3,45.49924585334278,Bronze,3.5,North,Digital Wallet,False,288.23
T000801,2025-04-05,Sports,47.03,5,46.28582748874752,Silver,12.4,West,Digital Wallet,True,205.99
T000802,2025-04-28,Clothing,30.76,5,43.60206186659724,Gold,0.8,North,Cash,False,152.57
T000803,2025-05-24,Clothing,56.39,3,39.283662774426624,Platinum,16.5,North,Cash,True,141.26
T000804,2025-01-08,Beauty,28.97,6,35.1443745479198,Silver,5.1,East,Credit Card,False,164.96
T000805,2025-05-12,Electronics,410.44,3,23.212711384565388,Bronze,7.5,North,Credit Card,False,1138.97
T000806,2025-04-14,Sports,46.09,6,40.05267750529354,Silver,6.7,North,Credit Card,False,258.01
T000807,2025-05-12,Electronics,241.19,6,52.369790492483425,Bronze,7.3,West,Digital Wallet,False,1341.5
T000808,2025-01-25,Sports,72.33,4,55.24331483771274,Gold,3.4,South,Credit Card,True,279.48
T000809,2025-04-06,Home & Kitchen,99.27,1,44.15574222609853,Gold,1.8,West,Cash,False,97.48
T000810,2025-06-04,Clothing,51.15,4,30.137842694175973,Silver,7.5,North,Digital Wallet,False,189.26
T000811,2025-04-03,Sports,48.29,6,26.633907691259356,Bronze,10.8,West,Digital Wallet,True,258.45
T000812,2025-06-09,Electronics,256.85,5,34.58182554339123,Silver,1.5,West,Credit Card,False,1264.99
T000813,2025-06-27,Electronics,220.2,6,19.07879684458983,Silver,4.1,East,PayPal,False,1267.03
T000814,2025-03-02,Home & Kitchen,48.85,5,18.0,Bronze,16.1,West,Cash,True,204.93
T000815,2025-05-02,Clothing,42.63,4,25.85868152175299,Silver,1.6,South,PayPal,False,167.79
T000816,2025-02-20,Home & Kitchen,83.46,3,45.74287773277954,Bronze,2.8,West,PayPal,True,243.37
T000817,2025-05-27,Electronics,237.39,1,22.338205452548905,Bronze,11.7,North,Credit Card,True,209.62
T000818,2025-01-21,Electronics,239.15,4,45.94686808695616,Gold,9.5,West,PayPal,False,865.72
T000819,2025-01-05,Electronics,270.42,2,32.07681038053732,Silver,0.7,West,Credit Card,False,537.05
T000820,2025-04-02,Electronics,295.83,6,56.43343674850419,Platinum,4.3,East,Credit Card,False,1698.66
T000821,2025-06-19,Clothing,41.11,6,34.79006190129545,Bronze,5.0,West,Credit Card,False,234.33
T000822,2025-03-02,Sports,46.08,5,36.45724274702817,Bronze,15.8,South,Credit Card,True,194.0
T000823,2025-01-22,Beauty,38.31,5,32.99621348696783,Bronze,1.5,North,Digital Wallet,False,188.68
T000824,2025-05-29,Sports,54.86,7,33.24683565466937,Platinum,14.0,South,Digital Wallet,True,330.26
T000825,2025-03-11,Electronics,227.92,5,43.05487298287394,Gold,4.1,North,Cash,False,1092.88
T000826,2025-01-01,Clothing,53.27,5,45.44228608370444,Bronze,5.0,North,Digital Wallet,False,253.03
T000827,2025-05-13,Electronics,177.89,4,41.451383803549625,Bronze,7.7,East,PayPal,False,656.77
T000828,2025-01-12,Clothing,52.68,4,26.722249878669977,Bronze,5.6,West,PayPal,False,198.92
T000829,2025-03-31,Clothing,60.09,2,46.880955667168955,Silver,7.5,West,Digital Wallet,False,111.17
T000830,2025-02-15,Electronics,191.83,2,27.480805086787683,Bronze,3.0,East,Credit Card,False,372.15
T000831,2025-02-03,Electronics,222.58,2,28.94562235652195,Bronze,8.2,West,Credit Card,False,408.66
T000832,2025-06-26,Beauty,30.49,3,35.198773138688026,Silver,0.9,North,Cash,False,90.65
T000833,2025-03-19,Clothing,50.49,4,51.301610350204655,Gold,3.8,East,Credit Card,False,194.29
T000834,2025-02-14,Clothing,45.77,5,28.336516664576266,Bronze,14.7,West,Credit Card,True,195.21
T000835,2025-06-04,Electronics,261.92,3,46.410265905240564,Gold,4.2,East,Digital Wallet,False,752.76
T000836,2025-03-14,Electronics,182.17,2,18.0,Bronze,0.7,South,Digital Wallet,False,361.79
T000837,2025-01-26,Sports,60.99,4,48.06642089271007,Bronze,6.1,North,Credit Card,False,229.08
T000838,2025-02-16,Electronics,357.14,3,54.54252616361744,Silver,7.7,South,Credit Card,False,988.92
T000839,2025-05-01,Clothing,37.89,4,49.292941675681156,Silver,2.3,North,Credit Card,False,148.07
T000840,2025-02-25,Electronics,282.94,4,41.39629646286269,Silver,12.9,East,Credit Card,True,985.76
T000841,2025-04-04,Clothing,50.88,8,33.652095164672716,Bronze,7.2,East,Digital Wallet,False,377.73
T000842,2025-04-17,Electronics,273.24,2,30.705242448374076,Bronze,0.9,West,Digital Wallet,False,541.56
T000843,2025-03-04,Sports,68.69,3,,Platinum,3.5,South,Credit Card,False,198.86
T000844,2025-02-17,Sports,64.38,3,34.785341870398724,Bronze,16.6,North,PayPal,True,161.08
T000845,2025-03-02,Sports,57.95,5,53.2196711758577,Gold,17.8,South,Credit Card,True,238.17
T000846,2025-03-22,Clothing,42.34,6,40.55077845191458,Bronze,3.3,East,PayPal,False,245.66
T000847,2025-01-26,Sports,44.48,6,51.40609623259384,Platinum,6.9,West,Credit Card,False,248.47
T000848,2025-02-05,Clothing,41.11,5,70.0,Platinum,8.9,North,PayPal,False,187.26
T000849,2025-01-01,Clothing,50.08,5,61.83199386071024,Platinum,14.0,North,Credit Card,True,215.34
T000850,2025-01-08,Home & Kitchen,312.8,7,41.813141573448824,Silver,3.5,West,Digital Wallet,False,2112.96
T000851,2025-04-23,Electronics,281.77,4,35.2821475596949,Silver,1.9,South,PayPal,False,1105.67
T000852,2025-04-09,Electronics,231.97,6,51.9993537006349,Silver,7.5,North,Digital Wallet,False,1287.43
T000853,2025-06-29,Home & Kitchen,69.05,4,51.98103192474318,Bronze,7.0,North,Digital Wallet,False,256.87
T000854,2025-02-16,Electronics,227.8,4,48.45464989493104,Bronze,3.1,West,Credit Card,False,882.95
T000855,2025-05-07,Home & Kitchen,60.4,2,59.70212867029021,Silver,8.7,West,PayPal,True,110.29
T000856,2025-02-25,Clothing,84.44,5,30.66703183490633,Platinum,13.6,North,Credit Card,True,364.78
T000857,2025-01-14,Sports,58.67,3,45.43653394846406,Bronze,4.4,North,PayPal,False,168.27
T000858,2025-01-28,Beauty,30.89,10,41.55619375418787,Silver,3.8,North,PayPal,False,297.16
T000859,2025-03-19,Sports,54.02,5,50.18577344107321,Gold,4.0,South,Cash,False,259.3
T000860,2025-05-10,Clothing,39.37,5,36.469654441170206,Bronze,7.3,East,Digital Wallet,False,182.48
T000861,2025-04-19,Electronics,198.19,1,46.419245624432236,Bronze,2.5,South,PayPal,False,193.24
T000862,2025-06-03,Clothing,50.84,5,20.544119751577746,Bronze,4.8,North,Digital Wallet,False,242.0
T000863,2025-01-14,Electronics,249.25,5,41.76318584857715,Gold,10.9,South,Credit Card,True,1110.41
T000864,2025-02-25,Electronics,147.06,4,62.54326124507911,Platinum,5.9,North,Credit Card,False,553.53
T000865,2025-04-25,Home & Kitchen,66.5,4,35.766320575845405,Bronze,3.3,North,PayPal,False,257.22
T000866,2025-01-07,Clothing,52.59,4,40.7791393136091,Platinum,5.3,West,Digital Wallet,False,199.21
T000867,2025-01-03,Beauty,24.85,7,54.8329440497706,Platinum,3.4,East,Credit Card,False,168.04
T000868,2025-04-21,Electronics,261.54,2,47.651718703726004,Silver,6.5,South,Credit Card,False,489.08
T000869,2025-05-31,Clothing,34.75,6,21.46219386489365,Bronze,3.6,South,Credit Card,True,200.99
T000870,2025-04-17,Electronics,255.34,2,40.314929988369244,Gold,14.0,North,Digital Wallet,True,439.18
T000871,2025-01-18,Beauty,39.46,5,,Bronze,8.1,East,Credit Card,True,181.32
T000872,2025-02-07,Sports,63.23,2,58.40279765809062,Gold,14.5,West,Credit Card,True,108.12
T000873,2025-04-25,Sports,52.26,5,56.150202960406105,Gold,0.3,South,Digital Wallet,False,260.52
T000874,2025-01-15,Beauty,39.88,5,41.228892897004016,Bronze,3.8,South,Digital Wallet,False,191.82
T000875,2025-04-29,Clothing,38.53,5,49.62417528920578,Silver,9.2,North,Digital Wallet,False,174.93
T000876,2025-01-28,Clothing,45.47,5,41.061212607372056,Gold,3.7,South,Digital Wallet,False,218.94
T000877,2025-02-08,Clothing,47.81,7,,Silver,3.0,South,Digital Wallet,False,324.63
T000878,2025-01-17,Home & Kitchen,93.68,6,55.15064368324737,Gold,10.0,South,Digital Wallet,False,505.87
T000879,2025-03-27,Clothing,40.87,7,54.34556840025209,Silver,18.0,North,PayPal,True,234.59
T000880,2025-05-06,Clothing,48.82,9,45.22902131096923,Platinum,6.0,North,Credit Card,True,413.02
T000881,2025-02-13,Beauty,22.69,7,34.161238358479885,Bronze,11.3,West,Credit Card,True,140.88
T000882,2025-01-25,Beauty,23.01,6,41.67870357171982,Gold,9.6,South,PayPal,True,124.81
T000883,2025-05-25,Sports,57.37,8,42.46653491266602,Silver,13.4,West,Credit Card,True,397.46
T000884,2025-01-13,Sports,57.12,3,53.068146684293744,Gold,18.5,East,Credit Card,True,139.66
T000885,2025-01-25,Home & Kitchen,97.87,6,38.33456292094746,Bronze,5.2,East,Cash,False,556.68
T000886,2025-03-09,Electronics,261.68,5,42.34038086220074,Silver,3.4,South,Credit Card,False,1263.91
T000887,2025-05-18,Electronics,1071.6,5,44.244186525867775,Silver,8.2,East,Credit Card,True,4918.64
T000888,2025-03-08,Home & Kitchen,97.49,6,38.76447978408494,Silver,2.3,East,PayPal,False,571.49
T000889,2025-04-19,Home & Kitchen,86.93,5,45.07409084776348,Gold,6.3,East,Credit Card,False,407.27
T000890,2025-05-26,Electronics,271.27,4,43.33792130986856,Bronze,5.4,West,Digital Wallet,False,1026.49
T000891,2025-04-21,Beauty,23.33,5,32.209229073462744,Bronze,1.8,South,Digital Wallet,False,114.55
T000892,2025-04-21,Electronics,191.43,3,35.32920625550253,Silver,3.6,South,Credit Card,False,553.62
T000893,2025-02-03,Clothing,31.67,7,25.09811639322382,Bronze,3.7,East,Credit Card,False,213.49
T000894,2025-04-21,Home & Kitchen,79.56,3,33.13268601407802,Silver,5.7,West,Credit Card,True,225.08
T000895,2025-01-08,Electronics,196.33,2,59.11907248648957,Gold,5.5,North,PayPal,True,371.06
T000896,2025-06-17,Electronics,245.39,3,49.93936776727719,Gold,6.1,West,Credit Card,False,691.26
T000897,2025-04-23,Clothing,58.23,3,32.364497174160554,Silver,4.8,West,PayPal,False,166.3
T000898,2025-03-24,Sports,45.62,8,39.700035224777636,Silver,11.4,South,PayPal,True,323.35
T000899,2025-02-11,Clothing,46.23,9,31.563725136339883,Bronze,8.6,North,Credit Card,False,380.29
T000900,2025-06-18,Home & Kitchen,80.09,7,50.71367862172339,Bronze,4.0,South,Credit Card,False,538.2
T000901,2025-04-11,Home & Kitchen,54.71,2,45.02139956977957,Silver,10.9,North,Credit Card,True,97.49
T000902,2025-01-06,Electronics,204.99,2,50.188398334971914,Platinum,1.3,North,Credit Card,False,404.65
T000903,2025-06-29,Beauty,21.79,7,38.21268314229841,Silver,15.0,West,Digital Wallet,True,129.65
T000904,2025-01-26,Electronics,241.08,7,54.009851397550534,Gold,28.2,East,Credit Card,True,1211.67
T000905,2025-03-05,Beauty,42.12,5,27.70020097581074,Bronze,6.2,South,PayPal,False,197.54
T000906,2025-02-28,Clothing,38.96,9,34.88444005314083,Silver,7.2,North,PayPal,False,325.39
T000907,2025-04-19,Beauty,27.32,9,37.223427300258344,Bronze,9.7,East,PayPal,False,222.03
T000908,2025-05-01,Electronics,773.31,7,51.62477711058585,Gold,8.6,South,Credit Card,False,4947.64
T000909,2025-02-02,Clothing,33.84,4,35.479836810843196,Bronze,10.6,East,Credit Card,True,121.01
T000910,2025-05-30,Electronics,245.82,5,30.40603829874955,Silver,14.7,North,PayPal,True,1048.42
T000911,2025-01-21,Electronics,247.47,6,42.11151189335075,Gold,8.6,West,Cash,False,1357.13
T000912,2025-03-11,Home & Kitchen,96.88,3,70.0,Bronze,13.7,West,Digital Wallet,True,250.82
T000913,2025-04-22,Electronics,740.25,1,30.28486601628157,Silver,0.4,East,PayPal,False,737.29
T000914,2025-01-04,Home & Kitchen,116.12,2,56.865332317533195,Gold,1.3,East,PayPal,False,229.22
T000915,2025-04-04,Electronics,230.58,4,41.90766998070602,Silver,3.5,North,Digital Wallet,False,890.04
T000916,2025-03-16,Clothing,46.42,5,42.06827732720867,Bronze,3.0,North,Credit Card,False,225.14
T000917,2025-03-03,Sports,53.4,6,34.76753134397272,Silver,5.8,South,Credit Card,True,301.82
T000918,2025-04-04,Clothing,48.58,5,49.503161956748244,Gold,5.7,South,PayPal,False,229.05
T000919,2025-04-05,Home & Kitchen,87.81,5,54.46126834141531,Silver,5.5,West,Credit Card,False,414.9
T000920,2025-06-01,Home & Kitchen,78.61,5,,Silver,3.7,North,Credit Card,False,378.51
T000921,2025-02-24,Sports,63.18,4,45.42823315427425,Silver,6.5,West,Credit Card,False,236.29
T000922,2025-05-17,Clothing,47.85,6,33.69644392661316,Bronze,13.1,South,PayPal,True,249.49
T000923,2025-05-11,Home & Kitchen,100.73,5,63.44895121227158,Platinum,13.3,West,PayPal,True,436.66
T000924,2025-01-31,Beauty,32.43,6,36.565076665584215,Gold,6.4,South,Credit Card,False,182.13
T000925,2025-02-09,Home & Kitchen,76.34,3,32.73389537775816,Bronze,8.1,North,Credit Card,False,210.47
T000926,2025-02-05,Clothing,44.99,6,45.47061447154475,Silver,4.4,East,Credit Card,True,258.06
T000927,2025-06-01,Home & Kitchen,78.91,5,30.434138037000352,Gold,5.8,South,PayPal,False,371.67
T000928,2025-01-06,Home & Kitchen,74.97,1,36.006015150002426,Bronze,,South,Credit Card,False,
T000929,2025-03-07,Home & Kitchen,79.72,2,49.51870062281275,Gold,3.3,West,Digital Wallet,False,154.18
T000930,2025-03-16,Electronics,215.73,1,70.0,Silver,8.3,North,Credit Card,False,197.82
T000931,2025-01-04,Electronics,167.88,4,48.78547694874897,Bronze,4.7,North,Credit Card,False,639.96
T000932,2025-03-20,Sports,46.24,4,56.21826338222096,Bronze,4.7,North,PayPal,False,176.27
T000933,2025-05-14,Clothing,48.83,8,35.91496515356159,Bronze,4.4,North,Digital Wallet,False,373.45
T000934,2025-04-28,Home & Kitchen,83.05,4,45.204765970003315,Silver,5.0,South,Credit Card,False,315.59
T000935,2025-04-23,Clothing,42.38,4,18.985086332212745,Gold,3.6,North,Credit Card,False,163.42
T000936,2025-04-04,Clothing,34.21,7,26.01016211367602,Bronze,,North,Credit Card,False,
T000937,2025-06-28,Electronics,158.0,5,43.87764814910969,Bronze,2.2,West,PayPal,False,772.62
T000938,2025-03-03,Electronics,262.55,5,46.244680514290536,Silver,6.6,North,Digital Wallet,True,1226.11
T000939,2025-03-20,Beauty,32.06,7,52.13785146986022,Bronze,5.0,South,Cash,False,213.2
T000940,2025-05-16,Sports,54.68,6,39.72452197202297,Bronze,14.8,North,Credit Card,True,279.52
T000941,2025-01-26,Home & Kitchen,90.9,4,60.107075062207215,Platinum,9.6,West,Cash,False,328.69
T000942,2025-06-28,Clothing,42.18,7,48.60408714444506,Silver,10.1,South,Credit Card,True,265.44
T000943,2025-06-22,Home & Kitchen,82.7,6,20.24159241472301,Silver,9.3,West,Credit Card,False,450.05
T000944,2025-02-13,Home & Kitchen,58.93,4,20.264312373158063,Bronze,19.9,North,Credit Card,True,188.81
T000945,2025-05-13,Home & Kitchen,88.39,4,43.542828874498234,Silver,3.8,North,Credit Card,False,340.12
T000946,2025-03-11,Electronics,290.59,4,39.15368633793035,Silver,5.7,North,Digital Wallet,False,1096.11
T000947,2025-06-03,Home & Kitchen,70.23,6,44.658615127889824,Gold,6.4,West,Digital Wallet,False,394.41
T000948,2025-04-28,Sports,73.43,6,37.966991830449274,Bronze,4.8,South,Credit Card,False,419.43
T000949,2025-03-09,Beauty,29.15,5,34.795492683064744,Gold,9.3,North,PayPal,False,132.2
T000950,2025-01-19,Electronics,214.59,4,33.183980768034466,Bronze,4.2,West,PayPal,False,822.31
T000951,2025-01-20,Home & Kitchen,74.82,5,41.314440109494036,Platinum,11.8,South,Cash,True,329.96
T000952,2025-04-23,Home & Kitchen,82.77,2,52.07614921078574,Bronze,11.1,South,PayPal,True,147.17
T000953,2025-05-20,Clothing,60.82,8,,Bronze,6.8,East,Credit Card,False,453.47
T000954,2025-02-16,Electronics,223.07,3,40.335983075939055,Bronze,1.3,South,Digital Wallet,False,660.51
T000955,2025-01-01,Clothing,43.21,4,59.09611134941088,Silver,3.4,North,PayPal,False,166.96
T000956,2025-03-31,Clothing,45.36,4,21.10535942466494,Bronze,5.2,West,Digital Wallet,False,172.01
T000957,2025-05-22,Clothing,32.94,4,49.71027437190655,Silver,10.2,North,PayPal,True,118.32
T000958,2025-03-05,Home & Kitchen,71.21,4,39.49867006004898,Silver,12.7,North,Credit Card,True,248.67
T000959,2025-02-07,Home & Kitchen,74.69,5,32.63730557307326,Silver,2.5,North,Digital Wallet,False,364.11
T000960,2025-02-06,Home & Kitchen,72.83,6,35.34809055495183,Bronze,3.7,North,Digital Wallet,False,420.81
T000961,2025-05-06,Beauty,26.45,8,54.39441328644044,Platinum,18.1,East,Digital Wallet,True,173.3
T000962,2025-05-19,Clothing,48.55,8,40.43719691817883,Bronze,4.4,West,Digital Wallet,False,371.31
T000963,2025-04-10,Electronics,241.07,3,29.090921294978525,Platinum,11.9,East,Credit Card,True,637.15
T000964,2025-03-18,Home & Kitchen,70.52,6,31.60166519103684,Gold,3.8,East,Digital Wallet,False,407.04
T000965,2025-01-03,Electronics,226.73,6,36.01158003150301,Silver,12.2,South,PayPal,True,1194.41
T000966,2025-06-10,Clothing,47.35,5,52.414162289005105,Silver,18.9,West,Credit Card,True,192.0
T000967,2025-05-14,Electronics,220.85,2,35.96906640197454,Bronze,11.5,South,Credit Card,True,390.9
T000968,2025-06-27,Electronics,270.01,6,41.70269995069123,Silver,2.8,South,PayPal,True,1574.7
T000969,2025-01-10,Sports,59.88,8,33.70313389520736,Bronze,11.9,West,Digital Wallet,True,422.03
T000970,2025-01-05,Clothing,43.7,6,37.218067753886345,Silver,5.8,East,PayPal,False,246.99
T000971,2025-05-31,Clothing,43.74,5,40.05737190331784,Gold,5.8,West,Credit Card,False,206.02
T000972,2025-05-18,Electronics,268.4,8,30.835442084397965,Platinum,0.9,East,Credit Card,False,2127.88
T000973,2025-06-21,Home & Kitchen,91.07,3,32.62621999943114,Silver,10.6,North,PayPal,True,244.25
T000974,2025-05-10,Clothing,40.89,5,35.742416605299766,Platinum,3.1,West,Credit Card,False,198.11
T000975,2025-01-13,Home & Kitchen,86.2,2,60.0198367600104,Bronze,10.6,East,PayPal,True,154.13
T000976,2025-06-17,Clothing,45.18,8,42.72862904283213,Gold,7.7,North,PayPal,False,333.61
T000977,2025-05-10,Electronics,197.24,2,31.25456335358486,Bronze,4.4,East,Cash,False,377.12
T000978,2025-03-25,Clothing,47.78,3,52.12555692776179,Silver,3.9,South,PayPal,False,137.75
T000979,2025-03-06,Electronics,325.11,3,52.76415724916805,Silver,11.0,West,PayPal,True,868.04
T000980,2025-03-04,Clothing,44.15,6,31.005450791942962,Bronze,11.4,North,PayPal,True,234.7
T000981,2025-04-11,Clothing,59.15,3,61.500259149522805,Silver,,West,Credit Card,True,
T000982,2025-03-14,Beauty,21.01,7,46.598701438851776,Platinum,15.1,North,PayPal,True,124.86
T000983,2025-01-17,Electronics,1175.29,1,47.03759166688093,Bronze,2.6,West,Credit Card,False,1144.73
T000984,2025-01-09,Home & Kitchen,70.16,6,46.33244224224801,Silver,3.6,East,Cash,False,405.81
T000985,2025-05-23,Electronics,164.27,2,46.051848979564674,Bronze,7.5,West,Credit Card,False,303.9
T000986,2025-06-01,Clothing,46.0,6,40.61595350727845,Bronze,4.5,East,Credit Card,False,263.58
T000987,2025-02-07,Clothing,36.42,4,49.79550967875667,Bronze,7.7,West,PayPal,False,134.46
T000988,2025-06-12,Beauty,35.97,5,38.03655179293499,Platinum,13.0,North,Credit Card,True,156.47
T000989,2025-04-04,Electronics,249.42,3,60.881234071473834,Gold,5.9,North,PayPal,False,704.11
T000990,2025-04-05,Electronics,158.56,6,18.08378613331096,Silver,5.7,North,Credit Card,True,897.13
T000991,2025-02-18,Clothing,37.11,5,31.08038716565102,Silver,2.9,South,PayPal,True,180.17
T000992,2025-03-10,Electronics,292.39,6,46.26414011529166,Gold,8.3,South,Cash,False,1608.73
T000993,2025-03-03,Electronics,1531.19,1,41.045944154595944,Silver,2.5,North,PayPal,False,1492.91
T000994,2025-06-27,Home & Kitchen,79.61,3,35.966894714649186,Silver,3.0,North,Cash,False,231.67
T000995,2025-03-19,Electronics,302.5,3,44.099825592971456,Silver,10.1,East,PayPal,True,815.84
T000996,2025-04-27,Electronics,278.78,2,27.42537419052921,Bronze,15.8,North,Digital Wallet,True,469.47
T000997,2025-04-30,Home & Kitchen,48.37,6,,Bronze,1.6,West,Credit Card,False,285.58
T000998,2025-05-17,Clothing,44.42,8,40.47454334970407,Bronze,12.9,North,Credit Card,True,309.52
T000999,2025-06-11,Electronics,320.13,9,46.606776787005,Gold,15.2,South,Digital Wallet,True,2443.23
T001000,2025-03-17,Clothing,34.62,5,33.40121694674096,Bronze,12.8,South,Cash,True,150.94
T001001,2025-02-04,Home & Kitchen,35.11,6,20.419737549977572,Bronze,7.7,North,Cash,False,194.44
T001002,2025-01-01,Clothing,48.44,3,44.75661691563536,Silver,2.6,East,Cash,False,141.54
T001003,2025-02-09,Clothing,35.6,6,47.827593517264944,Gold,9.6,North,Credit Card,False,193.09
T001004,2025-03-05,Electronics,279.5,2,28.90366373506285,Bronze,11.9,North,Digital Wallet,True,492.48
T001005,2025-05-30,Home & Kitchen,62.57,2,37.28910601312364,Silver,3.0,East,Credit Card,False,121.39
T001006,2025-03-01,Clothing,60.92,3,52.918688834199486,Gold,10.0,West,Credit Card,False,164.48
T001007,2025-03-05,Home & Kitchen,107.37,4,28.09401495309946,Silver,2.9,East,Credit Card,True,417.03
T001008,2025-04-03,Sports,66.35,6,41.609960430001436,Silver,0.2,North,Credit Card,False,397.3
T001009,2025-03-13,Home & Kitchen,85.9,3,34.02114462735492,Silver,4.9,South,PayPal,False,245.07
T001010,2025-01-11,Clothing,28.23,6,68.21390162546439,Platinum,5.4,East,Credit Card,False,160.23
T001011,2025-04-15,Clothing,33.3,4,27.27483135193362,Bronze,4.0,North,Digital Wallet,False,127.87
T001012,2025-01-14,Clothing,38.11,4,20.109135013720845,Bronze,7.6,North,Credit Card,False,140.85
T001013,2025-03-01,Electronics,198.9,6,49.274994311596714,Gold,1.7,West,Credit Card,False,1173.11
T001014,2025-01-30,Electronics,270.12,1,38.0920687973469,Bronze,8.6,East,Credit Card,False,246.89
T001015,2025-02-04,Sports,45.62,7,29.63355882889497,Silver,15.1,East,Credit Card,True,271.12
T001016,2025-06-14,Clothing,48.5,8,36.09998701119779,Silver,8.1,North,Digital Wallet,False,356.57
T001017,2025-01-05,Clothing,49.68,8,60.19094748751436,Bronze,8.2,North,Credit Card,False,364.85
T001018,2025-03-24,Home & Kitchen,96.98,5,42.03600770135842,Bronze,3.0,South,Credit Card,False,470.35
T001019,2025-05-03,Home & Kitchen,102.52,5,59.57665593449364,Silver,1.2,North,PayPal,False,506.45
T001020,2025-03-19,Electronics,261.61,3,27.12662478301661,Bronze,11.9,West,Credit Card,True,691.44
T001021,2025-06-03,Sports,70.19,5,55.04552236311996,Silver,6.4,East,Digital Wallet,False,328.49
T001022,2025-03-03,Electronics,224.16,2,30.378370102140956,Silver,9.0,North,Cash,False,407.97
T001023,2025-05-12,Home & Kitchen,81.73,5,56.72210329403404,Gold,8.2,West,Credit Card,False,375.14
T001024,2025-03-30,Sports,70.68,3,55.742209200059094,Bronze,7.3,East,Credit Card,False,196.56
T001025,2025-02-11,Home & Kitchen,86.26,5,30.061931006003565,Bronze,12.0,North,Credit Card,True,379.54
T001026,2025-03-30,Home & Kitchen,67.0,8,47.068135031468394,Silver,1.6,West,PayPal,False,527.42
T001027,2025-05-26,Electronics,247.05,6,44.48277163111901,Silver,11.2,North,PayPal,True,1316.28
T001028,2025-02-09,Clothing,61.66,3,53.23337969661058,Gold,3.8,East,Digital Wallet,True,177.95
T001029,2025-03-13,Home & Kitchen,51.7,3,28.408653162835996,Silver,2.2,South,PayPal,False,151.69
T001030,2025-02-08,Clothing,41.21,5,37.121481649532235,Bronze,8.8,East,Digital Wallet,False,187.92
T001031,2025-04-14,Sports,86.75,5,42.57612724004647,Silver,8.1,South,Digital Wallet,True,398.62
T001032,2025-01-14,Clothing,49.94,5,60.05631059625935,Platinum,12.1,North,Credit Card,True,219.49
T001033,2025-02-01,Clothing,48.06,4,42.71642491284145,Bronze,11.9,West,PayPal,True,169.36
T001034,2025-06-28,Clothing,38.2,4,30.348537094798086,Bronze,5.6,West,Credit Card,True,144.24
T001035,2025-05-05,Clothing,39.88,4,45.85242246874421,Gold,18.7,West,Credit Card,True,129.69
T001036,2025-06-15,Home & Kitchen,70.64,4,29.818404500184993,Bronze,16.2,South,Credit Card,True,236.79
T001037,2025-04-07,Home & Kitchen,108.1,4,21.764272124653832,Bronze,2.8,South,Credit Card,False,420.29
T001038,2025-01-23,Home & Kitchen,76.56,3,40.06010235114648,Bronze,5.4,North,Cash,False,217.28
T001039,2025-03-04,Sports,64.49,7,,Gold,1.3,South,Credit Card,False,445.56
T001040,2025-05-23,Sports,64.67,4,44.313441945427094,Silver,2.3,West,Cash,False,252.73
T001041,2025-06-02,Sports,60.21,3,42.64170958860269,Bronze,9.9,East,Credit Card,False,162.75
T001042,2025-05-25,Electronics,245.14,5,63.4279648675457,Gold,10.8,East,PayPal,True,1093.32
T001043,2025-02-22,Home & Kitchen,46.07,5,60.61577370359136,Bronze,7.0,East,Credit Card,False,214.23
T001044,2025-04-14,Electronics,312.42,3,32.10876896272488,Bronze,7.4,North,Cash,False,867.9
T001045,2025-04-14,Electronics,285.89,5,53.319711929132666,Platinum,2.0,North,Digital Wallet,False,1400.86
T001046,2025-06-28,Home & Kitchen,100.29,3,69.14308823837955,Gold,5.4,North,PayPal,False,284.62
T001047,2025-02-08,Clothing,38.41,8,63.09904362896744,Gold,0.7,East,PayPal,False,305.13
T001048,2025-06-28,Electronics,222.61,4,54.09558942507821,Platinum,19.9,South,Digital Wallet,True,713.24
T001049,2025-05-14,Electronics,389.51,5,40.39222306386539,Gold,6.4,West,Credit Card,False,1822.91
T001050,2025-03-08,Electronics,167.96,7,26.345322635846962,Bronze,11.1,South,Credit Card,True,1045.22
T001051,2025-05-15,Beauty,33.58,6,30.463347032764347,Bronze,9.2,North,PayPal,False,182.94
T001052,2025-06-28,Electronics,303.34,2,48.33987143953072,Silver,10.5,West,PayPal,True,542.98
T001053,2025-02-11,Electronics,154.33,4,45.53316808835497,Bronze,1.2,South,Cash,True,609.91
T001054,2025-01-15,Clothing,44.55,5,42.82389832027038,Silver,4.2,West,Credit Card,False,213.39
T001055,2025-04-21,Clothing,42.62,7,52.92094411158944,Gold,1.0,North,PayPal,False,295.36
T001056,2025-06-06,Beauty,22.34,3,56.03905295300668,Gold,5.3,South,Cash,False,63.47
T001057,2025-02-02,Electronics,284.01,5,56.02206844090805,Gold,5.6,East,PayPal,False,1340.53
T001058,2025-06-04,Clothing,32.44,6,50.83610672633571,Silver,2.7,East,Credit Card,False,189.38
T001059,2025-06-13,Home & Kitchen,83.62,3,48.207891013848695,Gold,7.2,East,PayPal,False,232.8
T001060,2025-06-06,Beauty,26.02,5,35.68124245218604,Gold,9.5,West,Digital Wallet,False,117.74
T001061,2025-02-07,Home & Kitchen,38.77,6,43.0246710229868,Silver,13.7,West,Credit Card,True,200.75
T001062,2025-04-07,Sports,48.71,6,46.31498603755001,Bronze,13.1,South,Cash,True,253.97
T001063,2025-06-04,Electronics,219.99,5,41.35949901612092,Silver,1.2,West,Cash,True,1086.75
T001064,2025-02-02,Clothing,51.1,5,22.912844684069434,Bronze,1.1,West,PayPal,False,252.69
T001065,2025-03-27,Clothing,51.26,2,45.847100540423114,Silver,3.7,East,Credit Card,False,98.73
T001066,2025-03-07,Sports,36.61,8,41.307634160224275,Bronze,10.0,East,Credit Card,False,263.59
T001067,2025-01-10,Electronics,256.32,3,40.34264892099662,Gold,12.4,East,PayPal,True,673.61
T001068,2025-01-05,Electronics,219.31,2,48.8839701678502,Silver,1.5,East,Credit Card,False,432.04
T001069,2025-05-03,Clothing,46.01,6,48.6369378560154,Gold,8.4,South,Credit Card,False,252.87
T001070,2025-03-15,Electronics,247.88,5,56.32467155653153,Bronze,3.7,West,Credit Card,True,1193.54
T001071,2025-04-07,Electronics,226.04,1,49.09563282023551,Silver,7.9,East,Digital Wallet,False,208.18
T001072,2025-04-28,Beauty,36.31,7,37.39245185070962,Bronze,3.9,North,Digital Wallet,False,244.26
T001073,2025-02-07,Clothing,33.47,5,57.880803339089965,Silver,5.5,East,Credit Card,False,158.15
T001074,2025-05-21,Home & Kitchen,67.17,6,60.04588073736706,Silver,3.7,South,Digital Wallet,False,388.11
T001075,2025-06-08,Home & Kitchen,98.88,5,41.74797030340977,Gold,5.4,North,PayPal,False,467.7
T001076,2025-02-16,Clothing,42.04,6,56.98988475263886,Bronze,13.2,East,PayPal,True,218.94
T001077,2025-04-19,Electronics,272.56,12,43.96087405731845,Silver,5.1,West,Credit Card,False,3103.91
T001078,2025-06-29,Electronics,263.88,2,55.79540186672935,Silver,1.8,North,PayPal,False,518.26
T001079,2025-01-15,Clothing,47.36,4,57.88279161035592,Gold,18.6,West,Credit Card,True,154.2
T001080,2025-06-06,Home & Kitchen,72.3,4,34.404923162332395,Silver,3.4,East,PayPal,False,279.37
T001081,2025-05-16,Clothing,34.7,5,58.79839133592711,Silver,4.7,East,Credit Card,False,165.35
T001082,2025-01-05,Electronics,1100.92,4,42.54328476029116,Bronze,8.1,West,Digital Wallet,False,4046.98
T001083,2025-06-06,Clothing,41.88,4,46.67827723708211,Bronze,9.5,West,Credit Card,True,151.61
T001084,2025-02-16,Beauty,34.36,4,,Gold,6.6,North,PayPal,True,128.37
T001085,2025-03-09,Sports,59.02,4,38.91093493253475,Silver,3.1,West,PayPal,False,228.76
T001086,2025-03-17,Sports,72.01,3,53.90513448414517,Platinum,2.9,North,Digital Wallet,False,209.77
T001087,2025-06-22,Sports,61.58,5,44.003198261596744,Silver,2.9,North,Credit Card,False,298.97
T001088,2025-05-10,Clothing,47.52,5,36.54859177546392,Platinum,18.4,East,Digital Wallet,True,193.88
T001089,2025-06-04,Sports,63.53,3,49.721098288353254,Bronze,0.8,West,Cash,True,189.07
T001090,2025-04-05,Electronics,218.33,4,57.03086572195603,Silver,13.1,North,Cash,True,758.92
T001091,2025-04-25,Home & Kitchen,85.67,6,43.266495895302036,Bronze,4.7,East,Digital Wallet,False,489.86
T001092,2025-06-13,Home & Kitchen,60.88,4,29.83645575030527,Bronze,5.7,East,PayPal,False,229.64
T001093,2025-02-05,Electronics,255.8,6,38.13355011982266,Platinum,2.5,East,Credit Card,True,1496.43
T001094,2025-01-26,Sports,73.08,2,33.51940553604608,Silver,8.9,East,PayPal,False,133.15
T001095,2025-02-12,Beauty,30.55,7,69.30160723524072,Bronze,1.2,East,Credit Card,False,211.28
T001096,2025-01-27,Clothing,52.46,3,31.51143181676548,Silver,,South,PayPal,False,
T001097,2025-03-10,Sports,42.6,6,18.0,Silver,1.8,East,Credit Card,False,251.0
T001098,2025-05-28,Electronics,257.02,1,37.38141201618794,Bronze,10.0,South,Credit Card,False,231.32
T001099,2025-01-11,Home & Kitchen,87.84,2,44.2362743293377,Silver,9.8,North,PayPal,False,158.46
T001100,2025-03-15,Clothing,41.97,6,42.39505132840636,Bronze,10.0,North,Credit Card,False,226.64
T001101,2025-04-14,Clothing,45.62,5,44.158285290408436,Silver,2.8,East,Credit Card,False,221.71
T001102,2025-02-07,Beauty,36.83,7,26.643141707185617,Bronze,12.0,West,PayPal,True,226.87
T001103,2025-05-14,Sports,56.57,3,42.73965903263798,Silver,4.6,North,Credit Card,False,161.9
T001104,2025-01-23,Sports,50.74,3,30.113640796079533,Silver,15.0,North,PayPal,True,129.39
T001105,2025-02-16,Clothing,36.91,6,52.86322953380019,Gold,10.8,East,Credit Card,True,197.54
T001106,2025-03-31,Beauty,29.55,7,,Gold,9.9,North,Digital Wallet,False,186.37
T001107,2025-02-15,Electronics,209.72,9,40.96454397946037,Platinum,6.4,West,Credit Card,False,1766.68
T001108,2025-04-17,Sports,53.25,1,32.46538260643197,Bronze,1.9,South,Credit Card,False,52.24
T001109,2025-05-20,Clothing,49.62,3,53.42948829904752,Silver,10.6,West,PayPal,True,133.08
T001110,2025-05-21,Electronics,361.9,3,36.357443842437796,Bronze,2.5,East,PayPal,False,1058.56
T001111,2025-04-14,Home & Kitchen,74.87,5,29.39716277914961,Bronze,6.5,West,Credit Card,False,350.02
T001112,2025-04-21,Electronics,275.79,2,54.6539523857259,Gold,7.8,North,PayPal,False,508.56
T001113,2025-04-14,Electronics,154.38,3,18.08370339777464,Bronze,2.7,South,Cash,False,450.64
T001114,2025-03-01,Clothing,41.46,3,50.30601455586,Gold,15.9,North,Credit Card,True,104.6
T001115,2025-06-20,Electronics,275.12,3,46.04245007975413,Bronze,5.4,East,Credit Card,False,780.79
T001116,2025-04-10,Electronics,218.86,5,70.0,Bronze,0.1,North,PayPal,False,1093.21
T001117,2025-03-09,Electronics,192.0,5,49.80808482351377,Gold,7.2,East,Digital Wallet,False,890.88
T001118,2025-05-13,Clothing,64.68,3,48.007216045791665,Bronze,,West,PayPal,True,
T001119,2025-04-30,Electronics,208.2,7,31.781086491090896,Bronze,1.9,North,PayPal,False,1429.71
T001120,2025-02-06,Home & Kitchen,75.64,2,39.36697427367446,Bronze,5.2,North,Credit Card,True,143.41
T001121,2025-03-13,Electronics,190.66,3,45.145726519901096,Bronze,10.8,North,Digital Wallet,True,510.21
T001122,2025-05-07,Beauty,33.86,7,59.064964374309795,Gold,16.1,West,Cash,True,198.86
T001123,2025-04-16,Sports,58.1,7,32.77097608830367,Silver,5.8,West,PayPal,False,383.11
T001124,2025-04-02,Clothing,31.55,6,19.9402191043351,Bronze,15.3,North,Credit Card,True,160.34
T001125,2025-01-31,Sports,54.31,1,42.867616621749754,Gold,3.9,North,Credit Card,False,52.19
T001126,2025-05-02,Sports,221.2,3,22.879381814848387,Silver,0.7,North,Credit Card,False,658.95
T001127,2025-05-17,Beauty,25.08,4,51.71382791761299,Bronze,7.9,East,Credit Card,False,92.39
T001128,2025-02-20,Home & Kitchen,91.28,4,60.196893660882324,Silver,7.4,East,Credit Card,True,338.1
T001129,2025-01-29,Electronics,265.95,4,54.37013303652361,Bronze,11.7,East,Credit Card,True,939.34
T001130,2025-02-09,Home & Kitchen,33.41,6,35.95778183670885,Bronze,13.5,North,Credit Card,True,173.4
T001131,2025-02-10,Home & Kitchen,104.89,5,61.44487181460379,Gold,8.6,North,Digital Wallet,False,479.35
T001132,2025-01-11,Home & Kitchen,77.25,6,32.785332257788795,Bronze,17.1,North,PayPal,True,384.24
T001133,2025-05-31,Clothing,54.92,3,30.20827010278905,Bronze,6.5,East,PayPal,False,154.05
T001134,2025-01-01,Sports,64.47,2,59.154960486161094,Gold,2.6,North,PayPal,True,125.59
T001135,2025-02-15,Beauty,31.11,4,37.73381971967283,Silver,0.4,North,PayPal,False,123.94
T001136,2025-04-11,Electronics,176.99,5,43.908824789183804,Gold,9.6,South,Credit Card,False,799.99
T001137,2025-05-29,Electronics,243.34,3,54.17550197024617,Bronze,1.3,North,Credit Card,False,720.53
T001138,2025-03-31,Electronics,229.43,2,28.806293805797154,Bronze,1.3,East,Credit Card,False,452.89
T001139,2025-04-20,Sports,74.41,3,35.587717926630646,Bronze,18.9,North,Credit Card,True,181.04
T001140,2025-06-13,Home & Kitchen,61.03,7,34.947788067100475,Platinum,2.6,West,Credit Card,False,416.1
T001141,2025-02-26,Home & Kitchen,35.78,7,39.203109890724534,Bronze,4.6,South,Digital Wallet,False,238.94
T001142,2025-01-01,Clothing,59.57,4,33.474562236122686,Silver,7.9,South,Credit Card,False,219.46
T001143,2025-03-04,Home & Kitchen,60.38,6,46.462831290400224,Platinum,4.1,East,Credit Card,False,347.43
T001144,2025-02-24,Clothing,42.42,7,46.31115243714007,Bronze,6.4,West,Credit Card,False,277.94
T001145,2025-04-25,Clothing,57.91,8,42.014698343631785,Gold,1.6,West,PayPal,False,455.87
T001146,2025-06-17,Sports,40.78,7,44.746236407239756,Bronze,11.0,South,PayPal,True,254.06
T001147,2025-05-23,Beauty,38.14,5,34.14381732796966,Bronze,14.0,South,Credit Card,True,164.0
T001148,2025-05-29,Beauty,38.03,3,42.25372737942737,Bronze,11.1,North,Credit Card,True,101.43
T001149,2025-06-24,Beauty,36.2,10,21.778617537050152,Gold,7.6,North,Credit Card,False,334.49
T001150,2025-02-22,Clothing,42.73,10,53.88002207826154,Silver,5.8,East,Credit Card,False,402.52
T001151,2025-05-17,Clothing,43.58,4,35.269366121547364,Bronze,8.5,South,Cash,False,159.5
T001152,2025-06-29,Home & Kitchen,89.43,4,35.7837716600818,Platinum,3.4,West,Digital Wallet,False,345.56
T001153,2025-02-26,Beauty,22.8,6,30.78428889654795,Silver,4.3,East,PayPal,False,130.92
T001154,2025-04-27,Electronics,321.18,5,43.68052627388107,Silver,5.1,North,Credit Card,True,1524.0
T001155,2025-06-03,Clothing,43.03,11,35.59438367090101,Silver,4.6,East,Credit Card,False,451.56
T001156,2025-06-18,Electronics,235.83,4,49.5551205470315,Bronze,3.0,South,Digital Wallet,False,915.02
T001157,2025-02-04,Home & Kitchen,333.9,5,29.40166933332592,Silver,10.4,West,Credit Card,True,1495.87
T001158,2025-03-04,Clothing,43.15,7,43.65798786949551,Gold,5.7,South,Credit Card,False,284.83
T001159,2025-01-25,Clothing,49.51,6,47.1075700344992,Bronze,8.5,North,PayPal,False,271.81
T001160,2025-03-31,Electronics,214.61,4,51.56247773872158,Silver,0.9,South,Credit Card,False,850.71
T001161,2025-03-16,Clothing,34.69,9,50.000803789819315,Platinum,1.7,West,Credit Card,False,306.9
T001162,2025-02-07,Sports,59.76,6,31.1162851630971,Bronze,5.6,West,PayPal,False,338.48
T001163,2025-05-10,Electronics,1026.68,2,,Silver,10.5,West,PayPal,True,1837.76
T001164,2025-05-15,Home & Kitchen,82.76,5,40.75026529278568,Silver,5.0,West,PayPal,False,393.11
T001165,2025-06-11,Home & Kitchen,57.05,5,29.427569297420703,Silver,5.4,South,Digital Wallet,True,269.85
T001166,2025-04-01,Sports,59.62,4,41.680465400219944,Bronze,7.1,East,Credit Card,False,221.55
T001167,2025-01-17,Electronics,341.28,3,25.27140406597612,Silver,9.9,West,Digital Wallet,False,922.48
T001168,2025-05-08,Beauty,22.56,7,44.822919570535866,Bronze,6.9,West,Credit Card,True,147.02
T001169,2025-06-20,Home & Kitchen,112.66,4,56.47151804580171,Bronze,13.6,South,Credit Card,True,389.35
T001170,2025-04-18,Beauty,38.11,6,53.9848894478193,Gold,5.6,East,Digital Wallet,False,215.86
T001171,2025-06-28,Beauty,25.25,5,46.696201637959135,Bronze,5.2,North,Credit Card,False,119.68
T001172,2025-06-01,Electronics,222.46,7,45.102175253910254,Silver,3.0,East,Credit Card,False,1510.5
T001173,2025-01-25,Electronics,300.24,3,40.62276770491917,Silver,7.9,East,Credit Card,True,829.56
T001174,2025-06-29,Clothing,62.52,2,67.92523442164088,Gold,6.1,East,Credit Card,False,117.41
T001175,2025-03-29,Clothing,46.92,6,39.43205941102136,Silver,1.6,East,PayPal,False,277.02
T001176,2025-06-10,Electronics,170.98,1,26.199758270531184,Gold,9.6,West,PayPal,False,154.57
T001177,2025-06-26,Electronics,285.03,2,51.155646408702175,Platinum,1.2,West,Cash,False,563.22
T001178,2025-01-29,Clothing,49.61,5,47.53234018241202,Silver,10.3,North,Credit Card,True,222.5
T001179,2025-03-04,Electronics,191.02,3,28.750579104997623,Bronze,4.2,East,Digital Wallet,False,548.99
T001180,2025-05-30,Electronics,273.22,6,,Silver,4.0,North,Credit Card,False,1573.75
T001181,2025-06-03,Clothing,38.74,9,,Silver,16.1,North,Credit Card,True,292.53
T001182,2025-06-05,Electronics,299.74,6,35.22452976497607,Bronze,5.7,South,Credit Card,False,1695.93
T001183,2025-04-24,Clothing,49.99,4,53.01023767540346,Bronze,5.7,South,Digital Wallet,False,188.56
T001184,2025-02-18,Clothing,169.26,3,32.66407986510123,Silver,2.3,North,Digital Wallet,False,496.1
T001185,2025-03-22,Clothing,40.17,6,38.98334223551091,Bronze,2.5,East,Credit Card,False,234.99
T001186,2025-03-25,Sports,51.21,6,36.94535632474963,Bronze,0.2,North,Credit Card,False,306.65
T001187,2025-04-15,Clothing,51.92,4,47.40696091868447,Silver,10.9,East,Cash,True,185.04
T001188,2025-06-26,Clothing,40.35,7,49.59199201963161,Bronze,5.4,West,Credit Card,False,267.2
T001189,2025-05-28,Clothing,44.1,9,47.38868676094592,Bronze,3.4,North,Digital Wallet,False,383.41
T001190,2025-04-28,Sports,48.2,6,19.838608138020177,Bronze,2.2,South,Credit Card,True,282.84
T001191,2025-03-27,Sports,45.05,6,43.957796260483576,Silver,5.2,North,PayPal,False,256.24
T001192,2025-03-04,Sports,53.18,4,47.72730202833856,Bronze,18.0,East,Digital Wallet,True,174.43
T001193,2025-04-14,Home & Kitchen,65.11,6,49.10673499951618,Silver,9.5,West,Cash,False,353.55
T001194,2025-02-18,Electronics,772.61,5,39.870316360185306,Silver,5.1,North,PayPal,False,3666.03
T001195,2025-03-12,Clothing,30.88,5,42.28292098906841,Bronze,2.1,East,Credit Card,False,151.16
T001196,2025-01-01,Electronics,208.71,7,35.17619918667954,Bronze,4.2,North,Credit Card,False,1399.61
T001197,2025-05-21,Beauty,27.17,11,57.33557998671321,Gold,8.0,East,Cash,False,274.96
T001198,2025-06-28,Home & Kitchen,80.94,5,25.902247561649425,Silver,2.5,East,Digital Wallet,False,394.58
T001199,2025-05-03,Home & Kitchen,391.39,4,47.41976894490395,Bronze,3.6,East,Credit Card,False,1509.2
T001200,2025-03-03,Clothing,49.56,4,30.058248608381216,Bronze,3.4,East,Digital Wallet,False,191.5
T001201,2025-02-01,Sports,69.19,2,36.24515957070078,Bronze,15.0,South,PayPal,True,117.62
T001202,2025-06-07,Clothing,34.19,9,41.528012663612756,Bronze,7.5,West,Digital Wallet,False,284.63
T001203,2025-01-29,Electronics,244.95,4,18.1699778707044,Silver,7.4,South,Cash,False,907.29
T001204,2025-02-18,Clothing,47.77,6,25.28197421677415,Bronze,4.8,South,Credit Card,False,272.86
T001205,2025-06-22,Home & Kitchen,82.51,4,22.784361841197537,Silver,5.6,South,Credit Card,True,311.56
T001206,2025-01-30,Clothing,53.05,2,47.112006442719945,Bronze,6.3,North,PayPal,False,99.42
T001207,2025-05-24,Sports,50.29,6,54.28281278997858,Bronze,1.2,East,Credit Card,False,298.12
T001208,2025-06-17,Electronics,245.4,5,22.849199134302026,Gold,12.4,North,PayPal,True,1074.85
T001209,2025-01-19,Home & Kitchen,60.64,3,39.8643641691833,Gold,8.9,East,PayPal,True,165.73
T001210,2025-01-18,Clothing,37.92,5,45.29436353166873,Gold,5.2,East,Digital Wallet,False,179.74
T001211,2025-01-01,Clothing,54.91,5,45.24397143687435,Bronze,2.4,North,Credit Card,True,267.96
T001212,2025-03-19,Sports,39.37,6,66.10330881923782,Gold,16.5,South,PayPal,True,197.24
T001213,2025-04-25,Sports,63.63,4,43.84302989301488,Silver,10.2,East,Digital Wallet,True,228.56
T001214,2025-06-24,Home & Kitchen,92.36,7,30.863201398880157,Platinum,8.3,North,Credit Card,False,592.86
T001215,2025-04-23,Sports,52.95,5,50.98514547808888,Silver,8.6,North,PayPal,False,241.98
T001216,2025-04-24,Home & Kitchen,97.12,1,61.095121649811226,Platinum,5.4,South,Credit Card,False,91.88
T001217,2025-06-15,Electronics,272.46,4,26.379477431735243,Silver,2.2,West,Digital Wallet,True,1065.86
T001218,2025-06-28,Home & Kitchen,66.95,5,48.409669229083434,Silver,12.2,South,PayPal,True,293.91
T001219,2025-03-04,Clothing,40.44,5,42.342242633455854,Bronze,6.9,East,Credit Card,False,188.25
T001220,2025-05-12,Electronics,256.44,4,30.565328919886966,Gold,3.9,East,Digital Wallet,True,985.76
T001221,2025-05-09,Electronics,247.19,5,34.33779667845168,Gold,7.2,South,Credit Card,False,1146.96
T001222,2025-01-08,Home & Kitchen,94.63,3,61.099528717316204,Silver,16.6,South,Credit Card,True,236.76
T001223,2025-06-06,Home & Kitchen,66.46,4,51.27148825109205,Bronze,2.6,West,PayPal,False,258.93
T001224,2025-02-24,Electronics,196.18,4,47.101921085210385,Silver,8.3,West,PayPal,False,719.59
T001225,2025-04-13,Home & Kitchen,51.9,7,24.097225837078,Bronze,4.0,East,Digital Wallet,False,348.77
T001226,2025-05-11,Beauty,23.79,4,50.091144135446626,Gold,7.2,South,PayPal,False,88.31
T001227,2025-02-01,Electronics,292.95,5,55.39555954413927,Platinum,4.1,South,PayPal,False,1404.7
T001228,2025-01-10,Electronics,316.45,3,25.609462120106485,Bronze,5.7,East,Credit Card,False,895.24
T001229,2025-04-20,Sports,70.48,3,42.26099418650474,Silver,7.8,South,Credit Card,False,194.95
T001230,2025-06-11,Clothing,43.89,5,54.09773483264334,Silver,5.3,South,Credit Card,False,207.82
T001231,2025-05-04,Home & Kitchen,88.06,3,52.479692402576745,Gold,7.3,North,Credit Card,False,244.89
T001232,2025-03-28,Electronics,286.83,4,,Bronze,6.1,West,Cash,False,1077.33
T001233,2025-02-24,Clothing,56.22,9,42.53273907718696,Gold,3.2,West,Credit Card,False,489.79
T001234,2025-02-01,Home & Kitchen,365.83,3,55.02794382758607,Silver,12.6,South,Digital Wallet,True,959.21
T001235,2025-06-27,Home & Kitchen,64.13,2,43.93512944859294,Bronze,9.0,North,Digital Wallet,False,116.72
T001236,2025-05-15,Sports,59.21,3,48.63021257548901,Platinum,5.3,North,Digital Wallet,False,168.22
T001237,2025-04-03,Sports,49.01,5,46.11947666618153,Platinum,2.8,North,Cash,False,238.19
T001238,2025-01-08,Sports,63.21,4,29.242205509917447,Bronze,4.5,West,Credit Card,False,241.46
T001239,2025-03-06,Home & Kitchen,80.62,3,30.940473811038384,Bronze,8.5,North,PayPal,True,221.3
T001240,2025-02-26,Electronics,143.33,4,24.576009321206374,Gold,6.8,East,Credit Card,False,534.33
T001241,2025-03-08,Clothing,58.67,2,37.41156671659508,Gold,7.1,North,Digital Wallet,True,109.01
T001242,2025-03-13,Electronics,278.23,3,51.74216649168335,Platinum,2.7,East,Cash,False,812.15
T001243,2025-02-23,Sports,74.95,1,,Silver,10.9,North,Cash,True,66.78
T001244,2025-03-08,Clothing,45.75,7,41.61013300337973,Bronze,18.8,North,PayPal,True,260.04
T001245,2025-02-20,Home & Kitchen,77.45,2,58.3067117658646,Silver,5.4,West,Digital Wallet,False,146.54
T001246,2025-04-07,Clothing,36.12,4,38.3605159187927,Silver,7.0,North,Credit Card,False,134.37
T001247,2025-04-02,Sports,45.91,7,48.70701776711035,Platinum,13.0,North,Credit Card,True,279.59
T001248,2025-01-08,Sports,61.48,3,37.90894592595889,Silver,8.4,East,PayPal,False,168.95
T001249,2025-06-11,Clothing,47.82,5,24.031158928977746,Bronze,5.6,North,PayPal,False,225.71
T001250,2025-02-04,Sports,50.44,6,32.9694310993892,Silver,9.4,East,Cash,False,274.19
T001251,2025-04-06,Clothing,113.51,5,32.64994213346152,Silver,2.7,West,Cash,False,552.23
T001252,2025-03-29,Clothing,41.82,6,24.941953960608302,Bronze,8.2,North,Credit Card,False,230.34
T001253,2025-03-19,Sports,37.32,3,40.17433720135593,Silver,3.0,East,Cash,False,108.6
T001254,2025-02-01,Clothing,48.4,7,33.09493405955621,Bronze,12.3,North,Credit Card,True,297.13
T001255,2025-04-30,Beauty,25.84,3,59.969992765591684,Bronze,4.0,South,Credit Card,False,74.42
T001256,2025-02-15,Electronics,256.19,3,39.18892035475733,Gold,5.1,West,PayPal,False,729.37
T001257,2025-05-24,Electronics,208.56,2,31.955236222571273,Bronze,6.3,East,PayPal,False,390.84
T001258,2025-06-14,Beauty,26.34,10,28.94474375010541,Bronze,5.2,South,PayPal,False,249.7
T001259,2025-05-22,Electronics,234.69,5,28.539909137797572,Bronze,4.8,North,Credit Card,False,1117.12
T001260,2025-02-24,Beauty,35.81,6,52.531619422915526,Platinum,1.3,North,Digital Wallet,False,212.07
T001261,2025-06-25,Beauty,21.98,8,53.58073284039711,Bronze,3.6,South,Credit Card,False,169.51
T001262,2025-01-07,Electronics,196.23,1,18.035631434607318,Bronze,5.6,South,Credit Card,False,185.24
T001263,2025-03-15,Clothing,31.05,9,67.95626671826503,Silver,4.7,South,Credit Card,False,266.32
T001264,2025-01-07,Electronics,296.87,5,42.923533722275394,Bronze,10.2,North,Credit Card,True,1332.95
T001265,2025-06-10,Clothing,36.85,4,54.26673653188983,Gold,3.3,East,Digital Wallet,False,142.54
T001266,2025-05-31,Electronics,266.27,2,32.37063992451553,Silver,11.9,North,Digital Wallet,True,469.17
T001267,2025-03-26,Electronics,300.28,5,30.188998030246516,Gold,3.3,South,Credit Card,True,1451.85
T001268,2025-05-27,Clothing,43.79,4,39.019570425482826,Bronze,12.9,West,Credit Card,True,152.56
T001269,2025-04-22,Clothing,48.43,7,46.50230789888704,Silver,7.5,West,Digital Wallet,False,313.58
T001270,2025-05-05,Beauty,36.14,6,44.627454252216786,Gold,12.1,South,Credit Card,True,190.6
T001271,2025-05-27,Sports,49.75,7,56.03291024920766,Bronze,4.4,North,Credit Card,False,332.93
T001272,2025-02-05,Home & Kitchen,92.99,3,20.779038314710384,Bronze,3.1,West,Digital Wallet,False,270.32
T001273,2025-01-29,Clothing,49.77,4,52.88495265057347,Gold,7.2,South,Credit Card,False,184.75
T001274,2025-03-23,Sports,65.73,3,48.16686587114796,Silver,8.2,South,Cash,False,181.02
T001275,2025-01-02,Clothing,61.17,6,45.745595676232206,Bronze,20.5,North,PayPal,True,291.78
T001276,2025-05-09,Home & Kitchen,104.49,4,25.835085122434354,Bronze,17.3,East,PayPal,True,345.65
T001277,2025-02-16,Beauty,25.28,6,32.41835746381122,Silver,14.7,East,Credit Card,True,129.38
T001278,2025-05-28,Clothing,52.64,4,49.654624488526636,Silver,9.4,South,PayPal,False,190.77
T001279,2025-01-11,Home & Kitchen,82.71,4,18.0,Silver,2.0,West,PayPal,False,324.22
T001280,2025-05-10,Sports,46.72,6,19.241392652955508,Bronze,2.8,North,PayPal,False,272.47
T001281,2025-04-29,Beauty,25.05,3,47.51424928433773,Silver,8.1,South,Digital Wallet,False,69.06
T001282,2025-05-20,Home & Kitchen,46.36,6,48.74789449404908,Silver,21.4,North,Credit Card,True,218.63
T001283,2025-01-20,Clothing,52.58,4,33.05829397181205,Silver,7.5,East,Credit Card,False,194.55
T001284,2025-01-05,Clothing,47.64,4,33.02393385959491,Bronze,10.9,North,Credit Card,True,169.79
T001285,2025-02-06,Electronics,232.29,5,53.416753064404844,Silver,2.2,East,Digital Wallet,False,1135.9
T001286,2025-06-15,Sports,47.57,6,52.64209563053518,Gold,7.3,West,Credit Card,True,264.58
T001287,2025-05-17,Electronics,339.47,4,37.923115985565616,Silver,11.9,West,Cash,True,1196.29
T001288,2025-02-22,Sports,60.19,4,27.26127301193147,Silver,12.0,North,Credit Card,True,211.87
T001289,2025-06-21,Electronics,308.26,4,59.70128242321955,Silver,0.5,West,Credit Card,False,1226.87
T001290,2025-04-09,Electronics,230.94,4,26.55644096831122,Silver,5.1,East,Credit Card,False,876.65
T001291,2025-03-27,Clothing,21.22,7,50.11153397616457,Silver,8.6,West,Credit Card,False,135.77
T001292,2025-04-18,Home & Kitchen,93.67,2,56.404298008892894,Platinum,6.3,East,PayPal,False,175.54
T001293,2025-01-24,Electronics,241.29,5,41.91919468664081,Bronze,2.9,East,Credit Card,False,1171.46
T001294,2025-03-22,Clothing,31.01,5,34.935611779249435,Bronze,2.1,East,PayPal,False,151.79
T001295,2025-06-07,Clothing,28.08,3,22.629682260349,Bronze,1.1,South,PayPal,False,83.31
T001296,2025-04-30,Electronics,279.5,5,42.748509790830575,Platinum,7.2,South,Credit Card,False,1296.88
T001297,2025-02-28,Electronics,259.94,2,24.445909007451352,Gold,1.3,East,Credit Card,False,513.12
T001298,2025-05-08,Sports,60.14,5,45.68130927426394,Bronze,23.6,East,Credit Card,True,229.73
T001299,2025-04-24,Clothing,42.22,10,18.0,Bronze,11.7,East,Credit Card,True,372.8
T001300,2025-04-25,Electronics,304.65,2,21.878757883672556,Bronze,16.7,North,PayPal,True,507.55
T001301,2025-01-14,Sports,56.79,9,43.57793428147365,Bronze,20.0,North,PayPal,True,408.89
T001302,2025-01-09,Beauty,37.81,9,52.0759889283904,Silver,11.0,East,Digital Wallet,True,302.86
T001303,2025-02-09,Home & Kitchen,64.51,2,38.58805731013761,Bronze,10.2,South,Digital Wallet,True,115.86
T001304,2025-01-25,Clothing,46.7,7,54.608529430883124,Gold,5.5,South,PayPal,False,308.92
T001305,2025-04-13,Sports,55.83,4,,Bronze,6.6,East,Credit Card,True,208.58
T001306,2025-01-22,Beauty,25.4,6,68.13230791330037,Silver,7.6,South,Credit Card,False,140.82
T001307,2025-01-04,Sports,60.0,2,26.03039543589827,Bronze,13.8,West,PayPal,True,103.44
T001308,2025-06-03,Clothing,31.07,7,33.44460839449349,Platinum,14.5,East,Credit Card,True,185.95
T001309,2025-01-29,Home & Kitchen,73.91,5,58.21529445781464,Silver,2.2,South,Credit Card,False,361.42
T001310,2025-04-19,Home & Kitchen,85.01,5,38.90015310487201,Bronze,4.2,South,Credit Card,True,407.2
T001311,2025-04-08,Electronics,199.79,5,53.395601311831186,Gold,6.3,North,Credit Card,False,936.02
T001312,2025-02-06,Clothing,44.76,6,26.13504835953804,Silver,4.0,North,PayPal,False,257.82
T001313,2025-03-16,Sports,66.52,2,30.56992946270249,Silver,6.3,East,Digital Wallet,False,124.66
T001314,2025-03-11,Home & Kitchen,80.62,3,49.17570153944266,Silver,2.7,North,Credit Card,False,235.33
T001315,2025-05-26,Clothing,44.85,8,24.747430439916997,Bronze,4.7,South,Digital Wallet,False,341.94
T001316,2025-05-08,Home & Kitchen,90.48,1,27.440704366589774,Bronze,0.3,West,Credit Card,False,90.21
T001317,2025-03-26,Electronics,188.46,6,,Silver,2.8,South,PayPal,False,1099.1
T001318,2025-02-11,Clothing,30.11,4,57.81330014872632,Platinum,20.4,West,PayPal,True,95.87
T001319,2025-04-10,Sports,61.14,4,46.406266954791036,Bronze,19.2,North,Credit Card,True,197.6
T001320,2025-02-10,Electronics,278.26,7,39.50083669627812,Bronze,10.2,West,Credit Card,True,1749.14
T001321,2025-06-15,Electronics,253.24,3,43.97515290965092,Bronze,2.4,West,PayPal,False,741.49
T001322,2025-02-03,Beauty,41.21,6,21.12095086744121,Silver,1.4,West,Digital Wallet,False,243.8
T001323,2025-01-17,Electronics,177.59,3,35.0419376011466,Bronze,3.4,South,Credit Card,False,514.66
T001324,2025-06-14,Clothing,34.46,8,47.291075046373784,Silver,8.4,North,Credit Card,False,252.52
T001325,2025-06-02,Beauty,26.25,7,44.84521239729181,Bronze,4.1,West,Digital Wallet,False,176.22
T001326,2025-05-02,Home & Kitchen,98.87,3,49.34008943594852,Bronze,9.3,North,Cash,False,269.03
T001327,2025-03-17,Home & Kitchen,90.68,4,50.417865844179616,Platinum,3.3,East,Credit Card,False,350.75
T001328,2025-03-28,Sports,77.81,4,44.71800172336411,Gold,5.0,South,Credit Card,True,295.68
T001329,2025-04-27,Electronics,203.34,5,18.0,Bronze,10.4,West,PayPal,True,910.96
T001330,2025-04-16,Home & Kitchen,78.2,4,46.03754935484946,Bronze,3.3,South,PayPal,False,302.48
T001331,2025-03-27,Clothing,52.88,3,36.16018692304114,Bronze,3.6,South,Credit Card,False,152.93
T001332,2025-01-27,Sports,38.06,9,37.36090510440329,Bronze,15.5,East,Cash,True,289.45
T001333,2025-02-26,Clothing,46.76,6,37.53513208261955,Silver,9.7,East,PayPal,False,253.35
T001334,2025-01-31,Home & Kitchen,97.19,4,45.50132601036697,Silver,5.1,South,Credit Card,False,368.93
T001335,2025-05-14,Clothing,59.27,2,24.362019729848605,Bronze,6.4,East,Credit Card,False,110.95
T001336,2025-06-17,Clothing,43.02,7,21.408999325646516,Bronze,3.4,North,Credit Card,False,290.9
T001337,2025-04-08,Sports,53.62,4,27.14296550538457,Silver,4.6,West,Cash,False,204.61
T001338,2025-01-12,Home & Kitchen,46.15,6,53.03446057591937,Platinum,3.3,North,PayPal,False,267.76
T001339,2025-02-22,Home & Kitchen,66.97,3,36.75391870010056,Bronze,6.9,East,Credit Card,False,187.05
T001340,2025-05-18,Clothing,41.84,4,48.06591581596723,Silver,3.6,North,Cash,False,161.34
T001341,2025-06-22,Clothing,42.18,8,47.759268399462854,Silver,2.1,North,Credit Card,False,330.35
T001342,2025-05-25,Home & Kitchen,67.54,5,46.76123239327668,Bronze,11.1,East,Digital Wallet,True,300.22
T001343,2025-06-03,Sports,56.28,6,48.32032521351375,Gold,15.4,South,Digital Wallet,True,285.68
T001344,2025-05-02,Home & Kitchen,82.35,2,35.732712026257815,Gold,17.9,East,Cash,True,135.22
T001345,2025-02-15,Beauty,27.8,6,50.02574336498539,Gold,8.8,North,Credit Card,False,152.12
T001346,2025-03-05,Sports,53.84,1,46.58206414630143,Silver,9.1,West,Digital Wallet,False,48.94
T001347,2025-05-10,Home & Kitchen,81.58,9,22.96587889801402,Platinum,5.3,South,Digital Wallet,False,695.31
T001348,2025-02-23,Home & Kitchen,89.85,3,42.712916761604475,Silver,10.9,East,Digital Wallet,True,240.17
T001349,2025-04-17,Beauty,27.38,4,40.20806477319279,Silver,1.0,North,Credit Card,False,108.42
T001350,2025-02-20,Home & Kitchen,80.02,3,47.55460370361615,Gold,10.6,South,PayPal,True,214.61
T001351,2025-02-05,Sports,37.01,4,42.308365449142045,Silver,6.3,East,Digital Wallet,False,138.71
T001352,2025-04-25,Home & Kitchen,81.03,5,39.12407414982344,Bronze,5.9,South,PayPal,False,381.25
T001353,2025-01-26,Home & Kitchen,118.13,6,60.67609519555144,Bronze,4.1,East,PayPal,False,679.72
T001354,2025-01-29,Electronics,357.37,2,49.293320037132354,Silver,5.9,North,Credit Card,False,672.57
T001355,2025-05-29,Clothing,57.32,2,42.48770544806946,Silver,6.4,West,PayPal,False,107.3
T001356,2025-01-11,Beauty,29.46,5,28.577394208728506,Silver,4.6,East,Digital Wallet,False,140.52
T001357,2025-02-09,Home & Kitchen,87.43,3,43.44737478008285,Bronze,1.0,North,PayPal,False,259.67
T001358,2025-01-11,Home & Kitchen,67.08,8,31.76099258739262,Silver,15.9,North,Digital Wallet,True,451.31
T001359,2025-06-13,Beauty,27.69,7,22.165102245131123,Bronze,0.6,West,Credit Card,False,192.67
T001360,2025-04-23,Home & Kitchen,67.43,3,37.12060627398088,Platinum,14.3,North,Credit Card,True,173.36
T001361,2025-02-08,Clothing,47.56,5,37.86304030076537,Silver,2.8,East,Credit Card,False,231.14
T001362,2025-02-23,Sports,64.02,3,54.35659841782015,Gold,5.3,North,PayPal,False,181.88
T001363,2025-04-08,Home & Kitchen,83.71,2,53.682107981237806,Gold,4.8,East,Digital Wallet,False,159.38
T001364,2025-02-24,Electronics,262.43,4,50.03035385665923,Bronze,2.1,East,Digital Wallet,True,1027.68
T001365,2025-04-21,Clothing,37.36,6,40.945990155645525,Gold,0.3,North,Digital Wallet,False,223.49
T001366,2025-06-01,Clothing,30.49,7,41.11068163556582,Bronze,5.9,North,PayPal,False,200.84
T001367,2025-05-30,Clothing,49.13,6,48.66397033782163,Bronze,14.5,West,Credit Card,True,252.04
T001368,2025-03-10,Clothing,56.81,8,49.71914614760086,Silver,10.3,West,PayPal,True,407.67
T001369,2025-02-25,Clothing,42.45,3,46.277431189315756,Bronze,10.3,North,Digital Wallet,True,114.23
T001370,2025-02-02,Electronics,161.98,4,48.10273633331667,Silver,1.1,South,Credit Card,False,640.79
T001371,2025-02-05,Clothing,41.42,7,41.1856324841752,Silver,7.4,West,Credit Card,False,268.48
T001372,2025-05-28,Electronics,239.71,4,38.6139255318045,Bronze,5.7,East,Cash,True,904.19
T001373,2025-03-22,Home & Kitchen,96.63,9,18.0,Silver,1.4,South,Credit Card,False,857.49
T001374,2025-04-19,Sports,63.29,5,37.91920754747189,Silver,5.4,North,Digital Wallet,False,299.36
T001375,2025-06-03,Home & Kitchen,80.31,3,33.32865065638889,Bronze,14.6,East,Digital Wallet,True,205.75
T001376,2025-03-14,Clothing,56.92,4,43.1697374475454,Bronze,5.2,West,PayPal,True,215.84
T001377,2025-02-09,Electronics,246.61,5,33.883677316760995,Silver,6.1,East,Digital Wallet,False,1157.83
T001378,2025-01-17,Electronics,236.22,7,43.647531333587004,Bronze,5.2,West,Credit Card,False,1567.56
T001379,2025-05-09,Clothing,36.13,7,19.62475684028596,Gold,7.5,West,Digital Wallet,False,233.94
T001380,2025-03-02,Electronics,207.49,8,30.43431968031944,Silver,5.6,South,Credit Card,False,1566.96
T001381,2025-06-20,Clothing,39.3,4,33.41821529971037,Bronze,4.3,South,PayPal,False,150.44
T001382,2025-04-14,Electronics,244.98,6,29.40075888540864,Bronze,3.1,West,Cash,False,1424.31
T001383,2025-02-11,Sports,50.07,6,70.0,Gold,8.6,South,PayPal,False,274.58
T001384,2025-01-25,Clothing,55.62,2,18.0,Silver,7.7,East,PayPal,False,102.67
T001385,2025-02-08,Electronics,246.55,9,50.104820322699425,Platinum,1.6,East,PayPal,False,2183.45
T001386,2025-02-04,Sports,53.22,5,53.95214851970582,Platinum,5.8,South,Credit Card,False,250.67
T001387,2025-05-11,Clothing,47.92,5,36.702181227523106,Silver,4.4,East,Digital Wallet,False,229.06
T001388,2025-04-18,Electronics,275.09,4,45.98418570752844,Silver,7.5,East,PayPal,False,1017.83
T001389,2025-06-21,Home & Kitchen,60.62,4,49.325480291209715,Bronze,1.9,West,PayPal,False,237.87
T001390,2025-06-28,Home & Kitchen,75.04,3,43.62799393816669,Silver,4.0,West,PayPal,False,216.12
T001391,2025-04-12,Home & Kitchen,69.22,5,,Bronze,14.0,South,PayPal,True,297.65
T001392,2025-04-08,Electronics,239.11,4,46.88533781250118,Bronze,13.7,South,Cash,True,825.41
T001393,2025-01-12,Clothing,37.37,4,53.65367122607054,Silver,4.7,West,Credit Card,False,142.45
T001394,2025-01-19,Clothing,53.71,3,66.76343259335098,Platinum,7.2,North,Digital Wallet,False,149.53
T001395,2025-04-11,Electronics,231.51,2,25.457326324150078,Silver,3.3,South,Digital Wallet,False,447.74
T001396,2025-02-13,Sports,57.59,2,39.932408169283896,Silver,3.9,East,Credit Card,False,110.69
T001397,2025-02-18,Home & Kitchen,71.29,2,41.65957724636185,Bronze,7.7,North,PayPal,False,131.6
T001398,2025-01-17,Clothing,37.53,5,40.80448899544529,Silver,4.4,West,Cash,True,179.39
T001399,2025-03-15,Home & Kitchen,79.05,3,21.918300517800628,Bronze,14.4,West,Credit Card,True,203.0
T001400,2025-02-26,Electronics,246.44,4,55.223620613082176,Bronze,1.6,East,PayPal,False,969.99
T001401,2025-02-24,Sports,58.76,5,53.96137872831203,Bronze,11.0,North,PayPal,True,261.48
T001402,2025-02-16,Electronics,248.87,3,46.5192993180181,Bronze,1.9,North,Credit Card,False,732.42
T001403,2025-01-12,Electronics,195.54,1,36.89425737119547,Silver,6.0,North,Credit Card,False,183.81
T001404,2025-03-03,Clothing,31.09,3,39.41359959118949,Bronze,7.5,South,Cash,False,86.27
T001405,2025-03-21,Home & Kitchen,243.82,5,38.56354258598593,Bronze,6.8,West,Cash,False,1136.2
T001406,2025-03-24,Home & Kitchen,69.96,5,25.31018275531587,Bronze,0.5,South,Digital Wallet,False,348.05
T001407,2025-01-08,Electronics,177.46,3,50.41068243455453,Silver,5.8,North,Digital Wallet,False,501.5
T001408,2025-05-29,Clothing,38.45,3,42.286713544913034,Gold,7.2,East,Credit Card,True,107.04
T001409,2025-03-22,Clothing,59.15,4,50.24046937784863,Gold,13.8,West,Digital Wallet,True,203.95
T001410,2025-04-28,Electronics,255.46,1,,Silver,11.6,North,PayPal,True,225.83
T001411,2025-01-25,Sports,60.45,3,29.934861517199202,Silver,11.1,East,PayPal,True,161.22
T001412,2025-03-30,Electronics,226.4,4,30.896654808946803,Silver,2.0,North,Credit Card,False,887.49
T001413,2025-01-12,Clothing,44.91,5,57.76463550162504,Silver,5.6,South,Digital Wallet,True,211.98
T001414,2025-05-23,Home & Kitchen,62.44,4,48.7166585188577,Gold,14.3,North,Digital Wallet,True,214.04
T001415,2025-02-28,Clothing,50.48,7,37.43817135638197,Gold,5.6,West,Credit Card,False,333.57
T001416,2025-06-03,Home & Kitchen,74.2,9,48.72460897928621,Bronze,7.2,West,Cash,False,619.72
T001417,2025-04-19,Sports,71.98,2,31.54325762883895,Platinum,9.0,East,Credit Card,False,131.0
T001418,2025-01-26,Electronics,238.12,8,55.02831147483303,Platinum,9.3,North,Credit Card,False,1727.8
T001419,2025-02-16,Beauty,39.24,5,25.709808300909692,Gold,4.6,West,Credit Card,False,187.17
T001420,2025-02-01,Home & Kitchen,73.16,3,44.361315243204,Silver,4.7,South,Credit Card,False,209.16
T001421,2025-01-10,Clothing,41.56,6,40.361453377123155,Gold,4.3,South,Digital Wallet,False,238.64
T001422,2025-01-16,Clothing,52.57,2,42.156109286518486,Silver,2.3,West,PayPal,False,102.72
T001423,2025-05-25,Clothing,37.8,3,49.813802800813654,Bronze,1.7,East,Digital Wallet,False,111.47
T001424,2025-05-31,Home & Kitchen,80.52,3,54.012645801949034,Gold,7.0,North,Digital Wallet,False,224.65
T001425,2025-01-26,Sports,46.47,3,37.05420191638146,Silver,9.7,North,Credit Card,False,125.89
T001426,2025-03-27,Sports,77.66,4,18.102918132205815,Bronze,1.6,North,PayPal,False,305.67
T001427,2025-05-15,Beauty,38.6,5,21.39867623197361,Gold,2.0,North,Credit Card,True,189.14
T001428,2025-01-14,Sports,55.76,2,37.415587150960874,Gold,10.5,West,Credit Card,True,99.81
T001429,2025-03-20,Home & Kitchen,74.06,4,42.41129471902662,Gold,4.1,North,Credit Card,False,284.09
T001430,2025-04-27,Clothing,35.2,8,46.503821355416754,Gold,2.1,West,Digital Wallet,False,275.69
T001431,2025-01-07,Clothing,40.25,5,44.29591798328331,Silver,5.3,North,Credit Card,False,190.58
T001432,2025-05-17,Electronics,263.82,4,52.68615654185713,Gold,14.8,West,Digital Wallet,True,899.1
T001433,2025-04-25,Home & Kitchen,61.26,5,,Platinum,2.5,North,Credit Card,False,298.64
T001434,2025-06-25,Clothing,51.2,5,43.154706693334745,Bronze,4.6,East,Credit Card,False,244.22
T001435,2025-03-13,Electronics,309.89,4,46.330406338680795,Gold,1.3,South,PayPal,False,1223.45
T001436,2025-02-28,Electronics,293.79,4,32.8174005880781,Silver,7.6,North,Digital Wallet,False,1085.85
T001437,2025-03-23,Clothing,38.56,4,42.65849338407302,Platinum,10.7,East,Cash,True,137.74
T001438,2025-04-26,Home & Kitchen,95.32,5,44.48249092864611,Silver,9.3,West,Credit Card,False,432.28
T001439,2025-06-16,Clothing,46.61,7,43.84785551124577,Bronze,11.5,North,Credit Card,True,288.75
T001440,2025-05-26,Home & Kitchen,94.54,1,32.99172481132998,Gold,0.4,West,Digital Wallet,False,94.16
T001441,2025-04-13,Clothing,53.93,4,43.97923393422346,Silver,4.4,South,Credit Card,False,206.23
T001442,2025-01-17,Home & Kitchen,96.92,6,43.100736061271576,Bronze,3.5,East,Credit Card,False,561.17
T001443,2025-01-14,Electronics,230.15,5,45.801467827267544,Bronze,2.7,East,Credit Card,False,1119.68
T001444,2025-06-08,Electronics,327.22,4,37.19341259671848,Silver,1.1,West,Digital Wallet,False,1294.48
T001445,2025-06-01,Home & Kitchen,69.46,5,42.13084273606343,Bronze,1.5,South,Digital Wallet,False,342.09
T001446,2025-04-18,Clothing,34.51,5,68.1253784918588,Platinum,2.7,North,Credit Card,False,167.89
T001447,2025-02-14,Electronics,242.64,2,42.65431638920842,Bronze,9.9,West,Credit Card,False,437.24
T001448,2025-04-08,Clothing,37.27,6,54.85170575221976,Gold,4.8,West,Digital Wallet,False,212.89
T001449,2025-05-11,Electronics,275.8,2,59.1056560543831,Silver,12.4,North,Credit Card,True,483.2
T001450,2025-02-06,Clothing,40.27,10,24.569655564482645,Bronze,0.4,North,Digital Wallet,False,401.09
T001451,2025-06-20,Clothing,49.49,7,39.607800585233505,Bronze,6.7,West,Credit Card,False,323.22
T001452,2025-06-17,Home & Kitchen,74.57,3,40.15205014795613,Silver,2.9,East,Credit Card,False,217.22
T001453,2025-04-18,Sports,60.47,7,66.17020918693245,Gold,2.8,South,PayPal,False,411.44
T001454,2025-02-08,Clothing,51.33,7,64.59584559495852,Gold,5.2,West,Credit Card,False,340.63
T001455,2025-01-15,Beauty,27.11,4,24.55602467212387,Gold,5.0,North,Credit Card,False,103.02
T001456,2025-04-30,Clothing,51.23,3,29.930555052544477,Silver,1.7,South,Credit Card,False,151.08
T001457,2025-01-04,Home & Kitchen,49.49,4,56.704991359423076,Gold,2.5,West,PayPal,False,193.01
T001458,2025-04-03,Home & Kitchen,52.91,5,35.730966074211835,Bronze,11.4,East,Digital Wallet,True,234.39
T001459,2025-06-02,Home & Kitchen,74.8,3,49.78179787364799,Silver,3.7,North,Cash,False,216.1
T001460,2025-05-21,Clothing,45.78,7,39.37268417506284,Bronze,8.2,West,PayPal,False,294.18
T001461,2025-06-10,Clothing,43.38,6,29.145855049550633,Bronze,0.4,West,PayPal,False,259.24
T001462,2025-01-16,Electronics,279.08,3,57.653659013935425,Silver,4.2,North,PayPal,False,802.08
T001463,2025-06-19,Electronics,255.17,2,33.275754380115316,Bronze,7.3,North,PayPal,False,473.09
T001464,2025-04-18,Clothing,46.29,5,40.444147618384655,Gold,5.1,East,Credit Card,True,219.65
T001465,2025-05-06,Clothing,38.97,8,28.385154281491648,Silver,7.7,North,Credit Card,False,287.75
T001466,2025-02-24,Clothing,52.79,4,28.672361303944463,Platinum,6.4,South,PayPal,False,197.65
T001467,2025-06-19,Electronics,240.79,6,42.709719157152065,Gold,5.0,North,PayPal,False,1372.5
T001468,2025-02-03,Home & Kitchen,109.78,6,30.582665996981174,Platinum,23.0,East,PayPal,True,507.18
T001469,2025-06-07,Sports,69.65,6,60.09020791018904,Silver,2.3,South,PayPal,True,408.29
T001470,2025-01-13,Beauty,32.85,6,50.26787011259179,Silver,9.8,West,Credit Card,False,177.78
T001471,2025-05-21,Clothing,41.65,5,51.521804276573114,Silver,2.8,South,Credit Card,True,202.42
T001472,2025-01-18,Home & Kitchen,108.28,7,38.4850113908374,Platinum,,East,Credit Card,True,
T001473,2025-06-09,Sports,47.52,6,38.81615056775699,Silver,2.5,West,PayPal,False,277.99
T001474,2025-04-06,Clothing,41.19,6,47.32425802232038,Bronze,4.0,West,PayPal,False,237.25
T001475,2025-05-03,Clothing,44.89,7,18.0,Bronze,6.5,West,Credit Card,False,293.81
T001476,2025-02-08,Beauty,28.77,6,36.536400993488755,Silver,10.5,North,Credit Card,True,154.49
T001477,2025-02-15,Clothing,63.04,4,20.154537426562904,Silver,5.7,East,PayPal,False,237.79
T001478,2025-01-29,Clothing,37.76,6,44.72781536800631,Silver,5.2,South,Credit Card,False,214.78
T001479,2025-03-03,Electronics,214.3,2,28.120569814961993,Silver,9.0,West,Credit Card,False,390.03
T001480,2025-01-16,Electronics,245.42,7,40.548833996961164,Silver,16.5,North,Credit Card,True,1434.48
T001481,2025-05-01,Sports,39.88,6,31.351761290471753,Silver,8.2,West,Digital Wallet,False,219.66
T001482,2025-01-10,Home & Kitchen,35.21,7,59.129980540410585,Bronze,,North,Cash,True,
T001483,2025-06-07,Clothing,54.65,10,69.13334877286394,Gold,7.0,East,PayPal,True,508.24
T001484,2025-06-02,Electronics,313.11,3,53.002806187497825,Bronze,3.0,East,Credit Card,False,911.15
T001485,2025-04-13,Home & Kitchen,88.09,4,53.675501016499226,Silver,4.6,North,Credit Card,False,336.15
T001486,2025-03-25,Home & Kitchen,78.27,5,41.48862806403077,Gold,0.4,North,Credit Card,False,389.78
T001487,2025-05-13,Electronics,234.39,3,34.462525845350555,Silver,1.9,East,Digital Wallet,False,689.81
T001488,2025-03-06,Sports,52.65,6,18.873835427815603,Bronze,2.4,North,Credit Card,False,308.32
T001489,2025-06-26,Electronics,280.01,2,44.182847299574135,Gold,10.5,East,Cash,True,501.22
T001490,2025-01-03,Clothing,48.12,5,38.386854621520186,Bronze,16.4,North,Credit Card,True,201.14
T001491,2025-06-22,Home & Kitchen,55.38,3,44.692235106388324,Silver,6.3,North,Cash,False,155.67
T001492,2025-05-22,Clothing,48.61,8,33.4701781556372,Silver,7.3,North,Credit Card,False,360.49
T001493,2025-04-30,Sports,44.52,6,,Silver,14.5,North,Digital Wallet,True,228.39
T001494,2025-06-07,Home & Kitchen,71.42,4,28.093591507329506,Bronze,16.6,East,Digital Wallet,True,238.26
T001495,2025-03-09,Sports,33.78,5,60.37995671536491,Platinum,9.5,North,Digital Wallet,False,152.85
T001496,2025-05-26,Electronics,222.92,4,65.22405699655383,Bronze,8.1,West,Credit Card,False,819.45
T001497,2025-02-06,Electronics,334.46,5,23.139837295097188,Bronze,11.3,North,Credit Card,True,1483.33
T001498,2025-06-02,Clothing,46.12,3,33.95520635474582,Silver,3.5,East,Digital Wallet,False,133.52
T001499,2025-06-25,Clothing,26.54,7,21.04348695127121,Bronze,1.0,North,Credit Card,False,183.92
T001500,2025-03-14,Home & Kitchen,63.69,6,42.735039229649615,Bronze,12.5,West,Digital Wallet,True,334.37
T001501,2025-05-23,Sports,61.93,1,43.04644342741127,Bronze,5.8,North,PayPal,False,58.34
T001502,2025-02-18,Home & Kitchen,85.28,4,40.610028518541455,Silver,12.4,North,PayPal,True,298.82
T001503,2025-05-01,Beauty,26.42,6,35.955441721755356,Gold,5.9,North,Cash,False,149.17
T001504,2025-03-29,Home & Kitchen,67.52,3,44.94208319726061,Bronze,1.5,North,PayPal,False,199.52
T001505,2025-05-20,Clothing,37.44,6,49.814815291047324,Bronze,16.3,West,Digital Wallet,True,188.02
T001506,2025-02-06,Clothing,41.41,3,50.325721138634904,Platinum,4.6,North,Credit Card,False,118.52
T001507,2025-03-02,Home & Kitchen,83.62,6,56.640093145979485,Silver,7.6,North,Digital Wallet,False,463.59
T001508,2025-06-20,Electronics,261.29,7,37.81089475798123,Bronze,2.7,North,PayPal,False,1779.65
T001509,2025-05-04,Electronics,202.82,4,34.97622018130816,Silver,2.9,West,Credit Card,False,787.75
T001510,2025-02-08,Clothing,57.44,5,53.43357984488458,Silver,12.2,East,PayPal,True,252.16
T001511,2025-03-04,Sports,57.83,5,35.255076636740974,Gold,11.7,West,PayPal,True,255.32
T001512,2025-02-15,Electronics,197.57,2,39.43717300968834,Bronze,5.0,East,Credit Card,False,375.38
T001513,2025-03-29,Sports,30.32,8,35.42858727073591,Silver,3.7,West,PayPal,False,233.59
T001514,2025-01-11,Sports,69.74,6,62.37700281902163,Bronze,10.0,West,Credit Card,False,376.6
T001515,2025-03-03,Clothing,52.16,3,49.01857644907588,Bronze,7.5,South,PayPal,False,144.74
T001516,2025-03-18,Electronics,193.66,3,28.385792695905273,Bronze,4.7,North,Credit Card,False,553.67
T001517,2025-06-02,Electronics,238.11,3,41.983789108927894,Silver,2.8,North,Digital Wallet,True,694.33
T001518,2025-02-21,Home & Kitchen,98.85,9,46.863038985713004,Silver,11.8,South,Credit Card,True,784.67
T001519,2025-01-04,Home & Kitchen,95.2,4,28.524234399320953,Silver,1.9,North,Credit Card,False,373.56
T001520,2025-02-28,Sports,61.64,6,46.25167171112496,Gold,8.8,South,Credit Card,False,337.29
T001521,2025-03-13,Home & Kitchen,82.68,3,40.189204270742984,Gold,0.5,North,PayPal,False,246.8
T001522,2025-05-28,Electronics,204.41,4,27.29794151054287,Bronze,9.9,North,Digital Wallet,False,736.69
T001523,2025-04-03,Electronics,235.28,1,25.83713193430044,Bronze,1.6,North,Credit Card,False,231.52
T001524,2025-03-04,Home & Kitchen,79.14,4,58.42607651271604,Bronze,7.2,West,Credit Card,False,293.77
T001525,2025-02-23,Electronics,275.23,8,31.93461774643331,Bronze,2.6,South,PayPal,False,2144.59
T001526,2025-04-27,Clothing,52.38,4,54.096250759819554,Bronze,3.4,West,Credit Card,False,202.4
T001527,2025-04-20,Clothing,38.17,7,49.88007683042524,Platinum,10.2,East,Credit Card,True,239.94
T001528,2025-03-15,Electronics,254.36,2,34.51950854842126,Gold,5.8,East,Digital Wallet,False,479.21
T001529,2025-04-17,Electronics,308.17,5,47.98762228142592,Silver,5.9,North,Credit Card,False,1449.94
T001530,2025-02-26,Clothing,53.57,2,45.93817351625352,Silver,3.8,North,Credit Card,False,103.07
T001531,2025-06-18,Clothing,58.12,3,52.87983766292841,Gold,2.2,North,Credit Card,False,170.52
T001532,2025-01-03,Electronics,256.46,3,44.0975597359488,Silver,2.3,North,Digital Wallet,False,751.68
T001533,2025-04-30,Home & Kitchen,71.48,6,38.01695350888231,Bronze,3.8,North,Digital Wallet,False,412.58
T001534,2025-01-06,Sports,61.83,6,57.88456718916497,Silver,1.2,East,PayPal,False,366.53
T001535,2025-01-05,Clothing,39.03,5,50.77170523582267,Silver,6.1,East,Digital Wallet,False,183.25
T001536,2025-01-05,Sports,45.89,3,34.28064585984169,Gold,5.1,East,PayPal,False,130.65
T001537,2025-02-23,Clothing,55.95,2,39.88297468096295,Silver,5.0,East,Credit Card,False,106.3
T001538,2025-02-16,Clothing,35.89,5,57.596607045696175,Gold,7.0,North,Credit Card,False,166.89
T001539,2025-06-26,Sports,56.04,2,59.984315482458385,Gold,1.8,North,Credit Card,True,110.06
T001540,2025-01-09,Home & Kitchen,49.72,6,39.8614640477438,Gold,7.8,North,PayPal,False,275.05
T001541,2025-04-09,Sports,71.34,5,47.850620642260715,Bronze,10.6,West,Credit Card,True,318.89
T001542,2025-01-20,Electronics,203.26,3,46.330634814480085,Gold,22.2,South,Credit Card,True,474.41
T001543,2025-05-02,Electronics,297.66,5,28.796422083336747,Silver,2.4,South,PayPal,False,1452.58
T001544,2025-03-02,Sports,47.4,6,48.11747497160178,Bronze,0.2,East,Cash,False,283.83
T001545,2025-05-03,Clothing,49.85,5,18.0,Bronze,1.8,West,PayPal,False,244.76
T001546,2025-06-12,Clothing,34.69,6,52.91665185109215,Platinum,4.9,East,Digital Wallet,False,197.94
T001547,2025-06-27,Home & Kitchen,81.1,3,48.249969314795806,Bronze,5.5,North,Credit Card,False,229.92
T001548,2025-03-23,Sports,51.73,5,18.0,Silver,16.2,West,Digital Wallet,True,216.75
T001549,2025-03-03,Sports,42.87,6,30.421869500502254,Silver,5.6,North,Credit Card,False,242.82
T001550,2025-05-25,Clothing,51.62,6,20.86412947558971,Bronze,3.2,West,Cash,False,299.81
T001551,2025-01-03,Sports,65.39,7,29.69642724759585,Silver,2.3,East,Digital Wallet,False,447.2
T001552,2025-06-09,Electronics,252.74,2,43.60449088977965,Silver,12.5,South,Digital Wallet,True,442.3
T001553,2025-01-13,Electronics,169.6,7,62.90729260846356,Silver,4.8,East,PayPal,False,1130.21
T001554,2025-04-30,Home & Kitchen,201.36,2,48.20285140599564,Silver,7.4,North,Credit Card,False,372.92
T001555,2025-05-05,Electronics,218.2,2,37.441631881957214,Gold,3.7,East,Digital Wallet,True,420.25
T001556,2025-03-30,Clothing,39.36,5,50.60925793012102,Gold,2.4,West,Cash,False,192.08
T001557,2025-03-14,Home & Kitchen,80.32,5,49.439050256176245,Gold,10.1,South,Digital Wallet,True,361.04
T001558,2025-03-09,Clothing,44.51,6,59.35971303872479,Bronze,1.2,West,PayPal,False,263.86
T001559,2025-05-22,Electronics,262.25,3,52.05087540908205,Gold,10.0,North,PayPal,False,708.08
T001560,2025-04-11,Clothing,45.64,6,42.06705362564124,Bronze,8.8,North,Credit Card,False,249.74
T001561,2025-04-08,Clothing,43.65,7,23.924968712483835,Bronze,5.7,West,Credit Card,False,288.13
T001562,2025-01-11,Clothing,30.3,5,58.195893475613516,Gold,5.8,South,PayPal,False,142.71
T001563,2025-04-15,Sports,47.26,5,40.510580541560785,Bronze,1.7,West,Credit Card,True,232.28
T001564,2025-03-08,Sports,76.35,5,31.336455769121205,Bronze,2.0,North,PayPal,False,374.12
T001565,2025-05-03,Clothing,57.02,7,18.18867631297293,Gold,11.1,East,Digital Wallet,True,354.84
T001566,2025-01-29,Sports,78.56,2,28.205536570313512,Gold,11.1,North,Credit Card,True,139.68
T001567,2025-05-17,Electronics,244.87,11,46.82841802128067,Bronze,7.9,East,Cash,False,2480.78
T001568,2025-06-02,Clothing,38.31,7,37.32695699754679,Silver,3.2,East,Digital Wallet,False,259.59
T001569,2025-03-17,Sports,68.93,4,53.90131663179053,Silver,11.0,East,Digital Wallet,True,245.39
T001570,2025-06-19,Clothing,50.61,2,61.434443358047105,Platinum,3.5,East,Credit Card,False,97.68
T001571,2025-01-09,Beauty,27.7,7,18.0,Bronze,2.9,South,PayPal,False,188.28
T001572,2025-02-09,Clothing,53.08,2,29.786536648033838,Bronze,2.2,East,Credit Card,False,103.82
T001573,2025-01-25,Sports,53.41,4,43.664056230394536,Silver,0.3,West,Digital Wallet,False,213.0
T001574,2025-01-05,Clothing,41.09,5,59.7636532826059,Bronze,2.3,South,Credit Card,False,200.72
T001575,2025-05-19,Clothing,43.46,8,31.946407902731487,Bronze,6.3,East,Credit Card,True,325.78
T001576,2025-05-04,Clothing,36.31,6,44.705743515891626,Silver,15.7,West,PayPal,True,183.66
T001577,2025-02-07,Home & Kitchen,76.71,2,28.915661474698265,Platinum,5.2,North,Credit Card,False,145.44
T001578,2025-03-13,Clothing,55.36,6,40.99071036459706,Gold,9.1,East,Credit Card,False,301.93
T001579,2025-05-13,Beauty,33.58,5,43.65458563558596,Gold,12.6,South,Credit Card,True,146.74
T001580,2025-06-25,Clothing,47.81,8,38.10015963176057,Bronze,9.6,South,Credit Card,False,345.76
T001581,2025-03-31,Electronics,227.15,4,61.65280078226849,Platinum,7.8,South,Credit Card,False,837.73
T001582,2025-05-26,Clothing,58.79,3,56.28298850590455,Gold,2.4,East,Credit Card,True,172.14
T001583,2025-02-06,Home & Kitchen,94.22,2,38.16991326206495,Bronze,5.3,West,PayPal,False,178.45
T001584,2025-03-01,Sports,48.95,4,38.87108309612918,Gold,12.0,East,Credit Card,True,172.3
T001585,2025-06-25,Clothing,31.08,9,51.565559846608906,Gold,5.1,North,PayPal,True,265.45
T001586,2025-01-28,Home & Kitchen,81.63,5,42.57112012505923,Silver,2.5,North,PayPal,False,397.95
T001587,2025-03-22,Clothing,50.47,6,42.151647115206686,Silver,0.8,West,PayPal,True,300.4
T001588,2025-04-24,Home & Kitchen,70.36,4,33.75570954080262,Gold,12.8,South,Credit Card,True,245.42
T001589,2025-02-09,Sports,59.92,6,49.18566444025686,Platinum,6.2,South,PayPal,False,337.23
T001590,2025-02-14,Electronics,234.19,4,34.322390091037505,Bronze,1.3,North,PayPal,False,924.58
T001591,2025-03-03,Clothing,37.56,7,,Platinum,5.0,West,PayPal,False,249.77
T001592,2025-04-03,Beauty,31.44,4,45.46981739299777,Gold,2.3,West,Credit Card,False,122.87
T001593,2025-04-25,Sports,47.44,5,43.685936204917255,Silver,10.4,East,Digital Wallet,True,212.53
T001594,2025-03-08,Home & Kitchen,90.37,3,42.40557702567327,Bronze,4.9,South,Digital Wallet,False,257.83
T001595,2025-02-25,Clothing,52.96,3,20.22246821574801,Bronze,2.7,South,Digital Wallet,True,154.59
T001596,2025-02-09,Clothing,54.91,3,44.85619906323564,Gold,3.2,South,Credit Card,False,159.46
T001597,2025-04-08,Clothing,39.01,8,18.0,Silver,7.1,South,Cash,False,289.92
T001598,2025-02-09,Sports,43.15,6,54.26766038261448,Silver,8.7,North,Credit Card,False,236.38
T001599,2025-04-01,Home & Kitchen,84.61,3,35.35740841552513,Silver,10.2,North,Digital Wallet,True,227.94
T001600,2025-02-02,Clothing,55.49,6,43.90761286002233,Platinum,9.1,South,Credit Card,False,302.64
T001601,2025-01-06,Electronics,287.22,6,35.02841509941791,Gold,7.9,North,Credit Card,False,1587.18
T001602,2025-05-27,Clothing,39.4,7,45.69344524226091,Bronze,2.6,South,PayPal,False,268.63
T001603,2025-03-21,Electronics,223.04,2,27.539516309976513,Bronze,3.4,West,Credit Card,True,430.91
T001604,2025-06-17,Electronics,234.79,2,64.21229070965693,Platinum,3.4,South,Credit Card,False,453.61
T001605,2025-04-02,Clothing,54.91,1,33.76010055756784,Bronze,8.4,North,Cash,False,50.3
T001606,2025-04-07,Electronics,268.72,7,52.51266457330359,Bronze,0.2,East,Digital Wallet,False,1877.28
T001607,2025-02-28,Electronics,265.19,8,28.6238096843,Silver,23.0,North,PayPal,True,1633.57
T001608,2025-02-28,Clothing,22.94,5,37.28856893589611,Silver,1.3,North,Credit Card,False,113.21
T001609,2025-02-17,Electronics,253.23,4,32.999829083898916,Bronze,17.4,East,Cash,True,836.67
T001610,2025-06-18,Electronics,310.32,6,34.83367661645916,Platinum,7.5,East,Digital Wallet,False,1722.28
T001611,2025-01-13,Clothing,54.88,4,47.0771450918149,Silver,7.0,North,Digital Wallet,False,204.15
T001612,2025-04-17,Electronics,273.8,4,47.60892382230315,Silver,2.4,North,PayPal,False,1068.92
T001613,2025-02-14,Clothing,39.61,5,46.89145914434133,Silver,6.6,North,Credit Card,False,184.98
T001614,2025-03-30,Electronics,211.77,2,31.532807725416905,Silver,2.9,North,Digital Wallet,False,411.26
T001615,2025-06-19,Sports,54.22,3,43.55564320982036,Silver,6.5,West,Digital Wallet,False,152.09
T001616,2025-04-10,Beauty,37.22,7,31.842860919023416,Silver,7.0,South,Credit Card,False,242.3
T001617,2025-06-04,Home & Kitchen,58.95,2,59.59613488091176,Silver,7.1,South,PayPal,False,109.53
T001618,2025-06-15,Clothing,45.09,3,30.89387039823139,Silver,17.4,East,Credit Card,True,111.73
T001619,2025-01-07,Sports,63.08,2,36.33581056606266,Gold,2.5,West,Credit Card,False,123.01
T001620,2025-05-13,Home & Kitchen,94.87,5,42.69674347655519,Gold,9.8,South,Credit Card,False,427.86
T001621,2025-02-14,Electronics,306.59,5,29.743436876326946,Silver,2.3,North,Credit Card,True,1497.69
T001622,2025-02-27,Clothing,45.6,4,49.60352757798281,Bronze,3.9,East,Credit Card,False,175.29
T001623,2025-01-31,Sports,33.45,5,55.36901414188869,Bronze,10.0,West,Credit Card,False,150.52
T001624,2025-01-23,Clothing,50.2,8,31.401571741558712,Gold,8.2,East,PayPal,False,368.67
T001625,2025-06-19,Electronics,235.5,4,33.855688068879694,Bronze,17.1,South,Credit Card,True,780.92
T001626,2025-05-18,Home & Kitchen,68.68,3,56.328024319149534,Silver,3.8,North,PayPal,False,198.21
T001627,2025-06-09,Sports,36.61,4,43.7365730317448,Silver,7.8,South,Credit Card,False,135.02
T001628,2025-04-17,Electronics,238.52,4,39.35480597298764,Gold,7.8,South,Credit Card,False,879.66
T001629,2025-06-07,Clothing,39.31,6,32.854489764794124,Gold,4.3,West,Credit Card,False,225.72
T001630,2025-02-08,Electronics,223.65,4,37.57071624416871,Silver,8.3,North,PayPal,False,820.35
T001631,2025-06-08,Home & Kitchen,81.46,6,40.24247421197092,Platinum,7.8,South,Digital Wallet,False,450.64
T001632,2025-03-23,Clothing,41.34,6,49.67401756778116,Silver,9.4,South,PayPal,False,224.72
T001633,2025-04-10,Clothing,37.57,7,41.96724351139232,Silver,10.8,West,Credit Card,True,234.59
T001634,2025-01-02,Sports,59.31,3,31.077986233581015,Bronze,0.9,North,PayPal,False,176.33
T001635,2025-03-18,Clothing,202.67,6,35.72597649796533,Silver,9.6,North,Cash,False,1099.28
T001636,2025-01-12,Home & Kitchen,68.38,5,28.58348037214423,Silver,2.6,West,Credit Card,False,333.01
T001637,2025-02-08,Clothing,163.59,4,40.41062056403926,Bronze,15.5,North,PayPal,True,552.93
T001638,2025-01-13,Clothing,33.73,5,69.05024337309516,Gold,1.9,West,Credit Card,False,165.45
T001639,2025-02-15,Home & Kitchen,88.85,2,,Platinum,3.9,East,Digital Wallet,False,170.77
T001640,2025-06-04,Electronics,254.34,4,45.9272611182025,Bronze,17.6,West,Credit Card,True,838.3
T001641,2025-04-23,Clothing,33.19,6,22.166518951617004,Bronze,13.3,West,Digital Wallet,True,172.65
T001642,2025-01-17,Electronics,283.77,4,53.11293629466349,Gold,16.7,East,Credit Card,True,945.52
T001643,2025-04-14,Home & Kitchen,68.13,1,50.00711799818916,Bronze,0.9,East,Digital Wallet,True,67.52
T001644,2025-04-08,Beauty,29.45,7,70.0,Gold,10.6,North,PayPal,True,184.3
T001645,2025-03-29,Beauty,35.4,7,42.89502279034854,Bronze,1.2,North,Credit Card,False,244.83
T001646,2025-04-19,Clothing,62.2,4,36.89818073472431,Silver,6.7,East,Credit Card,False,232.13
T001647,2025-06-12,Clothing,48.96,7,30.018182699404353,Bronze,3.9,East,Digital Wallet,False,329.35
T001648,2025-03-11,Clothing,55.6,8,51.86912996852122,Silver,7.4,West,Digital Wallet,False,411.88
T001649,2025-06-07,Sports,62.75,3,39.74563140381493,Bronze,10.2,North,Digital Wallet,True,169.05
T001650,2025-03-15,Electronics,206.23,3,38.92649242660139,Bronze,,West,Digital Wallet,False,
T001651,2025-03-04,Beauty,32.75,5,35.960248703900334,Silver,4.1,North,Credit Card,False,157.04
T001652,2025-06-05,Clothing,32.92,6,68.40092710050592,Bronze,9.1,West,Credit Card,False,179.55
T001653,2025-03-01,Beauty,35.23,6,37.05275216650008,Silver,5.3,North,Digital Wallet,False,200.18
T001654,2025-03-20,Sports,52.03,6,50.40537525907001,Bronze,2.5,North,Credit Card,False,304.38
T001655,2025-02-06,Sports,52.74,8,47.546835102419074,Silver,8.9,West,PayPal,False,384.37
T001656,2025-01-22,Clothing,47.48,7,18.0,Gold,7.5,South,PayPal,False,307.43
T001657,2025-05-28,Electronics,109.59,3,68.55895029135326,Silver,10.8,East,Cash,True,293.26
T001658,2025-04-06,Clothing,43.58,10,19.766292932349053,Bronze,0.9,West,Credit Card,False,431.88
T001659,2025-03-09,Clothing,34.88,7,31.187081643861386,Silver,0.1,North,Digital Wallet,True,243.92
T001660,2025-01-17,Electronics,194.91,4,35.90429907054569,Gold,7.6,North,Credit Card,False,720.39
T001661,2025-01-12,Clothing,37.73,3,33.297171188576726,Platinum,2.0,East,Digital Wallet,False,110.93
T001662,2025-05-30,Clothing,128.37,4,39.25172815292563,Silver,14.8,South,PayPal,True,437.48
T001663,2025-05-25,Home & Kitchen,221.35,5,32.73578867852396,Bronze,1.0,West,Credit Card,False,1095.68
T001664,2025-05-18,Home & Kitchen,44.53,7,58.27963176085895,Gold,14.0,North,Cash,True,268.07
T001665,2025-04-28,Electronics,242.73,5,49.0906967530278,Silver,16.3,East,PayPal,True,1015.83
T001666,2025-01-22,Beauty,28.34,8,34.55130664935841,Bronze,2.0,East,Credit Card,False,222.19
T001667,2025-04-30,Electronics,229.34,1,31.960159874228815,Bronze,12.4,West,PayPal,True,200.9
T001668,2025-02-19,Clothing,46.27,5,35.22083628772138,Silver,1.8,East,Credit Card,False,227.19
T001669,2025-01-14,Clothing,53.16,4,31.13747511982801,Gold,16.3,West,Cash,True,177.98
T001670,2025-06-24,Sports,60.68,3,27.612618039207256,Silver,11.4,North,Credit Card,True,161.29
T001671,2025-01-29,Electronics,298.75,3,53.224997648524,Gold,6.8,East,PayPal,False,835.3
T001672,2025-06-13,Clothing,41.19,5,37.3181033034213,Platinum,9.8,West,Cash,True,185.77
T001673,2025-06-29,Home & Kitchen,83.1,5,46.74120394336052,Silver,5.1,West,Credit Card,False,394.31
T001674,2025-05-05,Electronics,478.74,4,42.78042543551598,Silver,3.2,North,Credit Card,False,1853.68
T001675,2025-01-07,Home & Kitchen,84.15,3,59.39497597990139,Platinum,5.9,West,Credit Card,False,237.56
T001676,2025-01-29,Beauty,20.94,5,52.74392506305608,Silver,4.4,West,PayPal,False,100.09
T001677,2025-05-19,Beauty,27.69,4,46.340743075701944,Bronze,5.8,West,Credit Card,False,104.34
T001678,2025-02-02,Electronics,127.61,3,69.5442093362416,Platinum,9.3,East,Credit Card,False,347.23
T001679,2025-05-14,Electronics,232.78,5,33.538236491488284,Platinum,3.9,East,Credit Card,False,1118.51
T001680,2025-04-21,Clothing,57.86,2,39.74733992400854,Gold,9.1,West,PayPal,False,105.19
T001681,2025-03-20,Clothing,44.95,8,49.83746839473551,Bronze,10.8,West,Credit Card,True,320.76
T001682,2025-06-09,Electronics,208.87,4,52.13198225846943,Gold,14.3,South,Cash,True,716.01
T001683,2025-06-28,Electronics,323.7,2,31.45551152311912,Silver,6.8,East,PayPal,False,603.38
T001684,2025-02-27,Beauty,27.35,7,41.59302449417599,Bronze,4.5,East,Credit Card,True,182.83
T001685,2025-01-26,Beauty,30.54,8,42.26652353548919,Silver,0.8,West,Cash,False,242.37
T001686,2025-06-23,Electronics,279.82,3,69.96695615237942,Silver,6.6,East,Credit Card,False,784.06
T001687,2025-01-29,Clothing,227.52,1,,Bronze,2.9,South,Credit Card,False,220.92
T001688,2025-01-04,Clothing,58.32,5,54.96888534019392,Platinum,6.3,South,Credit Card,False,273.23
T001689,2025-04-09,Electronics,267.66,1,37.33796738218849,Silver,,West,Credit Card,False,
T001690,2025-05-21,Home & Kitchen,239.81,3,32.99448218993413,Silver,10.3,South,PayPal,True,645.33
T001691,2025-02-08,Home & Kitchen,85.78,4,36.914947801672916,Silver,0.8,North,Digital Wallet,False,340.38
T001692,2025-01-15,Sports,63.27,7,48.574188275773196,Gold,0.8,West,Credit Card,True,439.35
T001693,2025-04-29,Home & Kitchen,85.61,4,59.70248453623478,Gold,2.7,South,PayPal,False,333.19
T001694,2025-01-29,Clothing,39.96,4,24.93040825397373,Bronze,2.8,North,PayPal,False,155.36
T001695,2025-06-06,Home & Kitchen,291.85,5,65.77080897399256,Silver,8.1,South,Credit Card,False,1341.05
T001696,2025-03-16,Clothing,50.05,3,52.63616776752855,Gold,18.7,North,Digital Wallet,True,122.07
T001697,2025-04-26,Home & Kitchen,114.97,8,54.012510072394356,Silver,3.3,North,Credit Card,True,889.41
T001698,2025-02-01,Clothing,49.7,10,53.210074892288205,Gold,5.2,North,Credit Card,False,471.16
T001699,2025-05-10,Electronics,224.78,3,37.12590669120449,Bronze,6.4,East,PayPal,False,631.18
T001700,2025-06-24,Electronics,225.01,3,40.46646313091469,Silver,12.7,South,Credit Card,True,589.3
T001701,2025-03-25,Clothing,30.12,6,50.16548120532455,Gold,4.3,North,Cash,False,172.95
T001702,2025-01-22,Beauty,32.82,5,39.00149038331223,Silver,9.0,East,Credit Card,False,149.33
T001703,2025-01-27,Electronics,272.67,2,44.80916080267377,Bronze,1.8,North,PayPal,False,535.52
T001704,2025-03-22,Clothing,51.7,2,34.035456965393976,Silver,4.0,North,Cash,False,99.26
T001705,2025-05-06,Clothing,48.32,6,51.273898652538776,Platinum,12.7,West,Credit Card,True,253.1
T001706,2025-04-02,Home & Kitchen,82.72,4,40.309679778412324,Bronze,2.8,North,PayPal,False,321.62
T001707,2025-01-21,Electronics,167.43,6,37.142604568395136,Bronze,9.1,South,PayPal,False,913.16
T001708,2025-02-16,Beauty,42.12,6,32.09279722379584,Bronze,5.9,East,PayPal,False,237.81
T001709,2025-04-11,Sports,59.28,3,34.01937319521923,Bronze,8.2,West,Credit Card,False,163.26
T001710,2025-03-25,Home & Kitchen,94.72,5,26.155999021799865,Silver,2.5,North,PayPal,False,461.76
T001711,2025-01-06,Home & Kitchen,75.57,4,47.077608423966396,Silver,3.1,West,Credit Card,False,292.91
T001712,2025-05-27,Electronics,247.84,3,34.82260397313392,Bronze,9.7,West,PayPal,True,671.4
T001713,2025-05-11,Clothing,46.71,7,41.49123918179517,Platinum,4.3,West,PayPal,True,312.91
T001714,2025-01-01,Sports,54.46,4,56.58179043001539,Bronze,0.2,North,Credit Card,False,217.4
T001715,2025-02-27,Electronics,251.62,4,40.56168548640053,Bronze,3.2,North,Credit Card,False,974.27
T001716,2025-05-04,Clothing,35.16,7,40.10760349721378,Silver,9.7,North,Credit Card,False,222.25
T001717,2025-06-15,Home & Kitchen,84.09,3,41.391490028901096,Bronze,4.3,East,Credit Card,False,241.42
T001718,2025-01-15,Clothing,34.64,5,45.511867202227286,Bronze,12.0,North,Credit Card,True,152.42
T001719,2025-06-11,Beauty,23.12,6,36.3875291598733,Bronze,5.8,West,Credit Card,False,130.67
T001720,2025-06-12,Electronics,131.89,3,52.224640028412054,Gold,1.2,East,PayPal,False,390.92
T001721,2025-03-05,Sports,70.37,5,43.56087007280566,Bronze,10.1,West,Credit Card,True,316.31
T001722,2025-01-25,Clothing,47.92,8,35.48547298176143,Bronze,19.6,North,Credit Card,True,308.22
T001723,2025-01-24,Sports,57.48,3,37.88366704964171,Silver,12.6,East,Credit Card,True,150.71
T001724,2025-01-12,Clothing,41.34,7,55.71580073957983,Gold,6.2,West,Credit Card,False,271.44
T001725,2025-01-18,Clothing,55.87,3,34.110897127464774,Silver,3.2,North,PayPal,True,162.25
T001726,2025-01-15,Sports,61.77,3,47.039878227835224,Bronze,3.9,East,Credit Card,False,178.08
T001727,2025-01-27,Clothing,33.05,4,47.735538402475754,Bronze,8.2,East,Credit Card,False,121.36
T001728,2025-03-13,Clothing,34.57,4,29.099487623426715,Bronze,1.9,South,Credit Card,False,135.65
T001729,2025-03-01,Clothing,39.39,11,24.63995102628016,Bronze,12.8,South,PayPal,True,377.83
T001730,2025-06-23,Home & Kitchen,70.36,9,38.12507317320473,Silver,6.1,North,Digital Wallet,False,594.61
T001731,2025-05-25,Clothing,24.87,4,51.66603095483842,Silver,1.5,South,Credit Card,False,97.99
T001732,2025-04-03,Beauty,36.24,4,24.351406815465076,Silver,11.0,East,Credit Card,True,129.01
T001733,2025-02-22,Clothing,57.76,6,31.530282373566997,Bronze,11.5,East,Digital Wallet,True,306.71
T001734,2025-01-08,Clothing,43.05,5,50.070050646461155,Gold,18.2,North,PayPal,True,176.07
T001735,2025-03-20,Sports,54.68,5,29.17660121471299,Bronze,8.6,South,Credit Card,False,249.89
T001736,2025-01-27,Home & Kitchen,74.65,3,54.27505383453693,Silver,1.8,North,PayPal,False,219.92
T001737,2025-06-23,Sports,68.66,4,70.0,Gold,5.9,North,Credit Card,False,258.44
T001738,2025-02-19,Beauty,30.15,7,32.214674806679064,Bronze,7.5,North,Credit Card,False,195.22
T001739,2025-05-11,Clothing,62.16,4,59.67093090848438,Silver,10.6,South,Credit Card,True,222.28
T001740,2025-04-03,Electronics,257.75,3,45.93498326021226,Platinum,3.8,East,PayPal,False,743.87
T001741,2025-06-21,Electronics,237.88,6,32.49715108981994,Gold,3.6,South,Cash,False,1375.9
T001742,2025-01-24,Home & Kitchen,88.05,7,61.11150330204022,Gold,0.6,North,Digital Wallet,False,612.65
T001743,2025-03-01,Sports,75.0,4,46.88124725685667,Bronze,6.8,South,Credit Card,False,279.6
T001744,2025-05-02,Electronics,254.92,4,56.28145564439515,Gold,11.2,North,PayPal,True,905.48
T001745,2025-05-11,Electronics,311.72,5,70.0,Bronze,3.3,North,PayPal,False,1507.17
T001746,2025-05-28,Electronics,300.36,4,40.709657318970294,Bronze,4.2,North,PayPal,False,1150.98
T001747,2025-02-15,Sports,36.91,8,48.63164622641095,Bronze,6.9,West,Digital Wallet,False,274.91
T001748,2025-01-15,Clothing,43.11,8,28.615538138636683,Silver,0.6,West,Digital Wallet,False,342.81
T001749,2025-06-02,Clothing,32.31,4,,Gold,2.3,East,PayPal,False,126.27
T001750,2025-01-17,Clothing,38.04,6,41.02242593262012,Gold,5.3,North,Cash,False,216.14
T001751,2025-05-06,Sports,64.12,5,44.53925130987485,Gold,2.5,North,Credit Card,False,312.59
T001752,2025-03-25,Home & Kitchen,84.53,5,18.0,Bronze,2.0,West,PayPal,False,414.2
T001753,2025-01-09,Home & Kitchen,75.21,4,60.58397231330248,Gold,4.1,North,Credit Card,False,288.51
T001754,2025-06-15,Electronics,276.05,4,49.609185783257054,Platinum,3.4,East,Digital Wallet,False,1066.66
T001755,2025-06-25,Clothing,38.38,7,48.20024544391313,Gold,11.4,North,PayPal,True,238.03
T001756,2025-03-04,Home & Kitchen,61.6,4,66.58408120561973,Bronze,11.7,South,Credit Card,True,217.57
T001757,2025-04-27,Beauty,18.0,3,61.45309718517173,Platinum,15.3,East,PayPal,True,45.74
T001758,2025-05-10,Electronics,317.7,3,40.183695702847004,Silver,12.2,North,Cash,True,836.82
T001759,2025-03-29,Electronics,309.06,4,35.16402507164348,Bronze,12.5,North,Credit Card,True,1081.71
T001760,2025-03-13,Electronics,256.27,6,49.47554365984216,Bronze,10.2,East,Credit Card,True,1380.78
T001761,2025-05-19,Clothing,54.86,6,60.61873963061684,Bronze,14.5,West,Credit Card,True,281.43
T001762,2025-03-05,Sports,72.09,7,40.21643053599854,Silver,1.4,North,Credit Card,False,497.57
T001763,2025-03-13,Electronics,316.27,4,52.67196833027678,Bronze,4.1,North,PayPal,False,1213.21
T001764,2025-01-21,Clothing,41.62,4,62.476195181103506,Silver,18.4,West,Credit Card,True,135.85
T001765,2025-01-18,Clothing,52.03,4,53.8587550184359,Platinum,13.2,West,Cash,True,180.65
T001766,2025-03-05,Electronics,123.26,6,22.860565714677797,Gold,9.1,West,Credit Card,False,672.26
T001767,2025-03-23,Clothing,53.72,4,27.662723220734737,Bronze,3.9,North,Cash,False,206.5
T001768,2025-04-20,Clothing,32.24,5,65.79638329682248,Gold,3.2,West,Digital Wallet,False,156.04
T001769,2025-04-05,Clothing,54.08,3,43.317651782804084,Silver,9.5,East,PayPal,False,146.83
T001770,2025-06-15,Home & Kitchen,67.0,6,45.96100618549594,Gold,11.3,East,PayPal,True,356.57
T001771,2025-02-01,Clothing,54.82,9,48.817028021396716,Gold,5.9,South,PayPal,False,464.27
T001772,2025-01-11,Electronics,283.15,5,59.18352658662898,Gold,,South,Credit Card,False,
T001773,2025-02-14,Beauty,33.26,5,32.60562776488606,Bronze,6.7,North,Digital Wallet,False,155.16
T001774,2025-02-02,Home & Kitchen,75.33,4,37.0469592934577,Bronze,9.1,North,Digital Wallet,False,273.9
T001775,2025-04-12,Sports,51.23,2,29.935617629599292,Silver,3.2,East,Credit Card,False,99.18
T001776,2025-06-18,Electronics,402.17,8,18.0,Silver,16.0,South,Credit Card,True,2702.58
T001777,2025-05-16,Electronics,229.57,1,46.920474536486026,Silver,23.8,North,Credit Card,True,174.93
T001778,2025-01-11,Electronics,197.12,3,31.610000637234357,Silver,0.8,East,Credit Card,False,586.63
T001779,2025-06-28,Electronics,239.41,6,53.550616934813675,Bronze,7.8,East,Digital Wallet,False,1324.42
T001780,2025-03-29,Clothing,38.34,5,34.71988458302978,Bronze,0.1,North,Credit Card,False,191.51
T001781,2025-02-10,Beauty,31.18,5,25.84007533065303,Bronze,5.7,East,PayPal,False,147.01
T001782,2025-05-25,Clothing,39.35,9,54.65084763021049,Platinum,9.3,West,Credit Card,False,321.21
T001783,2025-03-17,Clothing,34.61,8,48.27467905625551,Gold,5.5,West,Digital Wallet,False,261.65
T001784,2025-05-01,Home & Kitchen,91.58,2,40.013486736088296,Bronze,7.3,West,PayPal,False,169.79
T001785,2025-02-15,Electronics,261.45,2,40.68676092148094,Bronze,7.5,South,Digital Wallet,False,483.68
T001786,2025-06-09,Home & Kitchen,68.03,2,49.20928713928911,Bronze,3.5,North,Digital Wallet,True,131.3
T001787,2025-03-21,Home & Kitchen,104.51,5,62.41953610661441,Bronze,6.9,East,PayPal,False,486.49
T001788,2025-02-23,Sports,53.39,5,46.82058452897202,Bronze,15.3,West,Credit Card,True,226.11
T001789,2025-03-27,Beauty,44.83,8,47.63786217630922,Platinum,1.8,South,Credit Card,False,352.18
T001790,2025-04-02,Clothing,35.53,4,36.51575598200658,Platinum,4.2,North,PayPal,False,136.15
T001791,2025-05-28,Clothing,50.54,6,39.1650090244533,Silver,7.3,East,PayPal,False,281.1
T001792,2025-06-10,Beauty,16.08,7,18.0,Bronze,5.6,East,Credit Card,True,106.26
T001793,2025-06-17,Sports,49.13,5,30.681544445959222,Gold,11.8,West,Credit Card,True,216.66
T001794,2025-06-09,Clothing,48.83,9,29.21899342563196,Silver,1.9,East,PayPal,False,431.12
T001795,2025-04-07,Beauty,35.34,5,28.896754137710186,Silver,4.4,South,Credit Card,False,168.93
T001796,2025-01-02,Electronics,301.4,4,37.41721075849572,Gold,3.7,South,PayPal,True,1160.99
T001797,2025-02-02,Beauty,31.73,7,38.69091955638095,Silver,2.7,West,Credit Card,False,216.11
T001798,2025-06-07,Electronics,311.56,4,29.218628702194216,Platinum,5.8,North,Credit Card,False,1173.96
T001799,2025-06-10,Clothing,53.03,3,57.10251782235629,Gold,8.2,North,Credit Card,False,146.04
T001800,2025-03-18,Sports,76.54,5,49.18790735091156,Silver,2.0,North,PayPal,False,375.05
T001801,2025-04-26,Clothing,67.24,2,44.47574136453593,Bronze,5.4,East,Credit Card,False,127.22
T001802,2025-06-03,Clothing,40.3,4,49.7464707929122,Platinum,9.0,East,PayPal,False,146.69
T001803,2025-05-30,Clothing,50.91,1,21.36917611984635,Bronze,7.1,North,Credit Card,False,47.3
T001804,2025-04-13,Beauty,18.83,4,21.02960648026615,Platinum,1.5,South,Digital Wallet,False,74.19
T001805,2025-06-15,Sports,51.03,3,56.618491746293486,Platinum,9.4,East,Cash,False,138.7
T001806,2025-04-13,Home & Kitchen,74.06,4,70.0,Platinum,,West,Credit Card,True,
T001807,2025-03-31,Home & Kitchen,88.61,7,42.65405061076247,Silver,8.5,North,Digital Wallet,False,567.55
T001808,2025-06-23,Sports,73.74,4,69.00536519653986,Gold,5.4,East,Credit Card,False,279.03
T001809,2025-05-02,Clothing,52.02,3,42.01404420774134,Platinum,4.2,North,Credit Card,False,149.51
T001810,2025-05-23,Clothing,35.12,6,33.49638400651544,Platinum,8.0,East,Credit Card,False,193.86
T001811,2025-04-16,Home & Kitchen,84.08,2,53.76313764102058,Platinum,8.3,North,Cash,False,154.2
T001812,2025-04-29,Clothing,54.84,4,18.0,Bronze,5.9,North,Credit Card,False,206.42
T001813,2025-06-21,Electronics,259.29,3,34.951438873791076,Bronze,4.7,South,Digital Wallet,False,741.31
T001814,2025-02-18,Electronics,259.42,2,32.06890982425354,Gold,5.5,North,PayPal,False,490.3
T001815,2025-04-14,Electronics,221.55,5,27.60263718397391,Silver,9.2,West,Credit Card,False,1005.84
T001816,2025-03-02,Sports,38.97,6,36.018755321605056,Bronze,16.8,West,Credit Card,True,194.54
T001817,2025-05-03,Clothing,56.91,4,45.48544095608902,Bronze,14.1,East,PayPal,True,195.54
T001818,2025-05-14,Home & Kitchen,41.15,5,57.737591155581185,Bronze,5.6,East,Cash,False,194.23
T001819,2025-01-09,Clothing,44.1,6,54.4984316447446,Platinum,5.2,North,PayPal,False,250.84
T001820,2025-01-06,Clothing,45.96,6,22.87563814372366,Silver,8.8,North,Credit Card,False,251.49
T001821,2025-03-14,Clothing,55.68,2,69.47861956100401,Silver,3.6,North,PayPal,False,107.35
T001822,2025-04-13,Sports,77.95,7,56.956215620784384,Gold,3.8,North,Credit Card,False,524.92
T001823,2025-06-09,Home & Kitchen,100.18,8,42.485887114864774,Platinum,10.2,South,Credit Card,True,719.69
T001824,2025-02-10,Beauty,35.47,5,58.14531383930587,Silver,10.0,East,Credit Card,False,159.62
T001825,2025-04-24,Home & Kitchen,72.25,5,30.944392033425004,Bronze,2.4,East,Digital Wallet,False,352.58
T001826,2025-01-08,Home & Kitchen,70.69,5,52.135233063089316,Silver,5.8,South,Cash,False,332.95
T001827,2025-03-13,Home & Kitchen,75.03,4,18.784916020752675,Silver,7.0,North,PayPal,False,279.11
T001828,2025-06-27,Beauty,32.92,9,38.31335463003292,Platinum,1.0,West,Credit Card,False,293.32
T001829,2025-04-02,Sports,70.27,5,58.370564449952674,Bronze,2.6,South,PayPal,False,342.21
T001830,2025-03-03,Electronics,282.51,2,36.501583710359085,Bronze,7.5,East,Credit Card,False,522.64
T001831,2025-03-25,Clothing,61.27,2,37.02803762015459,Bronze,5.5,North,Credit Card,False,115.8
T001832,2025-03-03,Home & Kitchen,88.85,2,34.75124131447595,Silver,4.3,North,PayPal,False,170.06
T001833,2025-04-21,Home & Kitchen,75.03,2,39.63333180966538,Gold,19.5,North,Credit Card,True,120.8
T001834,2025-05-07,Electronics,199.08,8,29.85865949511197,Bronze,5.2,East,Credit Card,False,1509.82
T001835,2025-01-07,Sports,58.19,8,60.983597705544135,Gold,6.3,North,PayPal,False,436.19
T001836,2025-03-25,Beauty,27.3,4,27.61064260449742,Gold,13.1,North,Digital Wallet,True,94.89
T001837,2025-05-12,Electronics,283.54,2,45.886938842367414,Bronze,5.5,East,Credit Card,True,535.89
T001838,2025-05-14,Sports,63.87,3,52.14702722630629,Gold,4.8,South,Cash,False,182.41
T001839,2025-02-27,Electronics,177.83,2,33.170105823393676,Bronze,11.0,North,Digital Wallet,True,316.54
T001840,2025-01-22,Electronics,335.03,2,24.525850869352702,Bronze,0.4,West,Credit Card,False,667.38
T001841,2025-06-03,Electronics,206.65,3,35.063864255913074,Bronze,3.0,South,Digital Wallet,False,601.35
T001842,2025-05-07,Electronics,243.26,7,37.25044977123886,Silver,5.2,East,Credit Card,False,1614.27
T001843,2025-01-03,Sports,55.43,4,53.026366836394445,Silver,8.1,West,Credit Card,False,203.76
T001844,2025-05-07,Electronics,215.7,4,40.22570877300353,Silver,5.6,East,Credit Card,False,814.48
T001845,2025-02-10,Clothing,34.7,6,42.030062384339416,Silver,7.6,South,Credit Card,False,192.38
T001846,2025-04-16,Electronics,269.75,4,25.136796558835012,Silver,12.1,South,PayPal,True,948.44
T001847,2025-01-14,Clothing,60.66,7,39.6742254237906,Gold,1.5,North,PayPal,False,418.25
T001848,2025-01-12,Electronics,252.73,5,59.23772882570783,Silver,3.9,North,PayPal,False,1214.37
T001849,2025-03-28,Home & Kitchen,62.45,4,55.15483076354279,Gold,10.4,South,Cash,True,223.82
T001850,2025-01-12,Electronics,216.4,5,35.963866084000045,Silver,7.6,North,Credit Card,False,999.77
T001851,2025-05-21,Sports,55.77,3,51.96193260530625,Silver,5.0,North,Credit Card,False,158.94
T001852,2025-01-25,Sports,55.31,4,40.31883443296432,Silver,9.1,West,Cash,False,201.11
T001853,2025-02-14,Electronics,253.06,3,48.050417518818804,Bronze,8.6,North,Credit Card,False,693.89
T001854,2025-05-02,Sports,50.01,5,,Silver,4.0,South,PayPal,False,240.05
T001855,2025-05-27,Electronics,302.05,7,30.400484339765605,Bronze,13.2,North,PayPal,True,1835.26
T001856,2025-02-24,Electronics,393.88,3,29.788445092231644,Gold,2.1,South,Cash,False,1156.83
T001857,2025-04-10,Electronics,272.66,7,48.32321423473606,Bronze,1.6,East,Credit Card,True,1878.08
T001858,2025-06-22,Clothing,48.86,7,18.0,Bronze,7.0,West,Credit Card,False,318.08
T001859,2025-05-16,Clothing,50.64,2,54.772982278173615,Gold,1.4,East,Credit Card,False,99.86
T001860,2025-04-29,Sports,66.83,5,39.115802553625834,Gold,10.1,South,Credit Card,True,300.4
T001861,2025-02-22,Clothing,24.65,4,34.29033797178438,Bronze,8.5,East,Digital Wallet,False,90.22
T001862,2025-02-01,Home & Kitchen,83.72,3,53.98474567679551,Platinum,11.4,North,Cash,True,222.53
T001863,2025-02-20,Electronics,135.88,2,18.0,Bronze,2.5,East,Digital Wallet,False,264.97
T001864,2025-02-13,Sports,71.16,5,47.54555532703968,Silver,6.1,South,Credit Card,False,334.1
T001865,2025-03-23,Electronics,206.77,7,61.688297537504894,Bronze,1.3,West,Digital Wallet,False,1428.57
T001866,2025-05-26,Electronics,195.31,1,25.538341546466,Bronze,10.5,East,Cash,True,174.8
T001867,2025-05-30,Electronics,338.97,6,36.54588495912074,Silver,11.3,South,Credit Card,True,1804.0
T001868,2025-02-06,Electronics,318.15,6,47.43016415097617,Bronze,8.6,North,Credit Card,False,1744.73
T001869,2025-04-06,Clothing,40.09,7,23.15136033721727,Bronze,11.7,North,Digital Wallet,True,247.8
T001870,2025-02-25,Sports,48.91,4,44.95286641514484,Silver,7.3,North,PayPal,False,181.36
T001871,2025-04-15,Electronics,227.95,5,70.0,Platinum,6.2,East,Digital Wallet,False,1069.09
T001872,2025-02-28,Home & Kitchen,74.16,1,45.92606559862777,Bronze,8.6,East,PayPal,True,67.78
T001873,2025-05-11,Home & Kitchen,105.05,5,45.52878925418933,Bronze,8.8,North,PayPal,False,479.03
T001874,2025-06-05,Sports,45.06,4,27.553676344458346,Silver,2.6,East,PayPal,False,175.55
T001875,2025-02-04,Electronics,260.73,7,57.956760148525426,Gold,3.4,North,Credit Card,False,1763.06
T001876,2025-04-03,Clothing,62.49,3,18.0,Silver,10.9,North,Digital Wallet,True,167.04
T001877,2025-04-07,Beauty,28.68,9,41.56046983831832,Silver,11.4,East,Credit Card,True,228.69
T001878,2025-05-15,Home & Kitchen,120.31,5,52.98948164926968,Gold,7.8,East,PayPal,False,554.63
T001879,2025-03-17,Clothing,38.09,4,18.0,Bronze,8.0,North,Credit Card,False,140.17
T001880,2025-02-18,Electronics,177.14,6,18.0,Silver,11.1,East,Credit Card,True,944.86
T001881,2025-04-04,Clothing,36.08,5,24.27031476184589,Bronze,14.5,North,Digital Wallet,True,154.24
T001882,2025-06-08,Home & Kitchen,38.75,9,58.47474125983437,Silver,6.2,North,Credit Card,False,327.13
T001883,2025-01-24,Home & Kitchen,84.93,4,34.36202171323396,Bronze,2.0,West,Credit Card,False,332.93
T001884,2025-05-28,Electronics,193.25,1,52.758509425491255,Bronze,8.6,South,PayPal,False,176.63
T001885,2025-02-06,Home & Kitchen,106.35,2,50.82262349891295,Silver,11.9,West,Credit Card,True,187.39
T001886,2025-01-04,Home & Kitchen,77.15,4,22.072973215733683,Silver,10.3,North,Credit Card,True,276.81
T001887,2025-04-18,Clothing,46.58,4,37.32693644729572,Silver,6.4,West,Credit Card,False,174.4
T001888,2025-05-06,Home & Kitchen,39.96,6,39.263646068284594,Gold,6.1,South,Digital Wallet,False,225.13
T001889,2025-01-20,Sports,54.66,4,48.132593527230526,Silver,7.8,North,PayPal,False,201.59
T001890,2025-06-01,Clothing,46.08,4,44.73258273031202,Bronze,11.5,North,Credit Card,True,163.12
T001891,2025-02-19,Sports,40.79,4,41.21191109086269,Silver,4.8,North,Cash,False,155.33
T001892,2025-06-26,Electronics,275.7,6,55.977008669740826,Silver,13.0,East,PayPal,True,1439.15
T001893,2025-06-28,Electronics,269.12,3,55.80437444358645,Bronze,9.5,North,Credit Card,False,730.66
T001894,2025-04-06,Clothing,40.88,6,24.621411199787225,Platinum,0.8,North,PayPal,False,243.32
T001895,2025-04-15,Electronics,192.55,4,36.61781461909481,Silver,4.7,East,PayPal,False,734.0
T001896,2025-06-13,Electronics,344.69,4,42.38085585085259,Silver,6.9,South,Credit Card,False,1283.63
T001897,2025-04-27,Electronics,257.51,7,43.01518583527293,Gold,20.5,South,Credit Card,True,1433.04
T001898,2025-04-08,Sports,55.68,2,48.6086693279922,Bronze,1.9,North,PayPal,False,109.24
T001899,2025-03-07,Electronics,270.59,3,46.477508519770666,Gold,4.4,North,Cash,False,776.05
T001900,2025-03-20,Home & Kitchen,75.63,5,49.14652416883778,Gold,4.5,North,Credit Card,True,361.13
T001901,2025-06-11,Electronics,279.2,3,50.5575658565593,Platinum,3.0,South,Credit Card,False,812.47
T001902,2025-06-13,Beauty,30.33,8,38.60462419309589,Bronze,2.0,South,Credit Card,False,237.79
T001903,2025-01-06,Home & Kitchen,69.23,3,37.95343083266144,Platinum,7.1,West,Digital Wallet,False,192.94
T001904,2025-02-08,Electronics,406.58,3,,Silver,4.4,West,PayPal,False,1166.07
T001905,2025-06-19,Sports,51.13,6,36.04367938357228,Gold,2.9,West,Credit Card,False,297.88
T001906,2025-04-25,Clothing,37.3,5,50.87729619614257,Bronze,8.9,South,Digital Wallet,False,169.9
T001907,2025-05-05,Sports,47.84,6,32.932460994215745,Platinum,5.8,West,Digital Wallet,False,270.39
T001908,2025-01-12,Clothing,41.81,7,46.01558331708396,Silver,2.2,North,PayPal,True,286.23
T001909,2025-05-11,Home & Kitchen,72.43,7,46.88484863781256,Silver,7.0,North,Credit Card,False,471.52
T001910,2025-01-18,Sports,59.06,3,49.787557229140845,Gold,10.1,East,Credit Card,True,159.28
T001911,2025-02-09,Clothing,47.13,8,61.08347434303565,Silver,0.5,South,Digital Wallet,False,375.15
T001912,2025-01-21,Electronics,336.82,8,30.00894323136876,Bronze,2.3,East,Credit Card,True,2632.59
T001913,2025-05-23,Sports,55.99,5,43.79077275936254,Bronze,10.8,South,Cash,True,249.72
T001914,2025-04-09,Clothing,38.72,7,49.947844568834704,Bronze,4.4,South,Credit Card,False,259.11
T001915,2025-01-26,Clothing,68.41,9,49.980320492518764,Silver,4.5,West,Credit Card,False,587.98
T001916,2025-01-08,Electronics,315.49,5,38.28641764915117,Silver,13.7,West,PayPal,True,1361.34
T001917,2025-04-10,Clothing,35.26,5,46.61621747773306,Bronze,5.4,North,Credit Card,False,166.78
T001918,2025-03-28,Beauty,23.72,6,,Silver,5.5,East,Cash,False,134.49
T001919,2025-02-11,Clothing,43.6,5,50.8797743951592,Silver,3.4,South,Credit Card,False,210.59
T001920,2025-06-21,Clothing,42.41,6,41.05451173667141,Gold,7.8,East,Credit Card,False,234.61
T001921,2025-01-14,Home & Kitchen,47.49,6,,Gold,10.1,North,Digital Wallet,True,256.16
T001922,2025-03-19,Sports,70.57,3,45.252167675362394,Silver,2.0,East,Credit Card,True,207.48
T001923,2025-01-02,Clothing,29.14,5,36.010173611861845,Gold,5.9,South,Digital Wallet,False,137.1
T001924,2025-04-29,Clothing,29.1,3,,Platinum,1.5,East,Digital Wallet,False,85.99
T001925,2025-02-06,Beauty,22.68,6,26.083845109877878,Bronze,10.2,North,Credit Card,True,122.2
T001926,2025-03-10,Home & Kitchen,59.86,2,40.38112581463302,Platinum,8.8,North,Cash,False,109.18
T001927,2025-06-15,Electronics,277.2,6,33.180793534332025,Platinum,16.7,South,Credit Card,True,1385.45
T001928,2025-02-10,Electronics,235.25,5,38.44375709644801,Bronze,14.3,West,PayPal,True,1008.05
T001929,2025-03-03,Clothing,34.04,6,56.85948332313117,Gold,4.7,West,Cash,False,194.64
T001930,2025-03-01,Electronics,309.24,4,38.82408668168146,Bronze,1.8,East,PayPal,False,1214.69
T001931,2025-05-05,Clothing,57.77,4,57.09316554950522,Gold,5.0,South,Credit Card,False,219.53
T001932,2025-04-21,Sports,49.24,6,46.62555713045532,Gold,12.1,North,Credit Card,True,259.69
T001933,2025-01-14,Electronics,279.27,3,38.62092519598131,Gold,8.3,East,Digital Wallet,False,768.27
T001934,2025-03-25,Home & Kitchen,43.86,7,29.7595214462821,Silver,2.6,North,PayPal,False,299.04
T001935,2025-05-10,Clothing,57.1,1,40.638954350977194,Silver,17.7,South,Digital Wallet,True,46.99
T001936,2025-03-11,Sports,65.18,1,37.177683860090994,Bronze,7.0,East,Credit Card,False,60.62
T001937,2025-05-25,Home & Kitchen,135.1,2,56.21066033952139,Bronze,7.2,North,Credit Card,False,250.75
T001938,2025-05-03,Electronics,332.2,4,65.62577676683892,Silver,11.8,West,PayPal,True,1172.0
T001939,2025-03-30,Clothing,53.98,3,54.37487092318585,Platinum,16.4,West,Digital Wallet,True,135.38
T001940,2025-01-28,Electronics,258.5,4,33.11174583600888,Gold,3.8,North,PayPal,False,994.71
T001941,2025-03-07,Sports,52.85,4,42.65811229089258,Gold,1.6,West,Credit Card,False,208.02
T001942,2025-06-12,Sports,50.72,6,39.27834201087237,Gold,3.7,South,Credit Card,False,293.06
T001943,2025-01-05,Clothing,45.46,9,34.928015050749956,Bronze,0.8,North,Credit Card,False,405.87
T001944,2025-06-17,Clothing,38.36,9,40.90843123374291,Bronze,3.1,East,Digital Wallet,False,334.54
T001945,2025-06-13,Clothing,50.65,3,40.41221327121054,Silver,0.4,West,Credit Card,False,151.34
T001946,2025-02-14,Home & Kitchen,96.42,4,64.0402836518262,Bronze,11.7,West,PayPal,True,340.56
T001947,2025-05-31,Clothing,49.74,7,45.94688986871173,Bronze,2.5,East,Credit Card,False,339.48
T001948,2025-02-16,Clothing,52.99,5,51.91083636763026,Silver,4.4,South,Cash,False,253.29
T001949,2025-01-31,Clothing,41.44,9,54.58084096084824,Bronze,0.9,North,PayPal,False,369.6
T001950,2025-05-19,Electronics,254.36,3,51.06284522990259,Gold,4.5,East,Credit Card,False,728.74
T001951,2025-01-10,Home & Kitchen,63.7,1,58.37836273230066,Silver,9.5,East,Cash,False,57.65
T001952,2025-04-28,Electronics,242.45,3,37.54101019210146,Bronze,2.0,North,Cash,False,712.8
T001953,2025-01-14,Home & Kitchen,99.04,3,53.5143793167876,Bronze,4.0,North,Credit Card,False,285.24
T001954,2025-03-21,Electronics,372.92,4,65.54307617120917,Silver,0.4,South,Credit Card,False,1485.71
T001955,2025-04-03,Electronics,204.39,6,33.34894138397533,Silver,9.4,West,PayPal,False,1111.06
T001956,2025-01-10,Home & Kitchen,85.92,5,37.92318980434121,Platinum,2.8,East,Credit Card,False,417.57
T001957,2025-03-17,Beauty,38.38,11,37.021916723981896,Bronze,1.5,North,Credit Card,False,415.85
T001958,2025-04-04,Sports,64.28,4,67.86664600092939,Bronze,7.1,South,Credit Card,False,238.86
T001959,2025-04-15,Electronics,245.01,2,29.2381618216838,Silver,8.8,North,Digital Wallet,False,446.9
T001960,2025-01-01,Electronics,239.21,2,43.32381562277021,Bronze,6.6,North,Credit Card,False,446.84
T001961,2025-05-13,Sports,53.97,2,47.90572617800252,Silver,0.2,East,Cash,False,107.72
T001962,2025-01-20,Clothing,38.53,9,35.40877304557648,Gold,2.0,North,Cash,False,339.83
T001963,2025-01-08,Electronics,287.89,2,30.102452699126697,Bronze,4.7,West,Digital Wallet,False,548.72
T001964,2025-06-20,Sports,51.99,6,32.16206709138104,Bronze,13.2,West,Digital Wallet,True,270.76
T001965,2025-01-01,Sports,57.56,3,38.99470529687406,Bronze,4.7,West,Digital Wallet,False,164.56
T001966,2025-02-26,Beauty,38.98,9,35.58355776453077,Bronze,0.4,West,Credit Card,False,349.42
T001967,2025-03-05,Beauty,29.94,4,,Bronze,3.6,East,Credit Card,False,115.45
T001968,2025-04-28,Sports,58.1,4,35.688029922182004,Bronze,8.9,North,Digital Wallet,False,211.72
T001969,2025-01-28,Electronics,279.39,9,35.56978497463319,Silver,14.6,South,Credit Card,True,2147.39
T001970,2025-05-01,Electronics,277.28,3,46.73371147741732,Bronze,5.4,North,Credit Card,False,786.92
T001971,2025-04-17,Home & Kitchen,82.26,4,45.48419439374452,Bronze,10.7,North,Digital Wallet,True,293.83
T001972,2025-06-14,Clothing,46.5,5,18.0,Bronze,7.8,South,PayPal,True,214.36
T001973,2025-06-24,Clothing,37.35,6,31.569643075745134,Silver,4.9,South,Credit Card,False,213.12
T001974,2025-06-14,Clothing,51.33,6,35.93580873053094,Silver,2.4,East,Credit Card,False,300.59
T001975,2025-02-18,Clothing,44.5,6,29.863887898128723,Bronze,8.8,North,Digital Wallet,False,243.5
T001976,2025-04-30,Home & Kitchen,77.7,3,53.54896665258471,Gold,3.7,South,Cash,False,224.48
T001977,2025-02-13,Electronics,203.13,7,24.050302743325283,Bronze,9.0,West,Digital Wallet,False,1293.94
T001978,2025-02-25,Clothing,37.55,4,54.612113648358005,Silver,8.4,North,Credit Card,False,137.58
T001979,2025-06-05,Clothing,48.5,6,18.0,Bronze,7.6,East,Credit Card,False,268.88
T001980,2025-04-21,Home & Kitchen,105.61,2,,Platinum,4.4,East,Credit Card,False,201.93
T001981,2025-05-14,Electronics,170.61,6,60.76964332367977,Silver,2.0,South,Credit Card,False,1003.19
T001982,2025-04-18,Clothing,41.06,6,34.86298675488593,Gold,7.4,North,Credit Card,False,228.13
T001983,2025-05-28,Home & Kitchen,61.68,3,42.28099376490801,Bronze,,West,PayPal,False,
T001984,2025-04-24,Clothing,52.73,5,54.33200749345103,Gold,0.2,East,Cash,False,263.12
T001985,2025-03-19,Electronics,192.06,8,53.992368090478564,Silver,17.8,East,Digital Wallet,True,1262.99
T001986,2025-05-10,Clothing,37.31,5,45.62825375472741,Bronze,6.2,West,Cash,False,174.98
T001987,2025-02-06,Clothing,41.98,3,39.817036337266956,Silver,0.4,North,PayPal,False,125.44
T001988,2025-01-20,Beauty,40.36,5,39.69441123308459,Silver,16.6,South,Credit Card,True,168.3
T001989,2025-01-26,Electronics,247.06,3,25.318936836433316,Bronze,9.4,East,Credit Card,False,671.51
T001990,2025-01-29,Home & Kitchen,83.37,5,29.702005381938715,Bronze,11.0,West,PayPal,True,371.0
T001991,2025-01-01,Electronics,268.9,2,42.43246029525103,Bronze,12.6,North,PayPal,True,470.04
T001992,2025-04-29,Clothing,41.69,6,45.28180419395682,Bronze,10.5,East,Credit Card,True,223.88
T001993,2025-02-04,Home & Kitchen,49.99,5,70.0,Silver,6.3,West,Digital Wallet,False,234.2
T001994,2025-02-28,Clothing,51.43,6,51.36886544390835,Platinum,8.8,East,Cash,True,281.42
T001995,2025-03-10,Clothing,37.35,7,37.8131660094449,Silver,5.0,South,PayPal,False,248.38
T001996,2025-06-10,Electronics,325.76,5,48.1247628169828,Silver,5.1,West,Credit Card,False,1545.73
T001997,2025-06-28,Clothing,34.32,3,20.833730473042195,Silver,10.2,West,PayPal,True,92.46
T001998,2025-01-12,Home & Kitchen,75.33,7,43.01353309557456,Platinum,10.0,East,Credit Card,True,474.58
T001999,2025-01-20,Clothing,43.44,4,50.216458775794855,Gold,2.9,East,Cash,False,168.72
T002000,2025-02-12,Sports,56.26,6,50.31907898159001,Gold,9.3,South,Credit Card,False,306.17
T002001,2025-05-06,Home & Kitchen,83.55,9,41.20506615575169,Bronze,2.8,North,Cash,False,730.9
T002002,2025-02-19,Clothing,29.4,7,,Silver,1.2,East,PayPal,False,203.33
T002003,2025-01-29,Electronics,235.68,9,38.774389981952545,Gold,14.6,North,Digital Wallet,True,1811.44
T002004,2025-02-08,Clothing,40.49,7,46.74853780041175,Bronze,1.2,West,PayPal,False,280.03
T002005,2025-06-20,Sports,43.13,5,30.702541992129046,Silver,8.5,West,Credit Card,False,197.32
T002006,2025-06-27,Clothing,52.59,9,28.45351845609329,Bronze,10.9,North,Digital Wallet,True,421.72
T002007,2025-05-31,Sports,64.67,5,57.16371049298517,Bronze,4.7,East,PayPal,False,308.15
T002008,2025-06-21,Clothing,40.04,4,39.77643803850526,Bronze,15.1,North,PayPal,True,135.98
T002009,2025-02-07,Sports,60.95,5,47.306344202130546,Silver,3.5,South,Credit Card,False,294.08
T002010,2025-03-25,Electronics,322.32,4,32.582928423061006,Silver,,East,Credit Card,False,
T002011,2025-05-31,Sports,51.96,3,28.483754939556505,Bronze,15.0,South,Credit Card,True,132.5
T002012,2025-05-08,Clothing,47.07,9,35.462545277800274,Silver,2.9,West,Credit Card,False,411.34
T002013,2025-05-06,Clothing,36.74,4,47.098445128167164,Silver,3.9,West,PayPal,False,141.23
T002014,2025-02-14,Clothing,27.89,6,18.0,Bronze,6.1,East,PayPal,False,157.13
T002015,2025-02-21,Clothing,54.4,8,44.487464619932695,Platinum,2.1,East,PayPal,False,426.06
T002016,2025-03-21,Beauty,79.53,4,50.17232190715693,Bronze,3.2,North,Digital Wallet,False,307.94
T002017,2025-06-27,Electronics,243.51,6,31.41409539282028,Bronze,9.4,South,Credit Card,False,1323.72
T002018,2025-05-04,Electronics,231.02,4,44.89718761879709,Bronze,12.4,West,PayPal,True,809.49
T002019,2025-04-29,Home & Kitchen,87.73,3,43.96402984317764,Silver,3.3,West,PayPal,False,254.5
T002020,2025-01-08,Clothing,59.87,2,31.59776978939722,Bronze,2.4,West,Digital Wallet,False,116.87
T002021,2025-03-26,Clothing,49.1,6,40.23246647143819,Silver,3.5,North,Credit Card,False,284.29
T002022,2025-05-09,Home & Kitchen,83.11,2,41.830802421431585,Platinum,5.3,South,Digital Wallet,False,157.41
T002023,2025-01-08,Clothing,45.03,7,31.549147248133217,Bronze,6.0,North,PayPal,False,296.3
T002024,2025-06-06,Beauty,35.3,7,37.82305221485624,Platinum,2.3,West,Credit Card,False,241.42
T002025,2025-04-06,Clothing,42.41,9,41.718898031811186,Silver,14.9,East,Credit Card,True,324.82
T002026,2025-04-12,Electronics,299.92,6,45.44384904694359,Bronze,9.0,West,Digital Wallet,False,1637.56
T002027,2025-01-05,Home & Kitchen,98.36,4,64.67536229515363,Gold,2.6,East,Credit Card,False,383.21
T002028,2025-03-27,Home & Kitchen,49.36,4,30.38139072244075,Bronze,0.6,North,Credit Card,False,196.26
T002029,2025-06-24,Clothing,53.98,4,58.24197332530729,Gold,13.3,East,PayPal,True,187.2
T002030,2025-02-03,Home & Kitchen,98.86,1,31.230041944239264,Gold,6.0,West,Credit Card,False,92.93
T002031,2025-02-24,Electronics,238.51,3,41.96995219265052,Platinum,10.2,North,Credit Card,True,642.55
T002032,2025-04-29,Clothing,30.89,7,53.03021458956783,Bronze,19.2,West,PayPal,True,174.71
T002033,2025-06-20,Sports,55.84,5,47.284677296722435,Bronze,4.0,East,Digital Wallet,False,268.03
T002034,2025-06-07,Electronics,258.84,5,18.0,Gold,0.2,North,Credit Card,False,1291.61
T002035,2025-04-24,Clothing,41.44,7,55.027307450827564,Gold,8.8,East,Credit Card,False,264.55
T002036,2025-05-25,Sports,43.39,4,45.87978916426001,Gold,12.8,North,Cash,True,151.34
T002037,2025-01-26,Beauty,26.55,6,35.32571670219035,Silver,17.2,North,PayPal,True,131.9
T002038,2025-05-16,Clothing,53.2,2,40.42995219292311,Silver,2.4,North,Credit Card,False,103.85
T002039,2025-02-16,Clothing,44.36,5,47.127373437042436,Silver,3.4,East,Credit Card,False,214.26
T002040,2025-04-23,Home & Kitchen,64.84,4,49.03296006969049,Gold,10.2,North,Digital Wallet,True,232.91
T002041,2025-03-17,Beauty,38.21,7,48.594851626467104,Bronze,3.6,North,Credit Card,False,257.84
T002042,2025-03-13,Sports,65.57,4,33.41892004324546,Silver,3.5,East,PayPal,False,253.1
T002043,2025-03-30,Electronics,260.7,5,41.852964239782935,Silver,7.8,North,Credit Card,False,1201.83
T002044,2025-02-15,Clothing,32.18,6,31.882009339737166,Platinum,7.6,East,PayPal,False,178.41
T002045,2025-02-02,Clothing,57.78,8,51.195383477290825,Platinum,9.5,East,Digital Wallet,False,418.33
T002046,2025-01-01,Sports,77.33,1,39.07089480847781,Bronze,7.1,West,Credit Card,True,71.84
T002047,2025-05-27,Home & Kitchen,94.0,4,47.2376091424203,Gold,11.2,East,Digital Wallet,True,333.89
T002048,2025-01-31,Home & Kitchen,90.89,3,35.83267608919651,Platinum,6.1,East,PayPal,False,256.04
T002049,2025-05-22,Beauty,35.3,4,43.028247762704325,Bronze,,East,Credit Card,False,
T002050,2025-02-22,Electronics,354.67,5,39.69898055600754,Gold,1.7,North,Credit Card,False,1743.2
T002051,2025-02-17,Electronics,296.2,4,27.434728883706523,Bronze,7.5,South,PayPal,False,1095.94
T002052,2025-03-10,Clothing,28.0,11,55.09032713945973,Silver,5.6,East,PayPal,False,290.75
T002053,2025-04-15,Clothing,40.33,8,50.02204141944457,Platinum,4.8,East,Digital Wallet,False,307.15
T002054,2025-03-31,Electronics,240.17,2,26.770081644144355,Gold,5.7,North,Cash,False,452.96
T002055,2025-03-04,Electronics,248.15,4,32.16658865548831,Bronze,5.5,East,Digital Wallet,False,938.01
T002056,2025-03-14,Home & Kitchen,84.19,5,34.86438947996248,Gold,1.2,South,Credit Card,False,415.9
T002057,2025-06-10,Sports,68.13,5,57.8044559669076,Bronze,10.3,East,Cash,True,305.56
T002058,2025-06-18,Clothing,41.56,8,52.405591484918176,Silver,16.5,North,Credit Card,True,277.62
T002059,2025-03-30,Clothing,38.06,6,44.59885624575042,Bronze,4.9,South,Digital Wallet,False,217.17
T002060,2025-06-25,Clothing,56.73,5,23.02090991272355,Bronze,4.6,West,PayPal,False,270.6
T002061,2025-01-13,Sports,55.1,2,47.47821176000713,Platinum,5.9,West,PayPal,False,103.7
T002062,2025-03-14,Sports,33.57,3,44.02843046737797,Silver,1.4,West,PayPal,False,99.3
T002063,2025-03-18,Home & Kitchen,90.17,4,37.86082951146208,Gold,0.6,North,Credit Card,False,358.52
T002064,2025-06-08,Electronics,190.68,1,57.861081771194556,Bronze,11.5,West,Credit Card,True,168.75
T002065,2025-03-09,Electronics,276.1,5,39.600867606486005,Silver,8.4,East,Credit Card,False,1264.54
T002066,2025-04-08,Electronics,228.52,3,56.171416885729684,Silver,8.6,East,PayPal,False,626.6
T002067,2025-05-05,Home & Kitchen,56.45,5,37.589445049004695,Silver,0.7,North,Credit Card,False,280.27
T002068,2025-04-12,Sports,54.24,6,31.733471670679293,Bronze,14.0,North,PayPal,True,279.88
T002069,2025-05-12,Sports,63.6,6,27.04879650112261,Bronze,5.9,West,PayPal,False,359.09
T002070,2025-04-12,Clothing,54.38,4,41.041809227944285,Gold,3.6,East,Digital Wallet,False,209.69
T002071,2025-01-19,Sports,38.59,8,42.53332834913541,Bronze,9.3,North,Digital Wallet,False,280.01
T002072,2025-03-23,Beauty,25.5,7,30.542714375672706,Silver,1.8,South,PayPal,False,175.29
T002073,2025-05-21,Clothing,52.58,4,31.094631484259367,Bronze,4.3,East,PayPal,False,201.28
T002074,2025-01-23,Clothing,40.91,4,56.107473678954406,Bronze,2.5,North,PayPal,False,159.55
T002075,2025-03-24,Beauty,24.79,3,50.905738229754924,Silver,1.6,East,Credit Card,True,73.18
T002076,2025-04-19,Clothing,51.05,5,63.96888069821752,Platinum,6.5,South,Credit Card,True,238.66
T002077,2025-03-16,Beauty,25.55,8,22.59511537116279,Gold,2.8,North,Credit Card,False,198.68
T002078,2025-05-09,Beauty,21.24,10,62.49786117791685,Silver,16.2,North,Credit Card,True,177.99
T002079,2025-03-29,Home & Kitchen,75.67,5,32.55277291719224,Silver,11.1,South,Credit Card,True,336.35
T002080,2025-02-23,Sports,55.18,6,26.216339829371396,Bronze,19.3,East,Cash,True,267.18
T002081,2025-03-30,Home & Kitchen,67.85,3,45.00316742163602,Bronze,2.0,South,Cash,False,199.48
T002082,2025-05-23,Home & Kitchen,49.35,3,19.682565806645993,Bronze,10.9,North,Digital Wallet,True,131.91
T002083,2025-03-06,Clothing,45.54,10,54.99943282691754,Gold,4.1,West,Credit Card,False,436.73
T002084,2025-03-17,Electronics,161.31,4,44.064542607937675,Silver,5.2,East,Credit Card,False,611.69
T002085,2025-05-23,Clothing,54.44,6,33.55746984967918,Bronze,17.3,North,Credit Card,True,270.13
T002086,2025-05-29,Home & Kitchen,76.89,5,54.025903454084236,Gold,0.4,East,Cash,False,382.91
T002087,2025-05-27,Electronics,185.03,2,40.37397383080287,Platinum,1.1,South,Credit Card,False,365.99
T002088,2025-03-01,Electronics,231.78,3,42.42515289226487,Bronze,3.3,South,Digital Wallet,False,672.39
T002089,2025-04-03,Electronics,290.63,5,49.52816445761459,Bronze,2.0,North,Credit Card,True,1424.09
T002090,2025-06-10,Home & Kitchen,62.3,4,34.43165685691062,Platinum,5.8,South,PayPal,False,234.75
T002091,2025-02-18,Beauty,29.78,6,29.337116218564645,Bronze,11.1,North,PayPal,True,158.85
T002092,2025-02-04,Beauty,31.59,6,40.4346412152804,Gold,2.3,West,Credit Card,False,185.18
T002093,2025-06-21,Clothing,42.85,3,25.780743865846393,Silver,2.0,North,PayPal,False,125.98
T002094,2025-04-12,Sports,43.29,5,36.83520989781245,Bronze,11.5,East,Credit Card,True,191.56
T002095,2025-01-11,Home & Kitchen,63.16,5,29.98372026538517,Bronze,0.8,North,PayPal,False,313.27
T002096,2025-04-09,Clothing,47.69,5,38.257396333304285,Silver,11.4,East,PayPal,True,211.27
T002097,2025-04-20,Home & Kitchen,59.82,3,31.237192761811613,Bronze,3.6,East,Credit Card,True,173.0
T002098,2025-03-15,Electronics,175.46,3,37.90752552025297,Gold,6.9,East,Credit Card,False,490.06
T002099,2025-06-23,Beauty,33.81,6,54.33012315668935,Silver,2.3,South,Digital Wallet,False,198.19
T002100,2025-01-09,Clothing,52.86,5,33.09033360145664,Bronze,8.3,West,Credit Card,True,242.36
T002101,2025-01-03,Clothing,41.76,4,46.611131191531506,Bronze,9.9,North,Credit Card,False,150.5
T002102,2025-03-26,Home & Kitchen,105.73,3,20.295924638216903,Silver,2.0,West,Credit Card,False,310.85
T002103,2025-01-26,Clothing,39.97,9,38.0421653645838,Silver,3.4,South,Credit Card,False,347.5
T002104,2025-03-13,Clothing,46.59,4,32.100472213547434,Silver,15.7,East,Credit Card,True,157.1
T002105,2025-02-17,Home & Kitchen,97.35,1,42.69370760146046,Bronze,4.4,North,Credit Card,False,93.07
T002106,2025-06-05,Electronics,230.67,7,35.36997350643826,Silver,10.0,South,Credit Card,False,1453.22
T002107,2025-04-27,Home & Kitchen,101.55,4,52.37311490046271,Platinum,7.7,East,Digital Wallet,False,374.92
T002108,2025-06-03,Clothing,55.11,3,37.75106028488751,Gold,2.4,North,PayPal,False,161.36
T002109,2025-06-02,Home & Kitchen,94.26,5,55.499378892899855,Bronze,5.4,South,Credit Card,False,445.85
T002110,2025-01-12,Home & Kitchen,63.4,4,18.0,Gold,7.6,South,Cash,False,234.33
T002111,2025-05-13,Clothing,55.25,2,42.482584580616574,Bronze,0.7,North,Digital Wallet,False,109.73
T002112,2025-02-17,Home & Kitchen,93.16,1,43.611853863056155,Silver,10.2,East,Credit Card,True,83.66
T002113,2025-02-06,Home & Kitchen,77.62,5,30.78233376313774,Platinum,11.6,North,Credit Card,True,343.08
T002114,2025-02-13,Sports,45.13,7,42.01317493271404,Gold,1.2,West,Digital Wallet,False,312.12
T002115,2025-01-15,Home & Kitchen,94.37,4,47.78592073767639,Silver,10.2,West,PayPal,True,338.98
T002116,2025-02-12,Sports,67.51,4,55.042775667715844,Platinum,8.0,North,PayPal,False,248.44
T002117,2025-06-25,Electronics,239.58,5,38.57476425419904,Silver,6.3,North,PayPal,False,1122.43
T002118,2025-03-28,Clothing,50.26,5,36.72774728718411,Bronze,13.7,West,Credit Card,True,216.87
T002119,2025-03-11,Beauty,34.44,6,34.78336454641611,Bronze,2.3,North,Digital Wallet,False,201.89
T002120,2025-02-15,Clothing,33.81,6,42.59719843961103,Silver,6.7,North,Credit Card,False,189.27
T002121,2025-04-18,Electronics,306.1,2,30.770794414946778,Silver,1.7,West,Credit Card,True,601.79
T002122,2025-05-03,Clothing,56.94,3,51.00585421623588,Silver,9.0,East,Credit Card,False,155.45
T002123,2025-06-20,Electronics,196.69,2,22.525504379192675,Gold,1.6,East,Cash,False,387.09
T002124,2025-01-21,Electronics,209.04,6,41.2243999939997,Bronze,3.3,North,Digital Wallet,False,1212.85
T002125,2025-05-31,Beauty,31.3,6,25.444932266123953,Silver,2.3,South,PayPal,False,183.48
T002126,2025-04-17,Clothing,56.5,1,41.423140661021044,Gold,6.0,North,Credit Card,False,53.11
T002127,2025-03-21,Clothing,57.81,3,51.70087105383634,Gold,13.5,North,Cash,True,150.02
T002128,2025-02-16,Beauty,23.05,6,44.220021169408994,Bronze,5.4,South,Cash,False,130.83
T002129,2025-04-27,Beauty,32.33,6,34.767563277057484,Platinum,0.6,East,Digital Wallet,False,192.82
T002130,2025-05-04,Clothing,37.7,10,50.599482945911774,Bronze,9.1,South,Credit Card,False,342.69
T002131,2025-05-23,Clothing,32.22,4,18.0,Bronze,11.5,South,Credit Card,True,114.06
T002132,2025-01-25,Sports,60.28,3,41.19290691433465,Bronze,5.7,South,Credit Card,False,170.53
T002133,2025-02-05,Home & Kitchen,84.66,6,32.014773456732,Silver,2.4,West,Credit Card,False,495.77
T002134,2025-02-20,Home & Kitchen,357.88,5,47.93075929235489,Gold,1.1,East,Cash,False,1769.72
T002135,2025-01-15,Sports,65.95,3,,Bronze,13.2,East,PayPal,True,171.73
T002136,2025-03-09,Home & Kitchen,117.9,9,36.41440943371387,Platinum,5.1,East,Credit Card,False,1006.98
T002137,2025-01-21,Clothing,41.36,3,34.28420507791569,Bronze,0.6,North,PayPal,False,123.34
T002138,2025-05-21,Home & Kitchen,88.65,5,52.85091994498704,Silver,3.4,West,Credit Card,False,428.18
T002139,2025-01-19,Clothing,48.37,4,32.49230800728604,Silver,9.4,North,Credit Card,False,175.29
T002140,2025-02-03,Sports,32.33,4,39.33657542088662,Gold,5.3,North,Credit Card,False,122.47
T002141,2025-03-19,Home & Kitchen,43.88,5,42.85229979477036,Bronze,3.5,West,Credit Card,False,211.72
T002142,2025-05-05,Electronics,245.21,3,41.716956541537414,Bronze,6.7,North,Digital Wallet,True,686.34
T002143,2025-04-27,Clothing,54.08,3,41.475036455767686,Silver,1.7,West,Cash,False,159.48
T002144,2025-02-21,Clothing,56.7,6,42.74022417072477,Silver,1.8,North,PayPal,False,334.08
T002145,2025-01-27,Clothing,55.87,3,41.99350155133614,Bronze,3.7,North,PayPal,False,161.41
T002146,2025-06-06,Home & Kitchen,45.63,4,70.0,Bronze,2.1,West,PayPal,False,178.69
T002147,2025-06-05,Clothing,58.67,7,20.48823184707639,Bronze,1.9,West,Credit Card,False,402.89
T002148,2025-02-04,Sports,58.15,1,32.505664785422674,Silver,4.7,West,PayPal,False,55.42
T002149,2025-05-16,Electronics,170.1,5,41.43509448040905,Bronze,23.5,North,Digital Wallet,True,650.63
T002150,2025-05-24,Home & Kitchen,69.63,3,55.35517802462665,Silver,15.1,East,Credit Card,True,177.35
T002151,2025-04-16,Sports,80.55,2,53.445496103330875,Bronze,16.0,North,Credit Card,True,135.32
T002152,2025-06-13,Home & Kitchen,56.91,4,54.450455912783426,Silver,7.1,East,Credit Card,False,211.48
T002153,2025-06-07,Clothing,42.43,8,41.57595346881817,Silver,6.9,East,Credit Card,False,316.02
T002154,2025-05-26,Beauty,34.66,8,56.89264132216674,Bronze,11.0,West,Credit Card,True,246.78
T002155,2025-01-02,Clothing,51.12,4,34.807384989893706,Bronze,9.6,West,PayPal,False,184.85
T002156,2025-06-26,Electronics,299.01,6,52.99035933402561,Bronze,5.7,North,Credit Card,False,1691.8
T002157,2025-03-18,Clothing,45.78,4,44.27024329449018,Silver,10.8,South,Credit Card,True,163.34
T002158,2025-05-12,Electronics,338.87,3,44.48305846853218,Silver,10.5,North,Credit Card,True,909.87
T002159,2025-03-31,Beauty,23.23,8,26.14709479480539,Bronze,8.9,North,Credit Card,False,169.3
T002160,2025-03-30,Electronics,200.75,1,20.756393378846727,Bronze,5.3,South,Digital Wallet,False,190.11
T002161,2025-04-04,Sports,46.14,5,38.51231262498762,Silver,5.1,North,Credit Card,False,218.93
T002162,2025-01-07,Sports,71.39,6,40.88205947665043,Bronze,12.4,West,Cash,True,375.23
T002163,2025-04-05,Electronics,282.0,4,28.545715809161038,Bronze,12.5,South,PayPal,True,987.0
T002164,2025-04-18,Home & Kitchen,63.75,9,53.109549200804494,Platinum,1.3,North,Credit Card,False,566.29
T002165,2025-03-15,Electronics,236.14,6,32.11975375364457,Silver,17.0,North,Digital Wallet,True,1175.98
T002166,2025-02-08,Clothing,49.49,4,48.90605738550453,Silver,6.5,South,PayPal,False,185.09
T002167,2025-05-21,Electronics,240.91,3,38.46934303102405,Gold,3.2,South,Cash,False,699.6
T002168,2025-06-08,Beauty,15.38,5,51.37938217806102,Platinum,13.6,East,Credit Card,True,66.44
T002169,2025-03-12,Beauty,38.99,4,27.628509851089806,Silver,0.9,West,Credit Card,False,154.56
T002170,2025-02-25,Electronics,215.36,2,22.740398036293023,Bronze,8.7,West,PayPal,False,393.25
T002171,2025-06-19,Electronics,307.33,6,48.471229000103605,Silver,0.5,West,Cash,False,1834.76
T002172,2025-02-11,Sports,60.0,4,52.23856150401183,Gold,3.2,South,Digital Wallet,False,232.32
T002173,2025-02-05,Clothing,44.62,6,45.77731320154426,Bronze,6.7,North,Digital Wallet,False,249.78
T002174,2025-03-25,Sports,36.5,4,31.398561787642734,Bronze,3.9,East,Digital Wallet,False,140.31
T002175,2025-04-28,Home & Kitchen,86.2,1,50.11661406729317,Silver,2.9,South,Credit Card,False,83.7
T002176,2025-01-07,Clothing,61.42,5,,Bronze,5.3,South,PayPal,False,290.82
T002177,2025-02-23,Sports,50.86,3,28.30137442561235,Bronze,6.7,South,Credit Card,False,142.36
T002178,2025-05-09,Clothing,45.68,4,47.38843811416234,Gold,4.1,North,PayPal,True,175.23
T002179,2025-06-21,Beauty,23.2,7,43.710474425092876,Gold,2.7,North,Credit Card,False,158.02
T002180,2025-04-30,Beauty,22.09,6,43.256773938596474,Bronze,2.7,West,Credit Card,False,128.96
T002181,2025-06-22,Electronics,244.35,3,25.40306659231929,Bronze,0.3,North,PayPal,False,730.85
T002182,2025-04-16,Electronics,237.33,3,51.87453167428047,Platinum,4.1,East,Digital Wallet,False,682.8
T002183,2025-02-16,Beauty,30.46,6,35.48840626418605,Bronze,2.9,East,Digital Wallet,False,177.46
T002184,2025-05-03,Beauty,15.38,8,34.22500852815239,Silver,6.5,South,Cash,False,115.04
T002185,2025-05-21,Electronics,184.11,7,47.46180227135166,Bronze,13.7,East,Cash,True,1112.21
T002186,2025-04-29,Sports,58.4,4,39.379097874780726,Bronze,0.8,East,Credit Card,False,231.73
T002187,2025-05-30,Clothing,36.52,5,24.771039245861807,Bronze,16.5,North,PayPal,True,152.47
T002188,2025-04-28,Clothing,46.74,5,60.35360435792117,Platinum,6.7,North,PayPal,False,218.04
T002189,2025-01-21,Sports,54.83,5,44.738116064600774,Silver,1.9,East,Credit Card,False,268.94
T002190,2025-05-17,Electronics,168.9,1,41.75401323760151,Platinum,12.0,North,Credit Card,True,148.63
T002191,2025-01-26,Beauty,37.62,7,41.62446529568114,Bronze,3.4,North,Credit Card,True,254.39
T002192,2025-01-09,Electronics,304.43,2,42.184218694559675,Gold,5.9,East,Cash,False,572.94
T002193,2025-01-15,Home & Kitchen,101.65,5,43.159042936033586,Bronze,11.6,West,PayPal,True,449.29
T002194,2025-01-10,Electronics,227.26,4,55.688632107354124,Silver,4.0,South,PayPal,False,872.68
T002195,2025-05-02,Clothing,35.78,4,60.96910058104202,Bronze,4.4,North,Credit Card,False,136.82
T002196,2025-05-01,Home & Kitchen,93.05,5,38.522421315888955,Gold,5.5,North,Digital Wallet,False,439.66
T002197,2025-05-05,Electronics,287.34,3,50.11672489536123,Gold,11.5,South,Digital Wallet,True,762.89
T002198,2025-06-19,Clothing,63.19,4,49.52449298087098,Bronze,5.7,East,Credit Card,False,238.35
T002199,2025-03-13,Clothing,34.91,8,50.27316530018477,Silver,21.1,North,Credit Card,True,220.35
T002200,2025-06-01,Electronics,308.47,4,57.257730145450736,Platinum,9.8,West,Credit Card,False,1112.96
T002201,2025-02-18,Sports,50.05,3,52.2225809816317,Platinum,21.8,East,Digital Wallet,True,117.42
T002202,2025-06-03,Clothing,41.34,8,47.006694163494906,Silver,2.2,East,PayPal,False,323.44
T002203,2025-04-01,Home & Kitchen,99.49,5,34.38533861821352,Silver,9.1,North,PayPal,False,452.18
T002204,2025-02-06,Clothing,54.31,4,45.63960772873742,Bronze,9.0,East,Credit Card,False,197.69
T002205,2025-03-09,Clothing,43.49,6,29.448482030355564,Bronze,1.9,East,Digital Wallet,True,255.98
T002206,2025-02-19,Electronics,229.77,5,47.533997918170236,Bronze,5.9,South,Credit Card,False,1081.07
T002207,2025-06-01,Clothing,42.3,4,45.83143301806568,Bronze,13.1,East,PayPal,True,147.03
T002208,2025-01-19,Clothing,53.99,4,24.821764551987634,Bronze,2.6,North,Credit Card,False,210.35
T002209,2025-04-10,Home & Kitchen,92.4,3,36.369445289772074,Silver,2.8,East,PayPal,False,269.44
T002210,2025-03-01,Sports,58.57,4,33.10263414949057,Platinum,0.4,East,PayPal,False,233.34
T002211,2025-06-16,Clothing,37.86,8,50.43412479908614,Platinum,3.4,East,Credit Card,False,292.58
T002212,2025-03-30,Electronics,234.49,3,38.4712786146061,Silver,7.4,North,Digital Wallet,False,651.41
T002213,2025-05-26,Electronics,264.41,5,24.92263905791817,Bronze,5.1,West,Credit Card,False,1254.63
T002214,2025-05-27,Electronics,197.44,3,47.35027422520075,Bronze,2.3,West,Credit Card,False,578.7
T002215,2025-06-13,Electronics,322.77,2,44.479932779829944,Gold,6.0,North,Credit Card,False,606.81
T002216,2025-03-10,Clothing,28.96,6,43.4940518814622,Bronze,13.8,West,Digital Wallet,True,149.78
T002217,2025-06-24,Electronics,318.01,5,28.771181111172176,Bronze,4.4,West,Credit Card,False,1520.09
T002218,2025-02-18,Electronics,246.51,5,49.052958323851534,Bronze,7.4,East,Credit Card,False,1141.34
T002219,2025-04-18,Electronics,326.92,2,40.642876409308,Bronze,5.9,North,PayPal,False,615.26
T002220,2025-06-10,Electronics,213.33,4,39.922997854755344,Bronze,13.6,East,Digital Wallet,True,737.27
T002221,2025-04-29,Electronics,314.74,6,26.904843811864655,Bronze,11.6,South,PayPal,True,1669.38
T002222,2025-05-29,Electronics,313.9,3,27.33820232135512,Silver,0.5,North,PayPal,False,936.99
T002223,2025-05-30,Clothing,52.56,3,70.0,Silver,0.9,West,PayPal,False,156.26
T002224,2025-06-25,Clothing,47.71,7,28.16221410481419,Bronze,4.4,South,PayPal,False,319.28
T002225,2025-02-06,Electronics,246.47,5,18.0,Bronze,4.4,East,Credit Card,False,1178.13
T002226,2025-05-23,Clothing,47.13,8,37.37476231037799,Bronze,5.1,South,PayPal,False,357.81
T002227,2025-06-12,Clothing,53.35,5,39.71419070045859,Bronze,5.0,West,PayPal,False,253.41
T002228,2025-06-09,Electronics,330.23,3,30.997407428367826,Bronze,11.1,East,PayPal,True,880.72
T002229,2025-01-11,Electronics,298.39,2,32.13881850242073,Bronze,11.5,North,PayPal,True,528.15
T002230,2025-05-18,Clothing,62.35,3,40.57418212044933,Gold,10.0,East,Credit Card,False,168.35
T002231,2025-03-19,Home & Kitchen,90.18,5,46.37339776892297,Bronze,0.5,West,Digital Wallet,False,448.65
T002232,2025-03-18,Electronics,210.69,1,25.199961512324883,Bronze,3.1,West,Digital Wallet,False,204.16
T002233,2025-06-02,Electronics,209.37,10,37.252128855229,Platinum,5.5,East,PayPal,False,1978.55
T002234,2025-01-02,Sports,43.14,4,41.97900456898177,Silver,5.3,North,Credit Card,False,163.41
T002235,2025-03-05,Clothing,32.68,8,39.13244697581063,Platinum,3.9,West,Credit Card,False,251.24
T002236,2025-02-04,Electronics,215.35,4,33.75999027469026,Bronze,0.6,South,Cash,False,856.23
T002237,2025-01-07,Sports,58.01,3,29.69933069705521,Bronze,16.4,North,Credit Card,True,145.49
T002238,2025-03-26,Sports,67.0,4,62.75744632738019,Silver,1.4,West,PayPal,False,264.25
T002239,2025-05-26,Clothing,54.04,4,18.0,Silver,0.7,East,Credit Card,False,214.65
T002240,2025-03-08,Clothing,59.38,4,54.30396742026433,Bronze,2.7,West,Digital Wallet,False,231.11
T002241,2025-02-11,Electronics,324.28,4,28.289945393596753,Bronze,8.0,North,Digital Wallet,False,1193.35
T002242,2025-04-28,Electronics,147.93,5,,Silver,10.3,West,Digital Wallet,True,663.47
T002243,2025-05-05,Home & Kitchen,81.57,2,42.93852390602796,Silver,8.2,East,Cash,False,149.76
T002244,2025-06-16,Electronics,295.63,6,29.526468904304913,Platinum,7.0,South,Credit Card,False,1649.62
T002245,2025-06-18,Clothing,37.27,5,39.69296754490551,Platinum,8.5,North,Credit Card,False,170.51
T002246,2025-01-24,Beauty,25.64,9,37.234416797485,Silver,6.8,South,PayPal,True,215.07
T002247,2025-02-15,Beauty,27.12,5,42.33253218742972,Bronze,16.0,East,Cash,True,113.9
T002248,2025-01-19,Electronics,97.77,8,57.383410559155905,Silver,14.5,East,Cash,True,668.75
T002249,2025-03-09,Home & Kitchen,58.2,3,59.07485739423645,Silver,4.3,South,PayPal,False,167.09
T002250,2025-04-12,Clothing,34.08,4,32.79215043956039,Bronze,11.1,South,PayPal,True,121.19
T002251,2025-02-11,Sports,50.75,3,46.14907528005907,Bronze,5.2,North,Credit Card,False,144.33
T002252,2025-02-01,Clothing,51.01,4,54.223834913062674,Bronze,9.7,West,Digital Wallet,False,184.25
T002253,2025-06-16,Electronics,335.27,5,36.8034092341499,Bronze,9.5,West,Credit Card,False,1517.1
T002254,2025-04-19,Electronics,271.74,2,49.195252045551015,Platinum,5.0,West,Credit Card,False,516.31
T002255,2025-02-05,Clothing,41.38,3,70.0,Platinum,3.9,West,PayPal,True,119.3
T002256,2025-04-07,Clothing,130.43,5,28.317534137765758,Silver,6.8,West,Credit Card,False,607.8
T002257,2025-06-13,Sports,86.09,4,47.743740394658175,Bronze,5.3,North,Digital Wallet,False,326.11
T002258,2025-05-11,Home & Kitchen,101.76,3,29.906401385527182,Gold,2.9,East,Credit Card,False,296.43
T002259,2025-03-14,Clothing,52.63,2,34.49873909522382,Bronze,12.6,North,Credit Card,True,92.0
T002260,2025-05-16,Clothing,52.23,4,36.29232014991348,Silver,8.8,West,Credit Card,False,190.54
T002261,2025-04-07,Electronics,202.16,8,47.31427733171508,Platinum,7.3,West,PayPal,False,1499.22
T002262,2025-05-03,Sports,58.27,2,66.31406765889048,Silver,0.5,North,Credit Card,False,115.96
T002263,2025-03-11,Beauty,29.71,7,34.83537375688735,Platinum,7.2,West,Credit Card,False,193.0
T002264,2025-06-18,Beauty,36.11,6,54.10466460090435,Silver,4.2,West,Credit Card,False,207.56
T002265,2025-01-13,Sports,34.34,9,31.178533555552164,Platinum,0.3,South,Credit Card,True,308.13
T002266,2025-02-18,Electronics,266.18,7,36.727293100440065,Bronze,1.1,South,Digital Wallet,False,1842.76
T002267,2025-03-01,Electronics,306.46,3,57.75330958330445,Silver,0.9,North,Cash,False,911.11
T002268,2025-05-10,Home & Kitchen,79.33,2,53.48235211892924,Gold,4.7,East,PayPal,False,151.2
T002269,2025-01-05,Beauty,30.03,5,37.05810466467774,Bronze,2.0,West,Cash,False,147.15
T002270,2025-06-21,Electronics,251.74,1,34.733003348119254,Silver,7.9,North,PayPal,False,231.85
T002271,2025-01-27,Electronics,222.4,4,47.62273079780705,Silver,12.6,West,Credit Card,True,777.51
T002272,2025-06-09,Sports,66.78,3,34.15131265695879,Silver,12.6,North,Digital Wallet,True,175.1
T002273,2025-05-29,Electronics,344.17,6,36.241076568053046,Platinum,7.3,East,PayPal,False,1914.27
T002274,2025-01-08,Clothing,30.45,5,,Bronze,5.5,West,Cash,False,143.88
T002275,2025-02-19,Home & Kitchen,429.62,4,39.860531685301204,Bronze,4.2,West,Digital Wallet,False,1646.3
T002276,2025-03-08,Electronics,249.52,6,35.000217265897376,Gold,2.2,North,Digital Wallet,False,1464.18
T002277,2025-02-13,Electronics,197.19,5,22.383644889240912,Bronze,2.9,West,Digital Wallet,False,957.36
T002278,2025-05-05,Sports,46.95,4,60.62532653345761,Bronze,9.8,North,PayPal,False,169.4
T002279,2025-02-27,Home & Kitchen,75.4,6,51.85110026519524,Silver,5.1,South,PayPal,True,429.33
T002280,2025-01-03,Beauty,36.17,5,40.952336797238786,Silver,0.1,East,Credit Card,False,180.67
T002281,2025-03-27,Clothing,32.38,7,33.137375928058944,Silver,5.6,North,Credit Card,False,213.97
T002282,2025-03-11,Electronics,229.2,7,56.43595704734557,Silver,3.7,East,PayPal,True,1545.04
T002283,2025-05-10,Home & Kitchen,54.55,3,47.61114123957279,Platinum,13.9,West,Credit Card,True,140.9
T002284,2025-06-21,Clothing,48.35,4,34.2154726875625,Silver,0.5,South,Credit Card,False,192.43
T002285,2025-01-02,Electronics,196.79,4,48.089956887930846,Silver,0.8,North,Credit Card,False,780.86
T002286,2025-04-12,Sports,52.58,4,42.96865298528888,Gold,2.6,West,Cash,False,204.85
T002287,2025-02-04,Electronics,307.41,5,43.611747187668975,Bronze,8.3,North,PayPal,True,1409.47
T002288,2025-04-08,Clothing,50.68,3,52.343770582742934,Gold,3.6,West,Cash,False,146.57
T002289,2025-01-30,Electronics,258.73,4,48.01246456971027,Gold,5.6,West,Credit Card,False,976.96
T002290,2025-04-26,Clothing,49.98,4,52.24695852584716,Bronze,8.4,West,Cash,False,183.13
T002291,2025-01-08,Clothing,52.17,3,63.99400673000698,Gold,5.9,North,PayPal,False,147.28
T002292,2025-05-30,Clothing,28.84,7,49.00330993770634,Platinum,15.3,East,PayPal,True,170.99
T002293,2025-02-13,Home & Kitchen,66.41,6,70.0,Gold,1.2,North,Credit Card,True,393.68
T002294,2025-02-05,Beauty,27.38,5,56.33102309575139,Silver,1.0,North,Credit Card,True,135.53
T002295,2025-03-18,Electronics,249.42,4,39.0510421109277,Silver,1.1,West,Cash,False,986.71
T002296,2025-01-31,Electronics,203.89,3,23.833211553280343,Silver,9.3,North,Digital Wallet,False,554.78
T002297,2025-02-16,Electronics,177.85,2,56.4507480659684,Gold,2.4,North,Credit Card,False,347.16
T002298,2025-02-24,Electronics,208.84,4,26.497894632993326,Silver,7.0,North,Digital Wallet,False,776.88
T002299,2025-04-16,Home & Kitchen,90.44,6,43.86301745248474,Silver,1.0,East,Credit Card,False,537.21
T002300,2025-06-07,Home & Kitchen,42.71,8,50.66954164780774,Silver,6.5,South,Cash,False,319.47
T002301,2025-05-01,Sports,46.2,5,29.125918466263833,Silver,10.5,North,PayPal,True,206.74
T002302,2025-02-24,Electronics,206.13,5,34.4421620345545,Silver,14.0,North,Credit Card,True,886.36
T002303,2025-05-24,Clothing,36.19,5,29.23132928040266,Silver,8.9,West,Credit Card,False,164.85
T002304,2025-01-12,Clothing,50.94,1,66.77580342226625,Platinum,9.8,West,PayPal,False,45.95
T002305,2025-05-25,Electronics,206.96,6,50.8131879812352,Silver,4.7,South,Credit Card,True,1183.4
T002306,2025-05-24,Home & Kitchen,63.42,4,33.3167498081064,Bronze,5.7,North,PayPal,False,239.22
T002307,2025-05-20,Beauty,33.15,5,23.51785951422891,Bronze,2.8,North,Cash,False,161.11
T002308,2025-05-16,Clothing,50.3,5,31.539636834632233,Platinum,1.2,South,Credit Card,False,248.48
T002309,2025-01-03,Sports,58.15,2,34.46137522851196,Gold,2.9,East,PayPal,False,112.93
T002310,2025-05-24,Clothing,36.48,5,35.34081269376613,Silver,9.3,East,PayPal,False,165.44
T002311,2025-01-30,Electronics,642.63,2,51.50271612924057,Gold,2.6,South,Digital Wallet,False,1251.84
T002312,2025-01-23,Home & Kitchen,84.73,4,25.070091548870156,Silver,7.0,South,PayPal,False,315.2
T002313,2025-04-02,Clothing,52.93,5,55.04791582703635,Gold,4.3,West,Credit Card,False,253.27
T002314,2025-04-25,Electronics,237.44,7,20.321805872773318,Bronze,11.2,East,Credit Card,True,1475.93
T002315,2025-04-14,Home & Kitchen,51.91,4,41.10010678376552,Bronze,3.3,North,PayPal,False,200.79
T002316,2025-04-28,Sports,57.37,3,33.64626248581766,Bronze,18.5,East,Credit Card,True,140.27
T002317,2025-01-05,Clothing,55.17,2,,Gold,6.6,East,Credit Card,False,103.06
T002318,2025-04-14,Clothing,42.79,6,59.285317020325955,Silver,7.1,North,Credit Card,False,238.51
T002319,2025-04-18,Sports,53.35,5,51.705353307801616,Gold,14.1,East,PayPal,True,229.14
T002320,2025-03-06,Sports,53.04,4,,Silver,7.8,North,Cash,False,195.61
T002321,2025-05-01,Home & Kitchen,105.27,3,38.776485079641006,Bronze,7.7,East,PayPal,False,291.49
T002322,2025-01-30,Electronics,186.08,7,58.095297411678274,Silver,4.0,North,Credit Card,False,1250.46
T002323,2025-05-29,Beauty,30.35,3,29.992433088080492,Bronze,,West,Digital Wallet,False,
T002324,2025-03-25,Electronics,215.2,8,47.36566124606077,Bronze,5.7,East,PayPal,False,1623.47
T002325,2025-05-30,Home & Kitchen,81.15,5,55.015321420782634,Silver,3.8,North,PayPal,False,390.33
T002326,2025-02-01,Electronics,317.35,6,52.99369004241038,Platinum,2.3,West,Digital Wallet,False,1860.31
T002327,2025-06-10,Home & Kitchen,64.33,2,48.345291057700045,Platinum,10.9,West,Digital Wallet,True,114.64
T002328,2025-01-16,Clothing,43.43,4,48.01891211982637,Gold,3.0,West,Digital Wallet,False,168.51
T002329,2025-02-07,Clothing,42.51,5,52.70650284107009,Silver,0.2,East,Credit Card,False,212.12
T002330,2025-05-22,Clothing,44.36,6,40.4055815430956,Gold,4.3,North,PayPal,False,254.72
T002331,2025-02-05,Electronics,219.49,4,59.1203918022722,Bronze,5.2,East,Digital Wallet,False,832.31
T002332,2025-05-31,Home & Kitchen,89.49,2,66.68381132905131,Bronze,9.8,West,Credit Card,False,161.44
T002333,2025-04-24,Sports,50.19,1,19.817745156245795,Silver,18.0,South,Credit Card,True,41.16
T002334,2025-03-07,Beauty,26.92,6,37.27274751811972,Silver,2.8,North,Credit Card,False,157.0
T002335,2025-04-15,Electronics,318.05,4,28.611253889020468,Bronze,3.3,West,Digital Wallet,False,1230.22
T002336,2025-03-26,Home & Kitchen,80.75,4,34.16959973024683,Silver,1.3,East,Credit Card,False,318.8
T002337,2025-01-02,Home & Kitchen,71.74,2,43.48616931956582,Bronze,2.4,West,Credit Card,False,140.04
T002338,2025-03-16,Clothing,51.29,4,,Bronze,0.5,North,PayPal,False,204.13
T002339,2025-03-08,Electronics,244.59,4,40.0182117479898,Silver,2.5,North,PayPal,False,953.9
T002340,2025-06-29,Home & Kitchen,75.56,7,49.62807546841543,Bronze,11.7,North,Digital Wallet,True,467.04
T002341,2025-05-31,Beauty,32.27,3,33.16031742781472,Silver,12.6,North,Credit Card,True,84.61
T002342,2025-06-03,Home & Kitchen,113.92,4,37.142631157833385,Silver,16.6,North,Digital Wallet,True,380.04
T002343,2025-02-24,Clothing,42.78,6,49.751298474782864,Bronze,8.2,North,Credit Card,False,235.63
T002344,2025-01-06,Clothing,48.83,10,38.03149688861085,Gold,15.3,East,PayPal,True,413.59
T002345,2025-06-12,Electronics,251.15,4,26.5315461253992,Bronze,1.6,West,Cash,False,988.53
T002346,2025-05-30,Sports,42.43,8,68.78099375722083,Gold,4.0,North,Credit Card,False,325.86
T002347,2025-06-20,Home & Kitchen,67.85,2,53.25859607782914,Silver,9.7,North,Credit Card,False,122.54
T002348,2025-05-23,Electronics,272.79,6,43.956748117820275,Bronze,4.0,North,Digital Wallet,False,1571.27
T002349,2025-03-27,Sports,54.54,4,,Bronze,6.3,South,Digital Wallet,False,204.42
T002350,2025-03-01,Clothing,41.98,4,47.00794129266906,Silver,9.9,West,Credit Card,False,151.3
T002351,2025-04-11,Beauty,33.22,4,22.9418589299611,Bronze,10.8,North,PayPal,True,118.53
T002352,2025-01-12,Clothing,47.74,6,43.83856240648161,Bronze,0.5,North,Credit Card,False,285.01
T002353,2025-02-18,Electronics,179.77,5,33.31936574773074,Gold,1.0,West,Digital Wallet,False,889.86
T002354,2025-02-11,Clothing,37.85,5,43.35484064542093,Silver,8.6,West,Credit Card,False,172.97
T002355,2025-06-15,Clothing,45.44,10,46.852396233658176,Silver,2.4,West,Credit Card,False,443.49
T002356,2025-03-23,Electronics,203.58,5,53.42532927358809,Bronze,1.8,South,PayPal,False,999.58
T002357,2025-06-22,Home & Kitchen,99.75,2,30.170349428188306,Platinum,9.9,West,Digital Wallet,False,179.75
T002358,2025-02-04,Home & Kitchen,36.51,7,30.61030818248095,Bronze,2.3,South,Cash,False,249.69
T002359,2025-06-07,Home & Kitchen,80.76,5,36.30985086742084,Bronze,,West,PayPal,False,
T002360,2025-06-07,Electronics,244.91,5,59.57025015299528,Silver,1.9,South,Digital Wallet,False,1201.28
T002361,2025-05-14,Clothing,59.51,5,37.638440133262804,Platinum,21.6,South,Credit Card,True,233.28
T002362,2025-03-08,Electronics,257.7,3,48.41896416511706,Bronze,22.7,West,Digital Wallet,True,597.61
T002363,2025-03-21,Home & Kitchen,75.3,4,41.329728977665496,Silver,9.6,North,Credit Card,False,272.28
T002364,2025-01-07,Electronics,212.8,3,37.25689995625163,Gold,3.7,North,Cash,False,614.78
T002365,2025-06-29,Beauty,32.82,6,43.6132853470996,Platinum,0.7,East,Credit Card,False,195.54
T002366,2025-01-14,Home & Kitchen,78.64,2,51.502209299927365,Gold,5.1,West,Credit Card,True,149.26
T002367,2025-03-14,Clothing,34.56,6,50.085865931634494,Silver,7.0,North,Digital Wallet,False,192.84
T002368,2025-05-23,Clothing,50.42,1,27.494448021929912,Platinum,7.1,South,Credit Card,False,46.84
T002369,2025-05-29,Electronics,231.84,2,46.02039047129034,Bronze,3.8,East,Digital Wallet,False,446.06
T002370,2025-06-12,Clothing,52.48,4,61.56655974019464,Platinum,8.1,West,PayPal,False,192.92
T002371,2025-03-07,Sports,69.99,4,45.65893039225402,Bronze,1.7,East,Credit Card,False,275.2
T002372,2025-04-01,Beauty,22.31,5,55.57050067568005,Platinum,3.3,North,PayPal,False,107.87
T002373,2025-05-10,Electronics,244.32,4,62.885582869998615,Bronze,8.1,East,Credit Card,False,898.12
T002374,2025-06-12,Home & Kitchen,85.36,5,43.967707583761594,Bronze,,North,PayPal,False,
T002375,2025-01-20,Home & Kitchen,71.75,3,41.25646964918788,Bronze,0.7,East,Cash,False,213.74
T002376,2025-01-10,Home & Kitchen,84.05,3,47.15770069196391,Bronze,3.6,South,Credit Card,False,243.07
T002377,2025-01-25,Electronics,208.75,5,57.447343903163386,Gold,6.4,East,Credit Card,False,976.95
T002378,2025-01-25,Electronics,310.57,7,40.09053736318503,Gold,10.8,West,Credit Card,True,1939.2
T002379,2025-02-23,Clothing,55.96,2,28.2397666942461,Gold,9.1,West,Cash,False,101.74
T002380,2025-02-02,Sports,48.43,6,46.317309301210415,Bronze,5.5,West,Cash,False,274.6
T002381,2025-06-13,Clothing,31.65,5,53.1392429789719,Bronze,7.2,North,Digital Wallet,False,146.86
T002382,2025-04-05,Clothing,42.4,5,46.79520033046142,Platinum,4.4,East,Credit Card,False,202.67
T002383,2025-01-14,Beauty,28.26,6,47.266641926505564,Gold,6.5,North,Credit Card,False,158.54
T002384,2025-03-06,Home & Kitchen,91.45,3,41.53733391216482,Silver,18.3,North,PayPal,True,224.14
T002385,2025-04-20,Sports,42.39,8,39.18110156327026,Silver,6.5,East,Credit Card,False,317.08
T002386,2025-03-21,Clothing,59.77,3,57.24932045312984,Bronze,13.7,South,Credit Card,True,154.74
T002387,2025-02-23,Electronics,232.44,1,20.593914257834683,Bronze,4.1,West,PayPal,False,222.91
T002388,2025-05-05,Beauty,31.38,6,43.1000296511702,Bronze,9.1,South,Credit Card,False,171.15
T002389,2025-06-29,Clothing,46.64,5,30.21237666801762,Silver,5.9,North,PayPal,True,219.44
T002390,2025-05-11,Electronics,311.23,6,41.60718112080188,Silver,17.1,South,Digital Wallet,True,1548.06
T002391,2025-06-18,Clothing,52.82,3,45.16740996803824,Bronze,3.8,North,Credit Card,False,152.44
T002392,2025-05-14,Electronics,342.33,4,48.07055014634551,Gold,12.5,West,Credit Card,True,1198.16
T002393,2025-01-25,Clothing,42.39,5,43.70157026172948,Platinum,1.4,North,Cash,True,208.98
T002394,2025-05-21,Sports,53.26,7,58.686817765759926,Gold,2.0,East,Credit Card,False,365.36
T002395,2025-04-27,Beauty,21.38,7,43.267191890358475,Bronze,14.9,South,PayPal,True,127.36
T002396,2025-05-16,Beauty,31.59,10,29.262769582769977,Bronze,3.1,East,Cash,False,306.11
T002397,2025-05-29,Electronics,162.13,1,54.41731075785714,Gold,6.5,East,Credit Card,False,151.59
T002398,2025-01-25,Clothing,45.19,6,46.03912999801507,Silver,4.8,West,Cash,False,258.13
T002399,2025-03-20,Electronics,255.97,2,30.483668392906893,Gold,7.4,North,Digital Wallet,False,474.06
T002400,2025-03-09,Sports,57.39,3,50.77060174890865,Bronze,4.1,North,Digital Wallet,False,165.11
T002401,2025-06-22,Clothing,46.53,7,35.300447642222316,Silver,7.2,West,Credit Card,False,302.26
T002402,2025-01-12,Home & Kitchen,65.37,3,53.22332692473295,Silver,6.0,West,PayPal,False,184.34
T002403,2025-02-01,Home & Kitchen,109.39,10,26.861409565868332,Bronze,19.1,South,Cash,True,884.97
T002404,2025-05-08,Clothing,40.02,6,40.49951444309089,Silver,6.8,West,Digital Wallet,False,223.79
T002405,2025-04-06,Clothing,54.11,3,47.16226039731657,Silver,5.3,South,PayPal,True,153.73
T002406,2025-04-02,Beauty,43.94,9,29.199642798664218,Bronze,11.0,East,Credit Card,True,351.96
T002407,2025-05-21,Beauty,29.19,4,,Bronze,2.5,East,PayPal,False,113.84
T002408,2025-01-31,Clothing,33.8,7,54.3935880801196,Platinum,8.2,West,Credit Card,False,217.2
T002409,2025-03-19,Clothing,37.62,6,39.557047605810844,Bronze,7.8,North,Credit Card,False,208.11
T002410,2025-01-20,Beauty,29.87,7,46.715821216560634,Platinum,2.0,North,Credit Card,False,204.91
T002411,2025-05-26,Electronics,339.64,6,32.45575509153068,Platinum,14.4,East,Credit Card,True,1744.39
T002412,2025-03-01,Clothing,31.15,6,70.0,Silver,12.3,North,Digital Wallet,True,163.91
T002413,2025-05-14,Electronics,248.35,7,42.0747318905499,Silver,10.7,East,PayPal,True,1552.44
T002414,2025-06-09,Clothing,42.16,6,45.974937351434434,Bronze,,West,Digital Wallet,True,
T002415,2025-04-03,Electronics,271.82,7,38.78433350314666,Silver,3.7,West,Cash,False,1832.34
T002416,2025-02-12,Clothing,49.33,7,34.07289416394177,Gold,8.1,South,Credit Card,False,317.34
T002417,2025-05-10,Electronics,264.35,4,53.57301933767165,Gold,2.0,North,Cash,False,1036.25
T002418,2025-03-01,Clothing,37.52,8,18.0,Bronze,8.7,East,Credit Card,False,274.05
T002419,2025-05-31,Beauty,24.8,5,20.11281754446466,Bronze,7.3,East,PayPal,False,114.95
T002420,2025-01-31,Sports,41.82,5,45.84293906589457,Bronze,6.1,South,PayPal,False,196.34
T002421,2025-01-05,Sports,55.51,4,37.58748574170463,Silver,7.0,East,Digital Wallet,False,206.5
T002422,2025-06-11,Home & Kitchen,74.22,4,52.144665378175475,Platinum,2.0,West,Credit Card,False,290.94
T002423,2025-01-10,Electronics,259.37,2,35.7843659935387,Silver,9.1,East,Credit Card,False,471.53
T002424,2025-03-30,Electronics,240.28,4,21.941829515444685,Silver,6.3,East,Credit Card,False,900.57
T002425,2025-05-10,Beauty,41.78,7,41.20378923383057,Bronze,9.1,East,Credit Card,False,265.85
T002426,2025-05-06,Clothing,27.09,5,38.78419262524613,Silver,4.7,East,Credit Card,False,129.08
T002427,2025-01-11,Electronics,238.88,3,29.010266638301133,Bronze,4.9,East,Digital Wallet,False,681.52
T002428,2025-06-27,Home & Kitchen,59.13,4,51.435304292702625,Platinum,8.5,North,Credit Card,False,216.42
T002429,2025-06-08,Clothing,51.03,5,46.28338255414527,Bronze,7.8,East,Cash,False,235.25
T002430,2025-02-25,Clothing,182.31,3,30.1698328852773,Silver,5.6,West,Cash,False,516.3
T002431,2025-03-24,Beauty,22.68,6,23.604938507139348,Silver,1.6,North,Credit Card,False,133.9
T002432,2025-05-17,Sports,42.33,5,46.26171437127536,Silver,2.1,South,Credit Card,False,207.21
T002433,2025-04-09,Clothing,63.46,5,30.523987861487598,Bronze,9.4,South,Credit Card,False,287.47
T002434,2025-05-29,Beauty,24.46,6,30.48716313825834,Silver,17.7,North,PayPal,True,120.78
T002435,2025-03-14,Home & Kitchen,65.33,7,40.69126486950102,Silver,0.5,East,Credit Card,True,455.02
T002436,2025-06-05,Home & Kitchen,93.48,4,42.56998094822706,Platinum,3.6,North,Cash,True,360.46
T002437,2025-04-25,Electronics,155.43,2,48.03530348606097,Silver,13.0,West,PayPal,True,270.45
T002438,2025-01-07,Electronics,276.68,3,54.68349446627337,Silver,12.6,North,Digital Wallet,True,725.45
T002439,2025-03-21,Home & Kitchen,110.1,5,36.43513788970054,Bronze,3.4,West,PayPal,False,531.78
T002440,2025-05-24,Sports,57.59,6,49.05148529544314,Silver,0.6,North,PayPal,False,343.47
T002441,2025-04-07,Home & Kitchen,52.35,5,39.90960784149654,Platinum,3.5,South,PayPal,False,252.59
T002442,2025-01-04,Electronics,187.57,4,56.123631348622425,Gold,7.8,North,PayPal,False,691.76
T002443,2025-01-04,Electronics,899.83,1,31.821333091003762,Bronze,11.8,West,PayPal,True,793.65
T002444,2025-04-13,Sports,45.27,5,48.29082615296313,Gold,11.5,West,Credit Card,True,200.32
T002445,2025-02-09,Electronics,220.92,8,32.07487014644967,Bronze,18.5,North,Credit Card,True,1440.4
T002446,2025-01-17,Clothing,36.67,3,31.114777398682193,Bronze,5.3,North,Credit Card,False,104.18
T002447,2025-04-11,Electronics,247.04,5,36.52267430520183,Bronze,6.8,North,Cash,False,1151.21
T002448,2025-04-13,Electronics,211.22,6,18.0,Silver,14.2,North,Credit Card,True,1087.36
T002449,2025-05-04,Home & Kitchen,77.87,6,53.83830908644244,Platinum,2.3,North,PayPal,False,456.47
T002450,2025-02-21,Home & Kitchen,63.14,5,31.524266257188096,Bronze,4.9,North,Digital Wallet,True,300.23
T002451,2025-02-21,Clothing,31.72,3,36.470860357685446,Silver,7.7,West,Credit Card,False,87.83
T002452,2025-06-13,Electronics,239.29,3,30.392889468420435,Silver,1.6,West,Credit Card,False,706.38
T002453,2025-05-04,Sports,34.91,6,53.39852964391396,Silver,12.6,East,Credit Card,True,183.07
T002454,2025-06-15,Electronics,258.99,4,45.20512161193293,Bronze,7.8,West,Digital Wallet,False,955.16
T002455,2025-06-27,Clothing,42.31,11,48.610181130442214,Bronze,11.3,South,Credit Card,True,412.82
T002456,2025-03-04,Beauty,24.73,6,44.03765718162129,Silver,7.1,North,Credit Card,False,137.85
T002457,2025-04-26,Electronics,271.78,2,44.01996107933265,Gold,14.9,South,PayPal,True,462.57
T002458,2025-03-03,Beauty,39.95,4,45.98634962266434,Bronze,2.7,North,Credit Card,True,155.49
T002459,2025-01-07,Electronics,376.47,2,53.39078924407227,Silver,7.8,West,Digital Wallet,False,694.21
T002460,2025-06-04,Home & Kitchen,89.33,3,28.231306027507173,Bronze,1.8,West,PayPal,False,263.17
T002461,2025-04-02,Clothing,142.83,5,35.15127524552785,Silver,9.9,North,Digital Wallet,False,643.45
T002462,2025-01-14,Beauty,29.62,4,29.383607782746346,Bronze,9.9,East,Digital Wallet,False,106.75
T002463,2025-03-27,Clothing,38.42,7,49.19909168624353,Gold,7.6,North,Credit Card,False,248.5
T002464,2025-05-13,Clothing,54.86,5,47.295129570891746,Silver,10.4,North,Credit Card,True,245.77
T002465,2025-05-10,Beauty,37.31,6,50.61735382342718,Silver,9.0,North,Digital Wallet,False,203.71
T002466,2025-03-03,Clothing,56.1,3,18.0,Bronze,7.4,East,PayPal,False,155.85
T002467,2025-05-29,Clothing,59.06,3,36.80735820294443,Bronze,4.4,East,Credit Card,False,169.38
T002468,2025-03-20,Clothing,36.3,7,18.0,Bronze,16.0,North,PayPal,True,213.44
T002469,2025-05-29,Home & Kitchen,65.83,6,65.41479723315933,Platinum,8.3,West,Cash,False,362.2
T002470,2025-05-18,Electronics,231.84,4,43.524207094149425,Bronze,18.8,East,PayPal,True,753.02
T002471,2025-02-27,Electronics,253.3,3,32.19053748734559,Bronze,2.0,South,Digital Wallet,False,744.7
T002472,2025-04-30,Home & Kitchen,61.67,4,40.53282890785055,Bronze,2.3,East,Digital Wallet,False,241.01
T002473,2025-06-16,Clothing,44.66,6,41.78244378036405,Gold,1.6,South,Cash,False,263.67
T002474,2025-05-13,Beauty,30.8,5,65.72430703702565,Bronze,3.0,North,PayPal,False,149.38
T002475,2025-03-06,Beauty,26.1,5,,Bronze,10.2,West,Credit Card,True,117.19
T002476,2025-01-13,Home & Kitchen,91.41,9,44.227115794268926,Silver,7.5,West,Cash,False,760.99
T002477,2025-03-23,Sports,20.08,8,34.8831362518292,Silver,15.8,South,PayPal,True,135.26
T002478,2025-06-22,Home & Kitchen,74.92,6,67.31399863569848,Bronze,9.7,East,Digital Wallet,False,405.92
T002479,2025-06-09,Electronics,312.31,4,60.86848049956653,Silver,9.7,East,Digital Wallet,False,1128.06
T002480,2025-06-13,Sports,72.06,3,18.526522454084866,Bronze,17.7,East,Credit Card,True,177.92
T002481,2025-05-19,Electronics,224.29,3,52.24403592427494,Bronze,3.3,East,Digital Wallet,True,650.67
T002482,2025-05-29,Clothing,41.36,10,47.37653744708178,Silver,3.5,South,PayPal,False,399.12
T002483,2025-02-21,Sports,47.43,6,32.68968253934679,Silver,2.2,West,Credit Card,False,278.32
T002484,2025-04-27,Clothing,33.74,5,30.08055895001491,Platinum,5.0,East,Credit Card,False,160.27
T002485,2025-01-26,Sports,72.84,3,18.0,Gold,2.0,West,Cash,False,214.15
T002486,2025-02-03,Electronics,211.52,4,49.71267824799301,Bronze,17.4,West,Digital Wallet,True,698.86
T002487,2025-02-21,Home & Kitchen,80.96,1,25.687011410099245,Silver,3.3,East,PayPal,False,78.29
T002488,2025-04-22,Electronics,298.42,5,45.71821368540303,Silver,4.5,East,Credit Card,False,1424.96
T002489,2025-03-23,Home & Kitchen,95.76,2,28.93886867860868,Bronze,7.2,West,PayPal,False,177.73
T002490,2025-06-29,Sports,58.9,5,27.656737878657957,Bronze,2.4,East,Cash,False,287.43
T002491,2025-06-06,Home & Kitchen,93.97,3,42.60304567021374,Bronze,1.0,South,Credit Card,True,279.09
T002492,2025-06-15,Clothing,48.05,9,57.00739469419956,Platinum,4.2,South,Credit Card,False,414.29
T002493,2025-02-11,Electronics,306.4,3,32.789688097210416,Silver,6.4,West,Credit Card,False,860.37
T002494,2025-01-21,Electronics,301.82,3,,Bronze,8.3,West,Credit Card,True,830.31
T002495,2025-02-11,Home & Kitchen,53.26,6,43.23455816366414,Silver,1.6,East,PayPal,False,314.45
T002496,2025-05-21,Beauty,35.11,8,41.054835004112995,Silver,15.7,North,Credit Card,True,236.78
T002497,2025-04-23,Electronics,194.31,2,45.717781814622015,Silver,10.2,East,Digital Wallet,True,348.98
T002498,2025-04-15,Home & Kitchen,84.2,6,42.1955718665357,Silver,3.2,North,PayPal,False,489.03
T002499,2025-01-17,Sports,39.03,8,21.103520285879235,Bronze,2.2,South,Cash,False,305.37
T002500,2025-04-30,Clothing,43.48,10,57.65586833009475,Platinum,11.5,East,PayPal,True,384.8
T002501,2025-05-17,Home & Kitchen,74.32,2,46.738672305944434,Silver,10.3,North,Credit Card,True,133.33
T002502,2025-06-18,Sports,52.53,6,39.44139024537953,Silver,5.7,West,Digital Wallet,False,297.21
T002503,2025-05-09,Clothing,45.48,6,30.00603210095771,Silver,14.9,South,Digital Wallet,True,232.22
T002504,2025-05-10,Clothing,33.19,4,37.618493838515306,Silver,4.4,East,PayPal,False,126.92
T002505,2025-03-01,Electronics,308.92,3,52.48843849199982,Platinum,7.6,North,Cash,False,856.33
T002506,2025-02-17,Beauty,15.26,6,26.029189799507122,Bronze,9.0,East,Digital Wallet,True,83.32
T002507,2025-01-29,Beauty,35.47,7,31.928303450544774,Silver,8.6,South,Credit Card,False,226.94
T002508,2025-04-07,Sports,47.94,4,40.97496395790065,Silver,5.0,East,PayPal,False,182.17
T002509,2025-01-10,Electronics,254.69,5,22.712293375311496,Bronze,13.6,South,PayPal,True,1100.26
T002510,2025-02-27,Clothing,53.3,3,30.351538197273506,Gold,10.8,East,PayPal,True,142.63
T002511,2025-01-21,Electronics,266.75,4,38.689838325619405,Bronze,10.8,West,Digital Wallet,True,951.76
T002512,2025-01-28,Electronics,233.32,1,18.0,Bronze,6.4,East,Credit Card,True,218.39
T002513,2025-02-03,Home & Kitchen,78.72,3,39.11325206342837,Platinum,10.5,North,PayPal,True,211.36
T002514,2025-01-08,Beauty,28.01,9,26.22289202857128,Bronze,18.2,North,Credit Card,True,206.21
T002515,2025-06-26,Beauty,36.42,8,56.19634714510054,Bronze,12.2,East,Credit Card,True,255.81
T002516,2025-03-20,Home & Kitchen,97.71,6,35.346535844714765,Bronze,3.9,North,PayPal,False,563.4
T002517,2025-05-25,Electronics,206.98,5,50.86062147820263,Platinum,2.3,North,Cash,False,1011.1
T002518,2025-03-28,Clothing,52.44,2,46.63053250493061,Bronze,14.1,North,Digital Wallet,True,90.09
T002519,2025-03-29,Clothing,59.45,4,32.532474886104644,Bronze,9.0,North,Credit Card,False,216.4
T002520,2025-06-22,Sports,60.22,3,46.22285493384878,Bronze,6.0,East,Credit Card,False,169.82
T002521,2025-03-10,Sports,48.07,5,62.40268698945911,Gold,0.6,North,Credit Card,False,238.91
T002522,2025-06-09,Clothing,33.1,5,42.59549797633212,Gold,8.2,South,Credit Card,False,151.93
T002523,2025-06-21,Clothing,46.68,6,37.739557133022046,Bronze,14.7,East,Credit Card,True,238.91
T002524,2025-03-28,Electronics,173.71,1,46.56727534730327,Platinum,3.9,North,Digital Wallet,False,166.94
T002525,2025-04-11,Clothing,44.22,7,47.810278849021714,Bronze,1.7,West,PayPal,False,304.28
T002526,2025-01-08,Clothing,40.05,13,37.565029741433094,Bronze,6.4,North,PayPal,False,487.33
T002527,2025-03-18,Electronics,246.15,4,18.0,Bronze,5.1,North,Cash,False,934.39
T002528,2025-03-28,Clothing,19.4,5,31.30799307397282,Silver,3.8,South,PayPal,False,93.31
T002529,2025-02-12,Sports,64.3,6,26.347179595809727,Bronze,1.5,South,Digital Wallet,False,380.01
T002530,2025-05-09,Home & Kitchen,84.8,5,41.71801953591214,Platinum,1.2,West,Digital Wallet,False,418.91
T002531,2025-04-19,Electronics,301.83,3,56.11567897743557,Gold,4.9,North,Credit Card,False,861.12
T002532,2025-06-28,Electronics,1551.39,4,47.85009452856528,Gold,10.6,North,PayPal,True,5547.77
T002533,2025-06-01,Clothing,46.42,12,36.025702893581325,Bronze,17.0,West,Credit Card,True,462.34
T002534,2025-06-01,Clothing,47.88,3,45.14501351628525,Gold,9.4,West,Credit Card,False,130.14
T002535,2025-01-17,Clothing,54.44,3,41.76239600579435,Bronze,7.6,North,Credit Card,False,150.91
T002536,2025-05-13,Clothing,41.41,5,48.24636449652477,Bronze,8.6,East,Credit Card,True,189.24
T002537,2025-05-28,Home & Kitchen,72.69,3,48.914019059596484,Bronze,3.0,North,Credit Card,False,211.53
T002538,2025-01-21,Sports,64.88,10,57.62663350424033,Silver,12.3,West,Cash,True,569.0
T002539,2025-02-27,Clothing,55.98,2,40.32857893652364,Platinum,9.6,West,PayPal,False,101.21
T002540,2025-06-08,Sports,64.1,3,20.425895837413215,Bronze,12.0,West,PayPal,True,169.22
T002541,2025-04-20,Clothing,50.06,3,26.099105078302777,Bronze,5.6,North,Credit Card,False,141.77
T002542,2025-05-19,Electronics,280.48,2,42.20920308183249,Bronze,1.4,West,Credit Card,False,553.11
T002543,2025-06-29,Home & Kitchen,95.24,4,38.77366428426803,Gold,9.0,South,Credit Card,False,346.67
T002544,2025-05-23,Home & Kitchen,79.7,4,50.66552548825224,Gold,9.3,East,Credit Card,False,289.15
T002545,2025-05-15,Beauty,33.67,6,54.449445853345104,Silver,2.1,South,PayPal,False,197.78
T002546,2025-01-28,Home & Kitchen,94.35,5,42.43393404249475,Platinum,16.9,South,PayPal,True,392.02
T002547,2025-02-20,Beauty,26.51,5,27.00203529778573,Gold,2.8,North,Digital Wallet,False,128.84
T002548,2025-01-05,Beauty,39.86,4,48.7434482743636,Gold,7.9,South,Digital Wallet,False,146.84
T002549,2025-01-05,Home & Kitchen,91.15,6,45.34967101384444,Silver,7.3,North,PayPal,False,506.98
T002550,2025-04-04,Clothing,50.82,7,49.61690288218337,Bronze,8.9,West,Digital Wallet,False,324.08
T002551,2025-04-06,Home & Kitchen,69.8,5,33.30144129005376,Silver,0.9,South,Digital Wallet,False,345.86
T002552,2025-01-08,Beauty,34.78,5,70.0,Platinum,1.0,West,Credit Card,False,172.16
T002553,2025-03-05,Sports,59.2,4,21.055486767597117,Gold,2.9,South,Digital Wallet,True,229.93
T002554,2025-05-18,Electronics,308.0,3,43.12169437653841,Silver,4.0,North,Digital Wallet,False,887.04
T002555,2025-02-07,Sports,49.05,6,50.57541435045159,Gold,5.2,West,Credit Card,False,279.0
T002556,2025-04-21,Electronics,213.48,3,51.920687349389375,Gold,1.9,East,Credit Card,False,628.27
T002557,2025-04-22,Clothing,50.03,3,42.11478165720084,Gold,14.5,North,Credit Card,True,128.33
T002558,2025-03-22,Electronics,614.43,2,49.45339181801734,Bronze,5.2,West,Credit Card,True,1164.96
T002559,2025-05-16,Home & Kitchen,71.61,4,52.86059147383086,Gold,6.2,West,Digital Wallet,False,268.68
T002560,2025-04-14,Sports,66.21,3,43.29485216761727,Bronze,5.2,East,PayPal,False,188.3
T002561,2025-06-02,Clothing,40.42,4,44.743343892790584,Gold,13.3,West,Credit Card,True,140.18
T002562,2025-03-14,Electronics,97.68,3,49.69488182784827,Bronze,0.9,East,Credit Card,True,290.4
T002563,2025-06-27,Clothing,32.23,10,42.25677406448749,Platinum,5.8,East,Credit Card,False,303.61
T002564,2025-02-18,Home & Kitchen,83.96,4,58.0065803507897,Bronze,9.4,West,Credit Card,True,304.27
T002565,2025-02-05,Clothing,54.03,2,53.969867922073945,Bronze,10.6,North,Credit Card,True,96.61
T002566,2025-05-06,Clothing,36.87,7,38.32408361469515,Bronze,2.1,South,Digital Wallet,False,252.67
T002567,2025-03-09,Electronics,239.67,3,33.37954317459959,Platinum,5.5,South,Cash,False,679.46
T002568,2025-03-19,Clothing,45.27,4,51.27918671900771,Gold,6.2,East,Digital Wallet,False,169.85
T002569,2025-04-15,Clothing,47.29,8,43.03180158783294,Bronze,5.8,South,Digital Wallet,False,356.38
T002570,2025-06-18,Home & Kitchen,65.22,3,34.88503526797799,Bronze,12.9,South,Digital Wallet,True,170.42
T002571,2025-05-02,Electronics,182.11,1,36.24391087703877,Bronze,21.5,West,Credit Card,True,142.96
T002572,2025-04-29,Home & Kitchen,96.13,2,49.778427757956436,Bronze,12.3,West,PayPal,True,168.61
T002573,2025-04-24,Electronics,216.48,4,36.42027966235602,Silver,16.8,South,PayPal,True,720.45
T002574,2025-01-10,Clothing,37.58,4,59.35019740894054,Silver,3.7,East,Digital Wallet,False,144.76
T002575,2025-05-29,Clothing,47.09,5,30.02643327762317,Silver,5.5,East,Cash,False,222.5
T002576,2025-06-13,Home & Kitchen,71.3,3,35.98761391690737,Bronze,12.1,West,Cash,True,188.02
T002577,2025-05-20,Beauty,31.49,7,30.83680143949906,Gold,1.6,North,Credit Card,False,216.9
T002578,2025-04-01,Beauty,24.7,6,27.3722068288416,Bronze,1.6,West,Credit Card,False,145.83
T002579,2025-01-02,Home & Kitchen,66.68,3,32.446088230161116,Silver,3.6,East,Credit Card,False,192.84
T002580,2025-04-28,Clothing,45.8,4,35.89689905932505,Silver,13.5,South,Credit Card,True,158.47
T002581,2025-01-13,Sports,43.12,4,36.96209146511221,Bronze,7.8,West,Cash,False,159.03
T002582,2025-06-09,Home & Kitchen,82.69,3,18.0,Bronze,11.1,South,PayPal,True,220.53
T002583,2025-04-05,Electronics,587.32,3,27.678227999569458,Bronze,3.1,North,Credit Card,False,1707.34
T002584,2025-05-24,Sports,60.22,2,44.1585830342538,Gold,1.4,East,PayPal,False,118.75
T002585,2025-02-01,Clothing,44.7,7,33.57136370478344,Bronze,,North,Credit Card,False,
T002586,2025-02-01,Electronics,182.2,6,54.495726337812144,Silver,0.9,East,Digital Wallet,False,1083.36
T002587,2025-05-04,Clothing,56.12,7,39.10092143844257,Silver,0.9,North,PayPal,False,389.3
T002588,2025-01-11,Clothing,31.8,6,49.10873175859338,Silver,7.4,East,PayPal,False,176.68
T002589,2025-01-10,Clothing,27.53,8,37.53570131423946,Silver,3.1,North,Credit Card,False,213.41
T002590,2025-01-15,Electronics,204.59,2,52.98547499492179,Bronze,0.6,North,PayPal,False,406.72
T002591,2025-01-17,Electronics,234.44,4,18.0,Silver,2.1,North,Credit Card,False,918.07
T002592,2025-06-17,Electronics,273.92,4,43.2796349283223,Silver,8.1,West,Credit Card,False,1006.93
T002593,2025-05-26,Home & Kitchen,76.17,5,60.364980622627264,Gold,1.2,North,Digital Wallet,False,376.28
T002594,2025-06-02,Home & Kitchen,76.43,2,24.514304037693684,Silver,13.7,East,Credit Card,True,131.92
T002595,2025-02-28,Clothing,47.08,4,51.027310907834305,Gold,11.8,South,Credit Card,True,166.1
T002596,2025-03-19,Electronics,239.48,1,46.70108201224324,Silver,6.0,South,PayPal,False,225.11
T002597,2025-05-04,Electronics,333.03,2,24.870167094895884,Silver,1.4,East,Cash,False,656.74
T002598,2025-04-24,Beauty,37.53,8,46.17741155737929,Platinum,10.8,East,Credit Card,True,267.81
T002599,2025-01-22,Clothing,39.98,8,46.091659023513834,Silver,10.3,West,Digital Wallet,True,286.9
T002600,2025-06-07,Clothing,43.44,5,40.905454159051715,Gold,4.4,South,Credit Card,False,207.64
T002601,2025-06-21,Electronics,267.46,4,55.696634960716814,Silver,7.4,South,Credit Card,False,990.67
T002602,2025-02-01,Home & Kitchen,85.02,2,54.0362054745072,Gold,1.5,East,Cash,False,167.49
T002603,2025-06-28,Clothing,41.75,7,51.77905605206122,Bronze,12.5,South,Cash,True,255.72
T002604,2025-06-23,Electronics,256.85,7,58.821179907240186,Silver,6.3,East,PayPal,False,1684.68
T002605,2025-04-23,Electronics,225.05,7,32.25805321084444,Bronze,13.9,North,PayPal,True,1356.38
T002606,2025-04-30,Clothing,47.04,5,35.72209773970829,Silver,3.9,North,Credit Card,False,226.03
T002607,2025-05-29,Sports,65.73,2,34.0924128733927,Bronze,17.0,North,Digital Wallet,True,109.11
T002608,2025-05-02,Sports,52.71,1,35.86768647781695,Silver,4.7,West,PayPal,False,50.23
T002609,2025-02-01,Home & Kitchen,82.09,3,36.096874430730765,Bronze,5.3,West,Digital Wallet,False,233.22
T002610,2025-04-29,Home & Kitchen,74.53,3,40.3704858943288,Gold,16.7,South,PayPal,True,186.25
T002611,2025-02-08,Electronics,221.74,7,37.37599078670203,Bronze,,South,PayPal,False,
T002612,2025-01-12,Home & Kitchen,84.98,7,28.948548475854828,Gold,4.3,South,Cash,False,569.28
T002613,2025-06-24,Home & Kitchen,60.02,8,51.52534502208,Silver,7.5,North,Digital Wallet,False,444.15
T002614,2025-01-18,Electronics,215.88,3,31.49180320328719,Gold,4.0,West,Digital Wallet,False,621.73
T002615,2025-05-29,Sports,67.67,4,60.89268862975588,Silver,9.6,West,Credit Card,False,244.69
T002616,2025-05-21,Electronics,191.05,7,51.68150950939645,Silver,4.0,East,Digital Wallet,True,1283.86
T002617,2025-05-29,Clothing,52.42,3,27.86210403290072,Silver,6.3,East,Credit Card,False,147.35
T002618,2025-05-06,Home & Kitchen,201.79,7,41.76116619603423,Bronze,2.8,East,Credit Card,False,1372.98
T002619,2025-05-16,Home & Kitchen,95.56,2,25.010180204666078,Silver,14.3,North,Digital Wallet,True,163.79
T002620,2025-02-15,Home & Kitchen,62.11,4,57.29018803404023,Silver,5.9,East,Credit Card,False,233.78
T002621,2025-04-14,Electronics,295.14,5,42.06063158828431,Silver,1.7,South,Credit Card,False,1450.61
T002622,2025-05-15,Sports,49.86,6,41.60022624136623,Bronze,10.0,North,Digital Wallet,False,269.24
T002623,2025-05-31,Clothing,53.97,2,44.65188093539752,Bronze,13.2,East,PayPal,True,93.69
T002624,2025-03-27,Clothing,41.96,9,39.93045695369976,Bronze,2.3,West,Digital Wallet,False,368.95
T002625,2025-05-30,Beauty,24.17,6,34.093178626344184,Gold,3.0,West,Credit Card,False,140.67
T002626,2025-03-30,Home & Kitchen,56.31,5,40.845369842235876,Silver,2.8,East,PayPal,False,273.67
T002627,2025-01-22,Electronics,381.53,7,57.0515525639222,Platinum,2.9,East,Credit Card,False,2593.26
T002628,2025-04-02,Sports,60.26,3,35.321040482831464,Platinum,6.2,East,PayPal,False,169.57
T002629,2025-01-29,Electronics,226.58,3,58.72655669826448,Silver,1.8,East,Digital Wallet,False,667.5
T002630,2025-01-13,Electronics,335.83,3,36.335181268123144,Bronze,3.7,North,Digital Wallet,True,970.21
T002631,2025-01-02,Clothing,50.7,2,44.15691067125845,Gold,13.1,North,PayPal,True,88.12
T002632,2025-01-29,Beauty,37.51,7,65.5328838899654,Silver,3.9,South,Credit Card,True,252.33
T002633,2025-06-29,Electronics,181.91,3,48.774108755008285,Gold,7.9,South,Credit Card,False,502.62
T002634,2025-01-27,Home & Kitchen,99.15,5,46.24746154236059,Silver,12.5,West,Credit Card,True,433.78
T002635,2025-02-19,Electronics,239.13,1,49.842874364589136,Silver,0.6,East,Cash,False,237.7
T002636,2025-04-05,Home & Kitchen,51.49,6,53.985880329402704,Silver,1.5,East,PayPal,False,304.31
T002637,2025-05-31,Clothing,62.94,1,31.958654759484908,Bronze,1.6,South,Cash,False,61.93
T002638,2025-03-29,Home & Kitchen,84.52,1,47.97980901510494,Silver,4.9,North,Digital Wallet,False,80.38
T002639,2025-02-13,Electronics,291.99,3,45.0956694415153,Bronze,11.0,South,Cash,True,779.61
T002640,2025-01-22,Home & Kitchen,82.12,9,18.0,Bronze,10.8,North,Cash,True,659.26
T002641,2025-06-20,Beauty,30.26,6,44.97423754157046,Bronze,5.0,North,Credit Card,False,172.48
T002642,2025-06-14,Home & Kitchen,84.76,5,30.118437421415237,Bronze,6.1,North,PayPal,False,397.95
T002643,2025-04-07,Clothing,42.85,4,43.35004670957842,Silver,6.0,North,Digital Wallet,False,161.12
T002644,2025-01-03,Beauty,24.41,4,53.811499784083395,Platinum,4.1,East,PayPal,False,93.64
T002645,2025-04-28,Electronics,277.99,3,30.79103182992027,Gold,15.1,West,PayPal,True,708.04
T002646,2025-01-19,Home & Kitchen,102.84,4,40.57493447091425,Gold,6.0,North,Credit Card,False,386.68
T002647,2025-01-23,Sports,69.56,5,36.890728635547504,Silver,10.7,West,PayPal,True,310.59
T002648,2025-06-06,Electronics,193.95,5,55.69335816254129,Gold,5.1,East,Credit Card,True,920.29
T002649,2025-01-30,Clothing,57.27,3,35.40175559585972,Platinum,18.4,West,PayPal,True,140.2
T002650,2025-02-08,Electronics,220.94,7,44.6058906843126,Bronze,2.0,West,PayPal,True,1515.65
T002651,2025-04-18,Home & Kitchen,67.15,5,49.57649133554856,Bronze,9.9,West,Credit Card,False,302.51
T002652,2025-04-21,Home & Kitchen,49.54,7,51.116387350599624,Bronze,9.7,West,Digital Wallet,False,313.14
T002653,2025-01-25,Clothing,44.46,7,30.37334964709993,Gold,10.8,North,PayPal,True,277.61
T002654,2025-05-08,Clothing,44.51,3,38.94744275382873,Bronze,3.6,South,Digital Wallet,False,128.72
T002655,2025-04-21,Clothing,47.68,11,61.21701371296618,Silver,11.1,East,Digital Wallet,True,466.26
T002656,2025-05-16,Clothing,37.59,6,41.813528681525995,Gold,6.5,North,PayPal,False,210.88
T002657,2025-04-16,Electronics,245.23,5,54.36486145805873,Silver,13.3,South,PayPal,True,1063.07
T002658,2025-05-24,Sports,48.81,8,66.69581302184383,Platinum,2.5,North,Digital Wallet,True,380.72
T002659,2025-03-13,Electronics,264.78,7,41.189341517406376,Bronze,18.2,East,PayPal,True,1516.13
T002660,2025-05-09,Sports,67.19,6,51.974029558176696,Gold,0.9,North,Credit Card,False,399.51
T002661,2025-04-18,Home & Kitchen,98.39,1,53.44455890999438,Gold,1.9,West,Credit Card,False,96.52
T002662,2025-01-05,Clothing,56.6,5,25.69785364349802,Bronze,9.9,South,Credit Card,False,254.98
T002663,2025-01-03,Home & Kitchen,59.7,2,46.82259221670345,Bronze,15.3,North,Credit Card,True,101.13
T002664,2025-05-12,Clothing,41.92,4,60.03938834614458,Bronze,0.8,West,Credit Card,False,166.34
T002665,2025-04-14,Clothing,39.4,5,23.06420349475465,Silver,5.0,East,Credit Card,False,187.15
T002666,2025-03-05,Electronics,165.12,3,40.632403458539684,Bronze,9.4,East,Digital Wallet,False,448.8
T002667,2025-04-16,Clothing,45.74,6,43.37459931012778,Silver,5.4,North,Cash,False,259.62
T002668,2025-04-08,Electronics,947.79,1,40.80723389093837,Gold,10.8,North,Credit Card,True,845.43
T002669,2025-01-10,Electronics,226.94,5,39.58903174485888,Bronze,1.1,West,Credit Card,False,1122.22
T002670,2025-05-29,Clothing,50.0,2,28.670135901905414,Silver,1.2,South,PayPal,False,98.8
T002671,2025-05-08,Electronics,234.79,5,46.62452425968765,Bronze,13.1,North,Credit Card,True,1020.16
T002672,2025-02-15,Clothing,50.83,3,33.0527772547957,Platinum,11.4,West,Credit Card,True,135.11
T002673,2025-06-04,Electronics,241.27,5,33.355154079613094,Bronze,5.7,South,Cash,False,1137.59
T002674,2025-03-07,Electronics,194.23,4,19.353917805851317,Bronze,9.4,East,Credit Card,False,703.89
T002675,2025-06-18,Electronics,184.07,11,24.909721559339395,Platinum,1.7,North,PayPal,False,1990.35
T002676,2025-04-22,Beauty,36.52,5,59.73552535526455,Platinum,8.5,West,Credit Card,False,167.08
T002677,2025-01-13,Electronics,161.04,3,42.931478075894525,Silver,18.3,South,Credit Card,True,394.71
T002678,2025-05-17,Home & Kitchen,91.49,5,50.875002115353496,Silver,4.0,South,PayPal,False,439.15
T002679,2025-06-13,Electronics,229.52,5,31.350428210715783,Silver,7.9,North,Credit Card,False,1056.94
T002680,2025-03-27,Beauty,34.8,9,18.66824110504967,Bronze,2.3,East,Credit Card,False,306.0
T002681,2025-03-31,Electronics,294.4,2,34.11775988380919,Bronze,5.2,East,PayPal,False,558.18
T002682,2025-02-27,Beauty,28.26,6,19.027379971742867,Silver,2.9,West,PayPal,False,164.64
T002683,2025-02-23,Home & Kitchen,115.97,3,33.59453611663095,Gold,1.9,North,Credit Card,False,341.3
T002684,2025-01-12,Electronics,244.03,5,55.80686401548601,Silver,3.4,South,Credit Card,True,1178.66
T002685,2025-01-14,Sports,63.12,5,40.81548654715366,Silver,2.6,North,PayPal,False,307.39
T002686,2025-05-01,Clothing,42.44,6,59.387941605233664,Bronze,8.6,East,Credit Card,False,232.74
T002687,2025-06-11,Clothing,45.13,7,48.842437318037106,Bronze,5.6,North,Digital Wallet,False,298.22
T002688,2025-05-01,Sports,50.25,2,54.79595534352255,Gold,8.9,West,Credit Card,True,91.56
T002689,2025-01-20,Beauty,29.54,5,39.079770977883506,Bronze,22.0,East,Credit Card,True,115.21
T002690,2025-03-16,Clothing,29.07,6,25.297867561284736,Gold,6.7,South,Credit Card,False,162.73
T002691,2025-05-24,Clothing,42.02,7,29.810658597636852,Silver,2.3,South,PayPal,False,287.37
T002692,2025-03-11,Sports,59.34,3,56.704419740267426,Gold,4.6,South,Digital Wallet,False,169.83
T002693,2025-02-25,Home & Kitchen,68.8,5,44.14386996219616,Platinum,1.5,East,PayPal,False,338.84
T002694,2025-04-11,Sports,57.33,5,25.504641291794062,Bronze,3.8,East,Credit Card,False,275.76
T002695,2025-05-12,Home & Kitchen,103.54,5,49.79331398903075,Platinum,14.5,South,Digital Wallet,True,442.63
T002696,2025-04-21,Electronics,264.45,3,23.30177521312491,Bronze,12.7,North,Credit Card,True,692.59
T002697,2025-05-05,Beauty,30.52,5,47.530282572974485,Silver,5.9,North,Credit Card,False,143.6
T002698,2025-05-12,Electronics,239.1,10,38.89513595793437,Silver,10.9,West,Credit Card,True,2130.38
T002699,2025-01-20,Clothing,43.31,6,50.271456631608075,Silver,11.6,East,Cash,True,229.72
T002700,2025-05-18,Clothing,48.77,5,38.83112907861765,Gold,5.5,East,Credit Card,True,230.44
T002701,2025-01-24,Home & Kitchen,74.46,3,50.70207344592446,Silver,0.2,South,PayPal,False,222.93
T002702,2025-06-03,Electronics,195.06,4,23.62869987944683,Bronze,6.6,East,Digital Wallet,False,728.74
T002703,2025-02-06,Sports,39.46,4,46.010745401683224,Bronze,6.6,West,Digital Wallet,False,147.42
T002704,2025-02-23,Clothing,51.88,6,36.67223423640487,Gold,5.5,South,Digital Wallet,False,294.16
T002705,2025-04-13,Clothing,61.69,3,46.482285238804344,Silver,0.3,North,Credit Card,False,184.51
T002706,2025-05-29,Sports,72.62,3,38.308698578879394,Bronze,6.3,North,PayPal,False,204.13
T002707,2025-02-07,Clothing,35.54,6,31.266801194119807,Bronze,4.2,West,Cash,False,204.28
T002708,2025-06-23,Electronics,329.31,4,40.741165269086785,Bronze,5.8,East,Cash,True,1240.84
T002709,2025-01-04,Electronics,311.62,4,56.85138542192067,Gold,10.9,West,PayPal,True,1110.61
T002710,2025-02-26,Beauty,33.56,5,34.75489827438988,Silver,10.5,South,Digital Wallet,True,150.18
T002711,2025-06-22,Electronics,248.41,3,44.398132611474765,Gold,7.7,South,Credit Card,False,687.85
T002712,2025-01-20,Clothing,47.27,5,33.91833485717408,Silver,8.1,North,Credit Card,True,217.21
T002713,2025-01-17,Clothing,40.92,5,18.426682795835845,Bronze,8.0,North,Credit Card,False,188.23
T002714,2025-04-29,Clothing,56.75,4,42.900902616770544,Platinum,2.9,South,Cash,False,220.42
T002715,2025-03-12,Electronics,317.91,3,70.0,Platinum,8.0,North,Digital Wallet,False,877.43
T002716,2025-01-04,Clothing,30.75,6,25.9551221112016,Bronze,,East,PayPal,False,
T002717,2025-01-14,Clothing,66.72,3,53.502523439403646,Platinum,4.2,West,Cash,False,191.75
T002718,2025-01-03,Beauty,39.1,4,18.0,Silver,5.3,North,PayPal,False,148.11
T002719,2025-03-21,Electronics,193.1,2,41.33721497478911,Silver,6.4,South,Digital Wallet,False,361.48
T002720,2025-02-24,Clothing,47.15,5,25.287249526230198,Bronze,6.1,South,Digital Wallet,False,221.37
T002721,2025-05-12,Clothing,32.7,5,47.19051357636261,Silver,4.8,North,Digital Wallet,False,155.65
T002722,2025-04-30,Clothing,45.92,6,35.3727164461305,Gold,2.8,North,Credit Card,False,267.81
T002723,2025-01-24,Home & Kitchen,99.78,3,34.9394261519019,Bronze,2.6,South,Credit Card,False,291.56
T002724,2025-06-11,Electronics,185.55,3,28.40797754626764,Bronze,9.2,West,Credit Card,False,505.44
T002725,2025-06-07,Electronics,265.45,4,18.0,Bronze,17.5,East,Credit Card,True,875.98
T002726,2025-03-23,Home & Kitchen,98.09,3,38.46917835478628,Bronze,10.3,North,Credit Card,True,263.96
T002727,2025-05-27,Clothing,41.52,7,33.4737352196443,Silver,1.2,East,Cash,False,287.15
T002728,2025-06-08,Clothing,51.53,2,36.99773831201165,Platinum,1.8,West,PayPal,False,101.2
T002729,2025-03-01,Electronics,276.31,6,37.89437336294715,Silver,8.0,West,Digital Wallet,False,1525.23
T002730,2025-05-27,Electronics,282.9,3,31.91490457809559,Platinum,2.6,West,Credit Card,False,826.63
T002731,2025-02-18,Electronics,240.24,3,43.42624147045725,Silver,7.7,West,Credit Card,False,665.22
T002732,2025-03-04,Electronics,253.76,7,39.381115494314635,Bronze,7.8,North,Cash,True,1637.77
T002733,2025-04-20,Home & Kitchen,80.11,4,51.90621414315621,Platinum,12.3,East,Credit Card,True,281.03
T002734,2025-05-30,Sports,59.67,3,70.0,Bronze,5.7,North,PayPal,False,168.81
T002735,2025-06-01,Clothing,31.14,4,44.737555395933775,Gold,3.6,South,Credit Card,False,120.08
T002736,2025-04-19,Clothing,44.22,9,55.283004222017865,Gold,6.9,South,Credit Card,False,370.52
T002737,2025-03-17,Electronics,335.34,5,43.50523578811614,Gold,7.5,South,Digital Wallet,False,1550.95
T002738,2025-01-30,Clothing,37.3,3,47.58463079808492,Bronze,3.7,South,PayPal,False,107.76
T002739,2025-02-27,Electronics,312.26,2,38.08800276877895,Gold,13.3,West,Cash,True,541.46
T002740,2025-04-27,Beauty,35.03,4,40.76995982856377,Silver,1.8,East,Credit Card,False,137.6
T002741,2025-06-08,Home & Kitchen,81.42,5,32.458098576238456,Bronze,2.2,East,Credit Card,False,398.14
T002742,2025-04-10,Beauty,31.99,5,59.0120726443904,Platinum,18.6,West,Credit Card,True,130.2
T002743,2025-01-19,Sports,61.35,7,53.61541063904842,Platinum,10.3,North,Credit Card,True,385.22
T002744,2025-06-25,Clothing,43.66,8,45.06172318697366,Silver,6.5,South,Credit Card,False,326.58
T002745,2025-06-22,Clothing,27.83,4,29.696857853954384,Bronze,10.8,West,PayPal,True,99.3
T002746,2025-04-04,Electronics,268.47,3,39.88210629937641,Silver,16.4,East,Cash,True,673.32
T002747,2025-04-23,Clothing,33.8,7,53.6094514612459,Gold,9.7,West,PayPal,False,213.65
T002748,2025-05-26,Beauty,27.67,6,70.0,Platinum,4.9,South,Credit Card,False,157.89
T002749,2025-03-04,Electronics,246.32,4,42.92632005894765,Silver,4.6,West,PayPal,False,939.96
T002750,2025-04-26,Sports,58.51,3,56.70530908735128,Bronze,3.5,North,PayPal,False,169.39
T002751,2025-04-23,Clothing,49.05,9,44.08064657378102,Bronze,14.3,West,PayPal,True,378.32
T002752,2025-02-16,Sports,41.83,6,57.30939731786025,Gold,10.0,North,Credit Card,False,225.88
T002753,2025-02-26,Beauty,24.23,6,18.0,Silver,3.6,South,Digital Wallet,False,140.15
T002754,2025-04-28,Home & Kitchen,84.93,3,31.668029176646,Silver,4.9,East,Credit Card,False,242.31
T002755,2025-02-14,Home & Kitchen,92.77,3,45.760165529920805,Bronze,18.6,East,Credit Card,True,226.54
T002756,2025-06-10,Clothing,43.0,5,27.398800551462205,Bronze,4.5,North,PayPal,False,205.32
T002757,2025-05-25,Sports,54.9,4,47.0934598536925,Silver,3.8,North,Credit Card,False,211.26
T002758,2025-01-04,Beauty,20.89,4,42.473761335689005,Bronze,16.6,North,Credit Card,True,69.69
T002759,2025-05-28,Sports,60.95,4,22.73341774953466,Bronze,6.3,West,Digital Wallet,False,228.44
T002760,2025-02-16,Home & Kitchen,87.87,2,20.49575414201715,Silver,19.8,West,Cash,True,140.94
T002761,2025-05-23,Home & Kitchen,95.87,6,45.99568665156354,Silver,7.4,East,Credit Card,False,532.65
T002762,2025-02-16,Sports,54.58,3,28.235080236623016,Bronze,8.2,West,PayPal,True,150.31
T002763,2025-03-19,Clothing,62.63,4,36.51330104324966,Silver,18.8,East,Credit Card,True,203.42
T002764,2025-05-04,Sports,48.76,5,49.57134497695876,Silver,7.3,East,Credit Card,False,226.0
T002765,2025-03-16,Clothing,46.02,6,41.017343520748774,Bronze,9.0,West,Cash,False,251.27
T002766,2025-04-13,Electronics,342.92,4,36.924164506861906,Platinum,3.9,South,PayPal,False,1318.18
T002767,2025-05-17,Clothing,53.76,6,23.798179066953395,Bronze,4.0,North,Digital Wallet,False,309.66
T002768,2025-03-31,Clothing,46.46,5,59.99775672714121,Gold,12.1,East,PayPal,True,204.19
T002769,2025-05-24,Electronics,220.35,2,51.66388596341278,Gold,10.5,North,Digital Wallet,True,394.43
T002770,2025-03-10,Electronics,178.48,5,34.26861424691367,Bronze,1.1,North,PayPal,False,882.58
T002771,2025-03-02,Clothing,35.59,6,31.162822114042378,Platinum,3.0,West,Credit Card,False,207.13
T002772,2025-05-18,Electronics,216.1,5,35.25738170966691,Bronze,10.9,West,PayPal,True,962.73
T002773,2025-02-19,Clothing,53.98,3,30.24995817145501,Bronze,12.0,South,Digital Wallet,True,142.51
T002774,2025-01-03,Home & Kitchen,96.85,4,38.43980879135064,Silver,0.5,North,Credit Card,False,385.46
T002775,2025-04-17,Beauty,43.32,8,55.394396090152185,Platinum,4.3,North,PayPal,False,331.66
T002776,2025-04-23,Home & Kitchen,80.53,7,54.13941114636861,Bronze,7.5,South,Credit Card,False,521.43
T002777,2025-04-04,Beauty,27.91,6,54.09925579315946,Gold,0.4,West,PayPal,True,166.79
T002778,2025-04-28,Home & Kitchen,87.02,4,26.42991268055109,Bronze,9.6,West,PayPal,False,314.66
T002779,2025-03-22,Clothing,40.79,5,29.57110733908318,Bronze,5.0,East,Digital Wallet,False,193.75
T002780,2025-04-19,Home & Kitchen,67.59,3,53.548845275827325,Gold,2.7,North,Cash,False,197.3
T002781,2025-02-20,Home & Kitchen,66.27,5,47.40977977228978,Bronze,7.7,North,Credit Card,False,305.84
T002782,2025-05-27,Clothing,55.12,4,36.78489948479563,Bronze,10.1,North,Credit Card,True,198.21
T002783,2025-06-19,Electronics,167.47,5,50.53823684104335,Bronze,7.6,East,PayPal,False,773.71
T002784,2025-02-04,Home & Kitchen,82.81,4,48.0574178450039,Gold,2.4,North,Credit Card,False,323.29
T002785,2025-02-15,Electronics,275.95,5,23.608173581924113,Gold,3.5,East,PayPal,False,1331.46
T002786,2025-06-03,Home & Kitchen,303.3,5,18.0,Bronze,3.0,West,Credit Card,False,1471.0
T002787,2025-03-10,Electronics,164.78,2,41.8441001806094,Gold,17.7,West,Digital Wallet,True,271.23
T002788,2025-04-03,Home & Kitchen,96.86,6,18.0,Bronze,3.5,West,PayPal,False,560.82
T002789,2025-03-05,Clothing,44.91,6,55.14700571050854,Silver,1.2,East,Credit Card,False,266.23
T002790,2025-06-14,Electronics,285.28,5,48.12617511994537,Silver,2.0,East,Credit Card,False,1397.87
T002791,2025-02-18,Clothing,37.08,8,37.58502982236437,Gold,10.9,North,PayPal,True,264.31
T002792,2025-05-29,Home & Kitchen,69.49,3,27.210856917622635,Bronze,3.9,West,Credit Card,False,200.34
T002793,2025-03-15,Sports,54.62,7,30.759076045445667,Bronze,2.7,East,PayPal,False,372.02
T002794,2025-01-05,Sports,46.22,5,,Silver,10.6,North,PayPal,True,206.6
T002795,2025-04-10,Clothing,35.93,3,58.73184420994335,Platinum,12.1,West,Credit Card,True,94.75
T002796,2025-03-11,Home & Kitchen,53.78,7,44.32739212380473,Bronze,2.9,West,Credit Card,False,365.54
T002797,2025-03-31,Clothing,38.95,7,39.83687143041572,Silver,4.7,South,PayPal,False,259.84
T002798,2025-01-04,Clothing,43.52,8,64.02104071824483,Bronze,1.8,West,Credit Card,False,341.89
T002799,2025-05-06,Electronics,240.08,6,30.6222080911449,Bronze,2.3,East,Credit Card,False,1407.35
T002800,2025-02-08,Home & Kitchen,81.02,2,39.57872609256799,Bronze,10.4,East,Credit Card,True,145.19
T002801,2025-06-12,Clothing,48.56,7,33.656255868133385,Silver,10.7,North,Cash,True,303.55
T002802,2025-05-09,Electronics,163.73,3,66.96917646480327,Silver,8.1,South,Digital Wallet,False,451.4
T002803,2025-01-24,Home & Kitchen,86.9,3,38.530367525491336,Bronze,9.5,East,Digital Wallet,False,235.93
T002804,2025-02-26,Home & Kitchen,76.59,4,44.22131540202408,Bronze,5.8,West,Digital Wallet,False,288.59
T002805,2025-04-10,Clothing,52.03,2,61.44979568938672,Silver,13.4,East,PayPal,True,90.12
T002806,2025-03-11,Electronics,191.63,1,55.01157880750058,Silver,9.1,West,Digital Wallet,False,174.19
T002807,2025-02-10,Clothing,52.95,6,22.496975000472347,Bronze,13.7,West,Credit Card,True,274.18
T002808,2025-06-23,Clothing,60.54,5,38.22041557883121,Gold,9.4,East,PayPal,False,274.25
T002809,2025-03-01,Home & Kitchen,239.7,3,41.157635191797745,Silver,8.8,West,Cash,False,655.82
T002810,2025-04-18,Clothing,31.05,7,43.92555814552432,Gold,12.9,South,Digital Wallet,True,189.31
T002811,2025-02-26,Home & Kitchen,83.73,3,45.78097437112458,Silver,19.7,North,Credit Card,True,201.71
T002812,2025-01-31,Sports,37.01,7,31.1270461932166,Bronze,14.0,South,PayPal,True,222.8
T002813,2025-03-25,Electronics,284.07,4,60.336434699897424,Silver,4.4,North,Credit Card,False,1086.28
T002814,2025-06-01,Beauty,28.91,5,47.34915706500408,Gold,6.0,West,PayPal,False,135.88
T002815,2025-02-05,Clothing,49.57,3,49.80462053633177,Bronze,10.3,South,PayPal,True,133.39
T002816,2025-06-07,Clothing,53.12,4,58.47328576332781,Platinum,4.3,South,Digital Wallet,False,203.34
T002817,2025-06-01,Clothing,65.83,6,45.31965863295161,Silver,6.6,East,Digital Wallet,False,368.91
T002818,2025-04-18,Electronics,260.36,2,39.49220156903623,Platinum,5.1,East,Credit Card,False,494.16
T002819,2025-04-16,Electronics,246.25,4,37.64433836219153,Platinum,1.9,North,Credit Card,True,966.28
T002820,2025-06-07,Clothing,40.29,6,39.299626523527806,Gold,5.9,West,Digital Wallet,False,227.48
T002821,2025-03-27,Sports,50.94,3,40.062078823321514,Bronze,10.5,West,Digital Wallet,True,136.77
T002822,2025-05-15,Beauty,34.93,5,19.058467317034168,Bronze,2.2,North,Credit Card,False,170.81
T002823,2025-06-12,Home & Kitchen,61.73,4,34.54775920078385,Bronze,15.0,South,PayPal,True,209.88
T002824,2025-01-14,Electronics,288.46,5,28.880494707684218,Silver,3.5,North,Cash,False,1391.82
T002825,2025-04-30,Home & Kitchen,82.42,4,18.0,Silver,5.7,South,Digital Wallet,False,310.89
T002826,2025-05-18,Home & Kitchen,89.9,5,43.882771630311595,Bronze,7.7,North,PayPal,False,414.89
T002827,2025-03-21,Sports,59.42,2,47.32185790973286,Silver,8.3,South,Cash,False,108.98
T002828,2025-05-24,Sports,64.34,1,31.664243090486224,Bronze,10.8,East,Digital Wallet,True,57.39
T002829,2025-04-16,Sports,58.26,2,38.63825572499953,Silver,1.5,North,Credit Card,False,114.77
T002830,2025-03-11,Clothing,49.05,3,48.788185290408805,Silver,10.2,West,Digital Wallet,True,132.14
T002831,2025-02-13,Home & Kitchen,84.74,4,38.38193596530368,Gold,4.6,South,Credit Card,False,323.37
T002832,2025-03-14,Clothing,52.49,3,40.36341921814757,Silver,5.8,West,Cash,False,148.34
T002833,2025-02-14,Beauty,27.47,5,39.06340746071718,Platinum,6.0,North,Digital Wallet,False,129.11
T002834,2025-04-17,Electronics,205.41,4,49.22021463012146,Platinum,7.6,West,PayPal,True,759.2
T002835,2025-03-25,Electronics,399.49,4,41.79863554788369,Silver,10.2,West,Credit Card,True,1434.97
T002836,2025-03-23,Electronics,285.09,2,38.0958934573066,Bronze,1.2,West,Credit Card,False,563.34
T002837,2025-04-17,Sports,62.73,3,36.30256342276046,Bronze,5.0,North,Credit Card,False,178.78
T002838,2025-01-21,Clothing,42.01,3,31.94974100661965,Gold,12.2,South,Cash,True,110.65
T002839,2025-06-27,Clothing,69.54,3,49.16511482060021,Silver,13.4,West,Digital Wallet,True,180.66
T002840,2025-06-10,Beauty,22.67,6,48.79330636822237,Bronze,11.9,East,Digital Wallet,True,119.83
T002841,2025-01-07,Beauty,23.45,9,41.926968653937685,Bronze,6.5,West,Cash,False,197.33
T002842,2025-03-11,Clothing,42.06,3,53.25490937670372,Silver,6.9,West,Credit Card,False,117.47
T002843,2025-05-07,Electronics,244.47,4,42.12954628991641,Bronze,7.2,West,Cash,False,907.47
T002844,2025-05-23,Sports,63.8,8,45.89479456278313,Bronze,6.0,East,Digital Wallet,False,479.78
T002845,2025-06-09,Beauty,34.97,6,35.16478322943657,Silver,2.1,East,Credit Card,False,205.41
T002846,2025-05-28,Clothing,34.39,3,56.388743910834314,Silver,6.4,South,Digital Wallet,False,96.57
T002847,2025-05-23,Home & Kitchen,77.67,5,43.94512848479416,Platinum,6.4,West,Credit Card,False,363.5
T002848,2025-06-25,Clothing,44.3,4,46.63942176834476,Silver,2.3,North,Credit Card,False,173.12
T002849,2025-05-29,Sports,59.84,5,42.801048671159805,Gold,1.9,West,Credit Card,False,293.52
T002850,2025-06-19,Home & Kitchen,97.2,3,43.011305650004125,Bronze,6.8,West,Digital Wallet,False,271.77
T002851,2025-06-03,Clothing,34.79,7,45.13228611746975,Silver,3.0,East,PayPal,False,236.22
T002852,2025-04-30,Electronics,227.04,2,18.0,Bronze,5.4,East,Credit Card,False,429.56
T002853,2025-05-08,Beauty,18.53,5,47.086586030671086,Gold,4.1,North,Digital Wallet,False,88.85
T002854,2025-05-22,Home & Kitchen,87.07,7,33.45983803944795,Bronze,15.6,West,Credit Card,True,514.41
T002855,2025-02-26,Electronics,257.92,3,39.222598920932384,Gold,10.3,South,Credit Card,True,694.06
T002856,2025-06-14,Home & Kitchen,78.36,6,34.12944876710347,Platinum,2.2,South,Credit Card,False,459.82
T002857,2025-02-27,Home & Kitchen,94.69,1,51.97000398924477,Silver,14.6,West,Credit Card,True,80.87
T002858,2025-01-21,Clothing,55.29,8,32.493253497224295,Bronze,6.7,North,Digital Wallet,False,412.68
T002859,2025-03-23,Home & Kitchen,249.51,8,38.465214435593346,Silver,7.5,West,PayPal,False,1846.37
T002860,2025-03-10,Home & Kitchen,62.41,5,34.20866652437337,Silver,7.0,South,Credit Card,True,290.21
T002861,2025-05-11,Beauty,29.68,5,33.0971195873182,Silver,9.0,North,Credit Card,False,135.04
T002862,2025-03-28,Electronics,212.86,3,33.234625934144916,Bronze,5.2,East,Credit Card,False,605.37
T002863,2025-06-14,Electronics,356.87,4,27.08793691342371,Silver,7.0,East,Cash,False,1327.56
T002864,2025-02-18,Electronics,212.11,2,35.241136727947065,Bronze,11.6,East,Credit Card,True,375.01
T002865,2025-05-27,Home & Kitchen,68.39,1,44.31214658816431,Silver,1.1,West,Credit Card,False,67.64
T002866,2025-04-25,Home & Kitchen,88.6,5,31.06334303325935,Bronze,4.0,South,PayPal,False,425.28
T002867,2025-03-30,Sports,66.96,5,43.50830352190807,Platinum,3.8,South,Credit Card,False,322.08
T002868,2025-03-26,Home & Kitchen,50.41,5,48.35802755831925,Silver,18.6,North,Cash,True,205.17
T002869,2025-05-08,Clothing,52.35,5,40.344592303319175,Silver,2.4,East,PayPal,False,255.47
T002870,2025-05-20,Beauty,36.34,8,27.713938095028105,Bronze,10.3,West,Credit Card,True,260.78
T002871,2025-06-18,Clothing,45.52,5,20.890058622851534,Gold,2.7,South,Credit Card,False,221.45
T002872,2025-06-10,Sports,29.06,8,51.71285836211343,Silver,2.1,North,Credit Card,False,227.6
T002873,2025-06-27,Clothing,34.15,5,60.51802256822684,Silver,11.0,South,Credit Card,True,151.97
T002874,2025-04-27,Home & Kitchen,69.59,2,58.91912407994855,Platinum,9.4,West,PayPal,False,126.1
T002875,2025-05-07,Home & Kitchen,82.96,5,45.61589271266301,Bronze,3.2,West,Credit Card,False,401.53
T002876,2025-03-12,Home & Kitchen,95.7,4,45.7215246752796,Silver,4.2,North,PayPal,False,366.72
T002877,2025-03-27,Electronics,197.7,3,39.38000357326527,Bronze,8.8,West,PayPal,False,540.91
T002878,2025-02-02,Clothing,46.38,4,39.17134308950243,Silver,11.9,North,PayPal,True,163.44
T002879,2025-03-22,Home & Kitchen,53.94,3,33.26604430223385,Silver,5.3,West,Credit Card,False,153.24
T002880,2025-06-01,Sports,69.08,4,31.844649222029172,Platinum,12.1,South,Digital Wallet,True,242.89
T002881,2025-03-02,Clothing,34.83,4,19.53377311360686,Bronze,4.4,West,Digital Wallet,False,133.19
T002882,2025-03-02,Beauty,29.78,9,50.39908632945876,Silver,4.1,North,Digital Wallet,False,257.03
T002883,2025-04-08,Clothing,46.2,9,,Gold,11.2,North,Credit Card,True,369.23
T002884,2025-01-28,Clothing,46.25,5,37.45109025607172,Platinum,4.3,West,Credit Card,False,221.31
T002885,2025-02-12,Sports,42.47,8,57.07751225024908,Silver,5.5,West,Credit Card,False,321.07
T002886,2025-06-18,Home & Kitchen,74.61,4,68.80888416784487,Silver,1.8,North,PayPal,True,293.07
T002887,2025-06-16,Beauty,23.52,5,24.133945698252177,Bronze,8.5,West,Cash,True,107.6
T002888,2025-03-27,Home & Kitchen,81.22,6,48.80394128337473,Silver,1.5,West,Cash,False,480.01
T002889,2025-06-26,Clothing,38.27,8,41.743706404781165,Bronze,16.2,East,Credit Card,True,256.56
T002890,2025-01-17,Electronics,245.31,7,61.322215895638955,Gold,7.5,North,Digital Wallet,False,1588.38
T002891,2025-04-08,Clothing,47.8,3,35.762747431646744,Silver,11.6,South,Credit Card,True,126.77
T002892,2025-04-08,Clothing,43.42,3,54.744744212699274,Bronze,4.9,East,Digital Wallet,False,123.88
T002893,2025-03-06,Home & Kitchen,74.78,3,50.26564565490044,Gold,4.1,North,Cash,False,215.14
T002894,2025-03-15,Electronics,214.86,4,55.834235669997604,Gold,3.8,West,PayPal,False,826.78
T002895,2025-03-26,Electronics,242.63,6,33.30684787091466,Silver,6.4,West,Cash,False,1362.61
T002896,2025-01-05,Electronics,201.44,3,37.37237315212222,Gold,10.2,North,Cash,True,542.68
T002897,2025-01-02,Electronics,272.56,1,48.329503213300754,Bronze,3.0,North,Credit Card,False,264.38
T002898,2025-01-22,Clothing,46.28,8,55.57779727237518,Gold,8.7,South,PayPal,False,338.03
T002899,2025-04-22,Sports,54.85,5,44.66205493339553,Gold,2.8,West,PayPal,False,266.57
T002900,2025-02-26,Sports,73.72,3,19.216382424517942,Bronze,3.9,West,PayPal,False,212.53
T002901,2025-03-07,Home & Kitchen,102.36,2,56.23333041266293,Silver,4.1,West,Credit Card,False,196.33
T002902,2025-03-15,Sports,40.98,8,57.54972985708193,Gold,4.4,North,Credit Card,False,313.42
T002903,2025-04-08,Clothing,49.06,6,35.40990073035516,Bronze,12.2,West,PayPal,True,258.45
T002904,2025-05-24,Sports,52.9,5,52.20965029645897,Silver,12.9,East,PayPal,True,230.38
T002905,2025-04-22,Electronics,262.0,5,47.90515853517306,Gold,11.4,East,Credit Card,True,1160.66
T002906,2025-06-28,Clothing,40.2,6,31.303561906050312,Silver,9.3,North,PayPal,False,218.77
T002907,2025-05-05,Home & Kitchen,77.39,2,52.65986447500568,Platinum,,South,PayPal,False,
T002908,2025-06-16,Electronics,221.59,2,41.48313237194686,Bronze,5.8,West,Digital Wallet,False,417.48
T002909,2025-03-27,Home & Kitchen,59.72,5,25.70284170251448,Bronze,3.7,South,Credit Card,False,287.55
T002910,2025-03-17,Clothing,58.28,3,52.781169746941266,Platinum,4.3,North,Digital Wallet,True,167.32
T002911,2025-03-29,Sports,33.74,6,67.37761753115846,Bronze,5.2,West,Credit Card,False,191.91
T002912,2025-06-17,Clothing,31.95,5,18.0,Gold,6.1,North,Digital Wallet,False,150.01
T002913,2025-02-07,Electronics,192.12,5,45.669805803885716,Bronze,11.2,North,Digital Wallet,True,853.01
T002914,2025-02-28,Home & Kitchen,98.18,3,45.19622659043612,Platinum,16.6,East,Credit Card,True,245.65
T002915,2025-05-18,Clothing,44.37,8,28.15012156546658,Silver,13.9,East,Digital Wallet,True,305.62
T002916,2025-04-09,Clothing,35.37,5,54.31616868630313,Silver,1.9,East,Digital Wallet,False,173.49
T002917,2025-03-04,Electronics,235.11,4,28.89805557182632,Silver,1.3,North,Credit Card,False,928.21
T002918,2025-02-18,Home & Kitchen,95.56,3,43.013332830153274,Silver,12.6,West,PayPal,True,250.56
T002919,2025-02-01,Home & Kitchen,102.41,4,33.01749993069849,Gold,19.9,East,Digital Wallet,True,328.12
T002920,2025-05-15,Clothing,44.28,7,29.69028717867297,Bronze,6.4,East,Credit Card,False,290.12
T002921,2025-01-21,Beauty,28.66,6,46.45493979636258,Platinum,8.3,North,Digital Wallet,True,157.69
T002922,2025-01-20,Sports,50.55,5,33.459518633854714,Bronze,6.6,North,Credit Card,False,236.07
T002923,2025-06-03,Home & Kitchen,60.37,2,57.36576839144566,Gold,18.5,East,PayPal,True,98.4
T002924,2025-05-07,Home & Kitchen,83.51,4,42.26222845443229,Bronze,13.6,East,Credit Card,True,288.61
T002925,2025-03-09,Clothing,37.01,5,52.322982463738484,Bronze,8.7,North,PayPal,False,168.95
T002926,2025-04-20,Home & Kitchen,69.08,2,51.57968318390991,Silver,22.6,East,Credit Card,True,106.94
T002927,2025-04-26,Electronics,288.2,3,56.267114898449925,Silver,13.8,South,Credit Card,True,745.29
T002928,2025-05-23,Electronics,296.95,5,38.511837483789385,Bronze,16.7,East,PayPal,True,1236.8
T002929,2025-04-30,Beauty,18.75,7,40.538817401275296,Silver,0.5,West,PayPal,False,130.59
T002930,2025-03-20,Home & Kitchen,90.23,2,31.346066311102778,Platinum,2.4,North,Digital Wallet,False,176.13
T002931,2025-04-26,Clothing,46.37,3,43.675659308744535,Silver,1.8,East,Digital Wallet,False,136.61
T002932,2025-04-02,Clothing,53.55,4,32.408115094464236,Bronze,2.8,South,Credit Card,False,208.2
T002933,2025-01-14,Home & Kitchen,79.22,6,55.62965840943359,Platinum,0.7,North,Digital Wallet,False,471.99
T002934,2025-06-04,Electronics,237.28,5,31.00253288794037,Silver,12.4,South,PayPal,True,1039.29
T002935,2025-05-05,Electronics,259.34,2,36.772905787483566,Bronze,1.5,North,PayPal,False,510.9
T002936,2025-06-17,Electronics,185.17,4,48.539494774678246,Gold,4.9,East,Credit Card,False,704.39
T002937,2025-02-27,Clothing,51.04,7,48.05551974715244,Bronze,5.8,West,Credit Card,False,336.56
T002938,2025-01-28,Home & Kitchen,74.09,6,28.260208956365634,Bronze,14.4,East,Credit Card,True,380.53
T002939,2025-01-26,Electronics,216.29,5,34.79491932944071,Bronze,8.0,West,Digital Wallet,False,994.93
T002940,2025-04-23,Home & Kitchen,64.87,7,38.30416464598108,Bronze,14.5,North,PayPal,True,388.25
T002941,2025-03-07,Electronics,271.74,3,39.981892239148486,Silver,4.7,North,Credit Card,False,776.9
T002942,2025-06-02,Home & Kitchen,96.75,5,44.364785720664884,Silver,8.3,North,Credit Card,False,443.6
T002943,2025-05-11,Beauty,32.92,8,51.057345144980616,Gold,6.9,East,Credit Card,False,245.19
T002944,2025-02-13,Home & Kitchen,79.42,1,40.3124883711484,Silver,14.4,West,PayPal,True,67.98
T002945,2025-04-07,Sports,55.31,3,43.12236158305521,Bronze,12.4,North,Credit Card,True,145.35
T002946,2025-02-11,Beauty,28.16,8,32.57802263768525,Bronze,2.1,South,Digital Wallet,False,220.55
T002947,2025-01-06,Clothing,25.8,4,60.016915451333475,Silver,8.9,East,Cash,False,94.02
T002948,2025-06-16,Home & Kitchen,96.44,4,46.94102447642768,Silver,12.7,West,Credit Card,True,336.77
T002949,2025-06-29,Sports,52.84,3,38.57955503940381,Gold,8.3,West,Credit Card,False,145.36
T002950,2025-01-23,Clothing,53.26,5,56.75071329220755,Silver,9.6,North,Cash,False,240.74
T002951,2025-03-30,Clothing,39.53,13,46.445532734409234,Platinum,8.1,North,Credit Card,False,472.26
T002952,2025-05-03,Beauty,40.05,3,44.639369302559,Bronze,11.1,West,Credit Card,True,106.81
T002953,2025-06-27,Home & Kitchen,77.82,3,42.05741663894125,Platinum,10.9,North,PayPal,True,208.01
T002954,2025-06-20,Electronics,272.47,7,54.19201227076711,Platinum,15.0,East,Credit Card,True,1621.2
T002955,2025-05-27,Clothing,29.33,7,61.357382303179236,Silver,8.0,North,PayPal,False,188.89
T002956,2025-02-20,Sports,63.64,3,53.98903739490235,Silver,2.0,East,Credit Card,False,187.1
T002957,2025-01-11,Clothing,34.75,5,42.38950762438397,Bronze,3.3,North,Credit Card,False,168.02
T002958,2025-01-12,Home & Kitchen,102.65,4,58.07317555789705,Silver,5.4,North,PayPal,False,388.43
T002959,2025-03-15,Sports,54.97,6,38.87195839967024,Silver,14.2,North,PayPal,True,282.99
T002960,2025-01-08,Home & Kitchen,62.57,2,31.41576921730057,Silver,7.2,East,PayPal,False,116.13
T002961,2025-06-01,Clothing,43.37,6,51.718349423995775,Gold,8.5,East,Credit Card,False,238.1
T002962,2025-02-10,Home & Kitchen,86.94,4,59.28609842779674,Gold,4.7,West,Digital Wallet,False,331.42
T002963,2025-06-13,Home & Kitchen,93.08,2,41.996390126176564,Bronze,1.7,North,PayPal,False,183.0
T002964,2025-03-26,Home & Kitchen,90.56,3,61.780376864040434,Platinum,13.3,North,PayPal,True,235.55
T002965,2025-03-13,Clothing,51.6,5,24.594832853505316,Bronze,10.2,East,PayPal,True,231.68
T002966,2025-02-24,Clothing,38.73,4,40.891720662808545,Gold,11.3,West,Digital Wallet,True,137.41
T002967,2025-05-17,Beauty,23.53,5,31.7610692561018,Silver,7.9,North,Digital Wallet,False,108.36
T002968,2025-02-16,Electronics,226.04,2,31.527546710718312,Bronze,6.6,North,PayPal,False,422.24
T002969,2025-05-23,Clothing,32.69,5,41.62005946874337,Bronze,0.8,South,Credit Card,False,162.14
T002970,2025-06-25,Clothing,30.5,5,62.6730536939641,Silver,7.5,East,PayPal,False,141.06
T002971,2025-04-14,Sports,48.19,6,,Bronze,9.0,West,PayPal,False,263.12
T002972,2025-02-11,Electronics,325.17,2,58.74379959942155,Silver,11.6,West,Digital Wallet,True,574.9
T002973,2025-03-01,Clothing,56.41,4,47.33608514484945,Bronze,1.5,West,Credit Card,False,222.26
T002974,2025-01-12,Electronics,183.46,1,38.55175695583376,Bronze,2.9,North,PayPal,False,178.14
T002975,2025-05-10,Home & Kitchen,72.71,3,46.02270012645941,Bronze,1.2,North,Credit Card,False,215.51
T002976,2025-01-07,Electronics,280.55,4,25.00894746334112,Silver,7.0,South,Credit Card,False,1043.65
T002977,2025-03-21,Clothing,44.1,5,60.5407106152324,Gold,6.3,West,Credit Card,False,206.61
T002978,2025-05-11,Clothing,47.76,5,20.59430644582516,Platinum,7.5,East,Credit Card,False,220.89
T002979,2025-04-19,Sports,32.51,6,40.46442345189368,Bronze,11.7,West,Cash,True,172.24
T002980,2025-01-03,Clothing,50.77,4,41.99340938905178,Gold,8.4,South,Credit Card,False,186.02
T002981,2025-01-27,Electronics,276.12,4,52.16358672408299,Bronze,2.0,West,Credit Card,False,1082.39
T002982,2025-04-24,Clothing,26.88,4,47.27208993696065,Bronze,7.1,East,Credit Card,True,99.89
T002983,2025-04-17,Beauty,24.19,5,48.066930253784626,Silver,5.6,West,Digital Wallet,False,114.18
T002984,2025-02-09,Home & Kitchen,63.76,2,18.0,Bronze,1.1,West,Credit Card,False,126.12
T002985,2025-06-10,Beauty,21.94,3,39.98937408679421,Bronze,8.5,South,Digital Wallet,True,60.23
T002986,2025-05-09,Sports,35.97,5,34.39617615520815,Bronze,5.6,West,PayPal,False,169.78
T002987,2025-01-08,Electronics,188.13,6,43.790852755642305,Silver,8.5,West,Credit Card,False,1032.83
T002988,2025-04-11,Home & Kitchen,71.01,6,40.416206191987285,Silver,5.2,East,Digital Wallet,False,403.9
T002989,2025-06-09,Clothing,45.33,5,44.65676288401774,Bronze,11.7,North,PayPal,True,200.13
T002990,2025-05-04,Home & Kitchen,73.94,6,27.688217296750828,Platinum,5.8,North,Credit Card,True,417.91
T002991,2025-06-25,Clothing,55.67,2,43.220513476716,Bronze,2.8,West,Credit Card,False,108.22
T002992,2025-04-17,Clothing,32.38,8,62.99609642829293,Silver,0.9,South,Credit Card,False,256.71
T002993,2025-04-11,Beauty,18.02,7,67.54783841796858,Gold,7.1,South,Credit Card,False,117.18
T002994,2025-01-04,Electronics,759.96,1,58.20406223436645,Silver,3.1,East,Credit Card,False,736.4
T002995,2025-04-20,Sports,40.02,11,20.043591349870788,Bronze,12.6,West,Credit Card,True,384.75
T002996,2025-01-19,Electronics,189.1,2,38.52391101487926,Platinum,9.0,East,PayPal,False,344.16
T002997,2025-02-01,Electronics,247.26,3,36.008915177383884,Bronze,5.8,North,Cash,False,698.76
T002998,2025-05-17,Sports,54.41,4,43.83862187297636,Silver,7.0,North,Credit Card,False,202.41
T002999,2025-01-12,Home & Kitchen,66.94,4,57.918049479003,Bronze,18.0,North,Credit Card,True,219.56
T003000,2025-05-19,Home & Kitchen,113.94,4,41.44658873105833,Bronze,8.1,South,Credit Card,False,418.84
T003001,2025-02-15,Electronics,270.12,4,30.969181494303005,Bronze,5.8,East,Credit Card,False,1017.81
T003002,2025-04-29,Clothing,37.34,6,55.93784410023963,Gold,8.5,South,Cash,False,205.0
T003003,2025-01-16,Home & Kitchen,88.81,4,46.46000753549669,Silver,20.1,West,Credit Card,True,283.84
T003004,2025-05-09,Home & Kitchen,59.88,3,51.26232735772125,Silver,5.9,North,Credit Card,False,169.04
T003005,2025-03-04,Clothing,63.29,4,54.125371712490235,Gold,4.9,South,Digital Wallet,False,240.76
T003006,2025-04-19,Beauty,28.46,10,37.93123597809965,Silver,7.5,North,PayPal,False,263.26
T003007,2025-04-29,Home & Kitchen,71.25,5,27.825354391036168,Silver,7.6,South,Digital Wallet,False,329.18
T003008,2025-01-21,Beauty,34.55,5,44.60503873791994,Bronze,17.2,South,PayPal,True,143.04
T003009,2025-06-07,Home & Kitchen,72.03,5,37.875685605019875,Bronze,2.4,West,PayPal,False,351.51
T003010,2025-01-13,Home & Kitchen,86.38,4,42.88092395615488,Gold,2.5,South,Digital Wallet,False,336.88
T003011,2025-06-11,Electronics,289.01,4,59.00351268772589,Gold,3.9,North,PayPal,False,1110.95
T003012,2025-01-04,Clothing,40.42,4,44.39480322084611,Bronze,2.3,West,PayPal,False,157.96
T003013,2025-06-05,Sports,63.22,3,64.07934139176973,Gold,1.5,North,Credit Card,False,186.82
T003014,2025-04-12,Electronics,243.28,1,45.535043385249544,Bronze,9.9,West,Credit Card,False,219.2
T003015,2025-02-28,Electronics,272.11,2,38.56769489388498,Bronze,10.3,North,PayPal,True,488.17
T003016,2025-05-08,Clothing,46.95,6,26.874203376044726,Bronze,3.3,West,PayPal,False,272.4
T003017,2025-01-27,Electronics,322.41,7,44.68890023214801,Silver,2.7,North,PayPal,False,2195.93
T003018,2025-03-10,Beauty,21.67,5,31.005653581835237,Silver,6.1,West,PayPal,True,101.74
T003019,2025-01-25,Sports,56.86,5,48.404457182582796,Bronze,10.3,South,Credit Card,True,255.02
T003020,2025-05-11,Clothing,34.77,5,40.64061943292697,Platinum,8.5,South,Digital Wallet,False,159.07
T003021,2025-04-07,Electronics,316.75,6,40.24807274823441,Silver,2.8,East,Cash,False,1847.29
T003022,2025-01-25,Home & Kitchen,72.44,3,43.021823111072905,Gold,1.5,South,Digital Wallet,False,214.06
T003023,2025-05-28,Home & Kitchen,79.96,7,44.79728621768086,Bronze,4.7,South,Credit Card,False,533.41
T003024,2025-06-11,Beauty,23.81,4,41.589571614429396,Platinum,4.4,North,Cash,False,91.05
T003025,2025-06-03,Home & Kitchen,74.31,4,67.63977482867247,Gold,5.2,North,Cash,False,281.78
T003026,2025-05-06,Clothing,31.46,7,32.73542361644075,Silver,6.2,East,Credit Card,False,206.57
T003027,2025-05-13,Clothing,25.58,5,54.290392743066974,Platinum,2.2,North,PayPal,False,125.09
T003028,2025-01-09,Beauty,32.89,7,57.06778287272879,Gold,8.3,East,Credit Card,False,211.12
T003029,2025-04-26,Home & Kitchen,74.0,1,28.71094550170065,Bronze,17.7,South,Credit Card,True,60.9
T003030,2025-06-27,Home & Kitchen,80.7,2,,Platinum,10.3,South,Credit Card,True,144.78
T003031,2025-05-14,Electronics,244.45,6,46.274975841471324,Bronze,18.5,East,Credit Card,True,1195.36
T003032,2025-03-01,Home & Kitchen,71.86,4,44.056107044933306,Bronze,1.5,East,Cash,False,283.13
T003033,2025-06-21,Sports,60.9,6,43.58649657787481,Gold,15.1,North,Digital Wallet,True,310.22
T003034,2025-05-01,Clothing,56.13,6,49.5035300907273,Silver,8.6,West,Credit Card,False,307.82
T003035,2025-05-19,Clothing,35.14,5,18.0,Bronze,9.1,West,Credit Card,False,159.71
T003036,2025-06-24,Clothing,48.49,5,40.81775829705391,Bronze,5.2,South,Credit Card,False,229.84
T003037,2025-04-18,Clothing,44.26,6,36.95678311311619,Bronze,0.8,North,PayPal,False,263.44
T003038,2025-04-18,Electronics,293.26,4,33.36816102021726,Bronze,1.3,North,Credit Card,False,1157.79
T003039,2025-05-11,Clothing,30.53,5,52.549697919079165,Bronze,4.7,South,PayPal,False,145.48
T003040,2025-03-17,Home & Kitchen,59.33,3,54.385649648824966,Bronze,10.3,North,Digital Wallet,True,159.66
T003041,2025-01-30,Electronics,246.49,2,55.64153353013418,Gold,7.1,South,PayPal,False,457.98
T003042,2025-01-21,Clothing,53.49,1,52.21605332051905,Bronze,5.5,North,Credit Card,False,50.55
T003043,2025-06-05,Sports,64.84,3,27.63457864972356,Bronze,10.0,West,Credit Card,False,175.07
T003044,2025-06-10,Home & Kitchen,88.41,1,43.74764510804089,Silver,1.1,South,PayPal,False,87.44
T003045,2025-06-12,Home & Kitchen,79.95,7,55.314567532427624,Platinum,5.7,South,Credit Card,False,527.75
T003046,2025-06-29,Clothing,47.01,5,18.0,Bronze,9.7,North,PayPal,True,212.25
T003047,2025-02-03,Home & Kitchen,76.11,4,61.50862660166206,Bronze,2.3,East,Credit Card,False,297.44
T003048,2025-02-10,Electronics,267.85,4,26.949251896375713,Bronze,4.2,West,Credit Card,True,1026.4
T003049,2025-02-20,Sports,57.54,7,31.32316201741845,Silver,,North,Digital Wallet,True,
T003050,2025-06-24,Electronics,273.86,1,51.193392055344944,Bronze,2.5,East,Cash,False,267.01
T003051,2025-03-23,Home & Kitchen,101.0,3,65.38984207114915,Platinum,4.0,East,Credit Card,False,290.88
T003052,2025-02-27,Clothing,30.76,5,30.791094532979606,Silver,9.8,East,Credit Card,False,138.73
T003053,2025-03-16,Home & Kitchen,67.57,1,32.57396052223836,Silver,2.5,East,Cash,False,65.88
T003054,2025-01-23,Clothing,46.05,6,57.06169990340181,Gold,,West,Digital Wallet,False,
T003055,2025-06-25,Clothing,46.27,6,43.97319157896321,Bronze,7.7,West,PayPal,False,256.24
T003056,2025-05-08,Electronics,244.18,4,39.02237937161163,Bronze,6.1,East,Digital Wallet,False,917.14
T003057,2025-05-30,Home & Kitchen,77.86,3,44.51764107946268,Bronze,1.5,West,Credit Card,False,230.08
T003058,2025-01-17,Beauty,42.34,7,68.21398879412715,Platinum,4.9,West,Credit Card,False,281.86
T003059,2025-03-10,Sports,59.97,4,51.23898065282824,Silver,2.7,West,Digital Wallet,False,233.4
T003060,2025-04-18,Electronics,149.72,2,46.26351953695219,Gold,11.2,East,Credit Card,True,265.9
T003061,2025-05-19,Clothing,36.47,5,48.95773796599096,Platinum,14.5,East,Credit Card,True,155.91
T003062,2025-04-04,Beauty,38.21,6,46.98783299222554,Silver,10.8,West,Cash,True,204.5
T003063,2025-01-15,Clothing,32.61,7,52.96002208464216,Silver,5.8,East,Credit Card,False,215.03
T003064,2025-04-01,Home & Kitchen,77.11,2,34.34101687110597,Silver,8.2,West,Credit Card,True,141.57
T003065,2025-06-12,Beauty,35.68,6,41.18304641948812,Bronze,1.4,East,Digital Wallet,False,211.08
T003066,2025-02-02,Sports,53.02,5,41.761413772801035,Silver,2.8,West,Credit Card,False,257.68
T003067,2025-05-05,Clothing,53.46,2,30.88219719764345,Silver,5.1,West,PayPal,False,101.47
T003068,2025-01-16,Clothing,46.96,8,28.820894761179773,Bronze,9.0,South,PayPal,False,341.87
T003069,2025-06-11,Clothing,47.96,6,58.75724431825269,Gold,6.8,East,Digital Wallet,False,268.19
T003070,2025-03-07,Home & Kitchen,55.81,4,50.50514082926506,Silver,14.5,North,Credit Card,True,190.87
T003071,2025-06-17,Clothing,42.43,5,63.2249753174172,Bronze,9.3,East,PayPal,False,192.42
T003072,2025-06-05,Electronics,210.81,3,48.05612832816683,Gold,6.7,South,Credit Card,False,590.06
T003073,2025-02-16,Clothing,47.56,6,45.83697762253887,Gold,3.0,South,PayPal,False,276.8
T003074,2025-06-16,Electronics,346.62,2,39.55518434102056,Silver,4.2,North,Credit Card,False,664.12
T003075,2025-05-28,Home & Kitchen,89.27,5,54.099092535897825,Platinum,3.7,East,Digital Wallet,False,429.84
T003076,2025-05-04,Home & Kitchen,94.1,5,26.725417971932913,Gold,12.4,West,Credit Card,True,412.16
T003077,2025-01-01,Clothing,39.1,3,45.65522868351448,Gold,14.2,North,Credit Card,True,100.64
T003078,2025-03-28,Clothing,51.32,4,53.0953165096123,Bronze,7.9,North,Cash,False,189.06
T003079,2025-05-08,Beauty,21.45,8,40.98691506574969,Bronze,10.4,North,PayPal,True,153.75
T003080,2025-03-08,Electronics,239.45,7,47.29330218339702,Silver,4.2,West,Cash,True,1605.75
T003081,2025-01-04,Sports,63.97,5,61.01314707164564,Platinum,12.1,North,PayPal,True,281.15
T003082,2025-06-02,Beauty,30.54,4,39.242282946610906,Gold,6.2,East,Digital Wallet,False,114.59
T003083,2025-02-16,Clothing,52.2,2,47.03732675981858,Gold,11.6,West,Digital Wallet,True,92.29
T003084,2025-02-07,Home & Kitchen,106.02,2,54.27959632033962,Silver,12.1,West,Cash,True,186.38
T003085,2025-05-23,Beauty,33.21,7,38.17753329916893,Bronze,4.4,West,Credit Card,False,222.24
T003086,2025-01-21,Electronics,242.26,2,29.05292191935709,Bronze,5.8,West,Credit Card,False,456.42
T003087,2025-02-26,Clothing,39.06,6,50.7550847013607,Gold,9.8,North,PayPal,False,211.39
T003088,2025-04-27,Clothing,40.38,4,43.388402366988444,Platinum,10.2,South,Credit Card,True,145.04
T003089,2025-02-15,Clothing,43.99,8,41.681367865910325,Bronze,18.3,North,Digital Wallet,True,287.52
T003090,2025-05-22,Sports,62.43,5,44.03865316958726,Silver,2.3,South,PayPal,False,304.97
T003091,2025-05-25,Sports,66.36,8,27.8177580540923,Silver,7.8,East,PayPal,True,489.47
T003092,2025-02-08,Sports,45.27,5,39.001343160780806,Bronze,5.4,North,Credit Card,True,214.13
T003093,2025-05-17,Electronics,247.4,5,50.57443569122999,Platinum,9.1,North,PayPal,False,1124.43
T003094,2025-04-09,Electronics,152.97,5,41.96802512595929,Silver,1.7,East,Credit Card,False,751.85
T003095,2025-03-18,Home & Kitchen,64.47,2,35.807548744883896,Silver,14.4,North,Credit Card,True,110.37
T003096,2025-04-25,Electronics,261.7,3,33.127278037497206,Gold,13.5,West,Credit Card,True,679.11
T003097,2025-05-14,Home & Kitchen,94.25,5,45.261993412178754,Bronze,3.6,East,Credit Card,False,454.28
T003098,2025-05-31,Clothing,53.14,3,52.09625981791151,Gold,4.2,West,Credit Card,False,152.72
T003099,2025-04-01,Home & Kitchen,111.41,3,54.31195235460869,Silver,17.9,West,Cash,True,274.4
T003100,2025-04-08,Home & Kitchen,68.94,3,35.32751269199288,Bronze,12.0,East,Credit Card,True,182.0
T003101,2025-04-30,Clothing,39.21,6,61.49914591686721,Gold,3.8,East,PayPal,False,226.32
T003102,2025-02-15,Electronics,248.73,2,,Bronze,9.4,West,Credit Card,False,450.7
T003103,2025-02-07,Clothing,43.24,4,22.32297317461998,Silver,7.0,South,PayPal,False,160.85
T003104,2025-05-22,Clothing,52.13,2,43.426303583033345,Silver,9.2,North,PayPal,False,94.67
T003105,2025-04-10,Home & Kitchen,80.05,4,29.962026995294032,Silver,2.4,West,PayPal,False,312.52
T003106,2025-03-13,Sports,59.0,3,46.91161176805849,Gold,5.0,North,Digital Wallet,False,168.15
T003107,2025-02-04,Sports,55.18,6,45.33744826858832,Bronze,7.2,North,PayPal,False,307.24
T003108,2025-05-27,Beauty,29.55,7,23.72263106473092,Bronze,5.1,West,Credit Card,False,196.3
T003109,2025-01-30,Clothing,35.77,9,59.253048427653496,Silver,11.7,East,Credit Card,True,284.26
T003110,2025-03-19,Electronics,239.75,3,34.25896856031166,Silver,9.0,North,Credit Card,False,654.52
T003111,2025-03-25,Clothing,40.52,7,20.17702749084244,Gold,2.0,West,Credit Card,False,277.97
T003112,2025-04-23,Home & Kitchen,113.11,6,57.36933250054129,Bronze,7.5,West,Cash,False,627.76
T003113,2025-01-25,Clothing,61.55,5,49.32722232061724,Gold,9.4,South,Digital Wallet,False,278.82
T003114,2025-06-17,Sports,58.51,7,38.92774237234655,Bronze,2.3,West,PayPal,False,400.15
T003115,2025-03-29,Clothing,47.82,8,42.58094536570007,Silver,1.6,North,PayPal,False,376.44
T003116,2025-01-14,Beauty,29.91,6,40.60134328284958,Bronze,14.7,West,Digital Wallet,True,153.08
T003117,2025-06-03,Beauty,30.18,7,22.963985898913872,Bronze,3.2,South,Credit Card,False,204.5
T003118,2025-04-12,Electronics,269.1,4,25.220962508930047,Bronze,5.7,South,Credit Card,False,1015.05
T003119,2025-05-30,Clothing,54.84,4,53.42760740714887,Silver,6.6,South,Credit Card,True,204.88
T003120,2025-06-25,Home & Kitchen,40.08,5,46.95224733243154,Platinum,6.5,South,Digital Wallet,False,187.37
T003121,2025-03-24,Clothing,56.08,4,52.985314040549454,Bronze,1.1,East,Credit Card,False,221.85
T003122,2025-04-20,Clothing,44.68,6,56.4919205812689,Silver,2.1,West,Digital Wallet,False,262.45
T003123,2025-06-28,Home & Kitchen,98.34,4,18.0,Platinum,18.6,North,Cash,True,320.2
T003124,2025-05-11,Electronics,175.09,5,37.10759789481126,Silver,14.0,East,PayPal,True,752.89
T003125,2025-06-19,Home & Kitchen,57.59,5,28.13897625842244,Bronze,7.0,North,Credit Card,False,267.79
T003126,2025-01-19,Home & Kitchen,79.04,3,40.4641867064263,Silver,2.4,North,PayPal,False,231.43
T003127,2025-01-28,Electronics,196.78,3,19.768040735947377,Bronze,13.7,West,PayPal,True,509.46
T003128,2025-06-22,Clothing,48.82,6,49.16862838121166,Gold,6.9,South,PayPal,False,272.71
T003129,2025-03-12,Clothing,49.3,5,49.92403151116214,Bronze,14.3,East,Digital Wallet,True,211.25
T003130,2025-03-04,Home & Kitchen,64.34,3,69.28512651012483,Platinum,0.6,West,Credit Card,False,191.86
T003131,2025-03-14,Electronics,366.94,1,40.79787594797232,Bronze,14.2,South,Credit Card,True,314.83
T003132,2025-05-04,Sports,68.52,5,50.12731719040657,Gold,5.7,North,Cash,False,323.07
T003133,2025-04-29,Clothing,39.03,4,53.643738102473854,Gold,11.6,North,PayPal,True,138.01
T003134,2025-05-01,Electronics,173.27,4,62.62656527901475,Gold,23.1,East,Credit Card,True,532.98
T003135,2025-01-19,Clothing,41.18,5,28.4238866110414,Bronze,4.1,West,Digital Wallet,False,197.46
T003136,2025-06-24,Clothing,49.28,6,52.742892927571496,Platinum,0.5,North,Digital Wallet,False,294.2
T003137,2025-05-22,Clothing,42.39,6,46.77046270363502,Silver,13.6,South,PayPal,True,219.75
T003138,2025-04-30,Home & Kitchen,44.24,4,22.595266157005405,Bronze,3.2,East,PayPal,False,171.3
T003139,2025-06-15,Clothing,41.2,8,47.60889468257456,Gold,2.8,North,Credit Card,False,320.37
T003140,2025-03-02,Electronics,337.19,4,50.898965325837246,Bronze,10.5,North,PayPal,True,1207.14
T003141,2025-06-13,Electronics,267.34,5,21.75925079201836,Bronze,,North,Credit Card,False,
T003142,2025-06-17,Home & Kitchen,63.86,5,41.08548437027886,Bronze,8.5,North,Credit Card,False,292.16
T003143,2025-01-30,Home & Kitchen,56.23,3,42.941989678813805,Silver,0.1,South,Digital Wallet,False,168.52
T003144,2025-01-09,Clothing,30.12,6,42.57314859718267,Bronze,23.9,South,Cash,True,137.53
T003145,2025-03-05,Sports,43.16,4,49.49922058623144,Platinum,3.0,South,Cash,False,167.46
T003146,2025-06-10,Clothing,94.74,2,34.80451656432588,Silver,12.7,South,Cash,True,165.42
T003147,2025-04-30,Sports,42.28,4,28.863715967053515,Platinum,14.1,North,Digital Wallet,True,145.27
T003148,2025-02-21,Clothing,47.79,7,47.84973753993471,Gold,5.4,East,Credit Card,False,316.47
T003149,2025-03-30,Electronics,193.35,4,60.86409697164739,Bronze,3.8,East,Digital Wallet,False,744.01
T003150,2025-05-22,Beauty,31.95,8,59.98018646620143,Silver,7.3,North,Cash,False,236.94
T003151,2025-02-22,Clothing,58.14,3,70.0,Bronze,18.3,North,PayPal,True,142.5
T003152,2025-03-19,Sports,57.8,8,37.55425137878699,Gold,0.7,North,Credit Card,False,459.16
T003153,2025-02-10,Clothing,51.14,7,39.98564615548614,Silver,0.3,South,Credit Card,False,356.91
T003154,2025-03-09,Home & Kitchen,53.69,7,18.0,Bronze,0.0,South,Credit Card,False,375.83
T003155,2025-01-08,Sports,51.96,4,34.612571680158666,Platinum,8.3,North,Credit Card,False,190.59
T003156,2025-01-02,Electronics,251.37,4,23.03549267431387,Silver,3.4,North,Digital Wallet,False,971.29
T003157,2025-04-15,Sports,62.81,4,37.85697664558932,Silver,1.0,North,Credit Card,False,248.73
T003158,2025-05-05,Home & Kitchen,78.93,3,58.342609112781474,Silver,10.0,West,Cash,False,213.11
T003159,2025-04-20,Home & Kitchen,78.46,6,54.77796843326689,Silver,9.2,North,Credit Card,False,427.45
T003160,2025-03-27,Clothing,36.2,5,38.04521144135355,Silver,6.9,South,Credit Card,False,168.51
T003161,2025-06-18,Sports,59.05,5,35.1001057787285,Silver,4.2,North,Credit Card,True,282.85
T003162,2025-04-30,Electronics,376.77,1,32.251139348915835,Silver,5.1,East,PayPal,False,357.55
T003163,2025-05-07,Clothing,55.26,3,52.35225768378338,Platinum,4.2,South,Digital Wallet,False,158.82
T003164,2025-01-16,Sports,66.25,9,38.23630582587296,Bronze,4.9,South,Credit Card,False,567.03
T003165,2025-03-03,Sports,67.59,4,45.16728536622209,Bronze,12.0,West,Credit Card,True,237.92
T003166,2025-04-23,Electronics,256.05,3,50.03091357471203,Gold,6.5,East,PayPal,False,718.22
T003167,2025-06-25,Clothing,39.72,5,50.90090232078708,Gold,2.4,West,PayPal,False,193.83
T003168,2025-06-07,Clothing,45.87,4,18.0,Bronze,3.7,East,PayPal,False,176.69
T003169,2025-01-12,Clothing,33.48,6,48.72959037564742,Platinum,2.3,West,Credit Card,False,196.26
T003170,2025-02-04,Clothing,31.1,5,43.19180805036673,Silver,5.9,East,PayPal,False,146.33
T003171,2025-01-11,Home & Kitchen,71.66,3,20.36462134801885,Bronze,1.5,North,Credit Card,False,211.76
T003172,2025-03-05,Electronics,254.01,4,58.57890043820653,Silver,16.1,East,Credit Card,True,852.46
T003173,2025-02-19,Sports,43.32,8,44.37356350286131,Bronze,0.7,West,Credit Card,False,344.13
T003174,2025-05-29,Sports,49.48,4,23.41977186321161,Platinum,6.8,West,Credit Card,False,184.46
T003175,2025-03-10,Clothing,53.87,4,35.01079868171668,Silver,1.4,East,PayPal,False,212.46
T003176,2025-02-17,Clothing,59.16,5,39.47477385235443,Gold,1.8,West,PayPal,False,290.48
T003177,2025-01-20,Clothing,32.1,7,70.0,Silver,5.0,East,Credit Card,False,213.46
T003178,2025-04-11,Clothing,41.55,8,31.511751911693025,Bronze,6.7,West,PayPal,True,310.13
T003179,2025-06-21,Home & Kitchen,104.72,6,33.73334870700664,Bronze,10.8,East,Digital Wallet,True,560.46
T003180,2025-06-10,Clothing,54.92,1,44.15915872850613,Bronze,2.3,North,PayPal,False,53.66
T003181,2025-05-17,Home & Kitchen,95.77,5,67.69264241671326,Gold,3.2,North,Credit Card,False,463.53
T003182,2025-03-09,Clothing,43.95,6,39.216756072372526,Bronze,6.3,East,Credit Card,False,247.09
T003183,2025-02-04,Clothing,48.02,5,36.63913261995479,Bronze,6.2,West,Digital Wallet,False,225.21
T003184,2025-03-06,Electronics,288.65,4,44.15925706492121,Bronze,5.5,West,PayPal,False,1091.1
T003185,2025-01-08,Electronics,349.98,5,38.040987687583865,Silver,14.1,North,Credit Card,True,1503.16
T003186,2025-02-14,Electronics,217.13,6,37.865700055662714,Platinum,5.0,North,PayPal,False,1237.64
T003187,2025-03-28,Clothing,45.74,8,53.54884904857367,Silver,10.1,North,Digital Wallet,True,328.96
T003188,2025-06-24,Sports,53.61,3,36.03461469000738,Bronze,5.1,West,Cash,False,152.63
T003189,2025-06-17,Sports,52.22,5,37.78689698092208,Silver,5.9,East,Credit Card,False,245.7
T003190,2025-03-17,Clothing,51.11,2,54.00229676527183,Gold,1.0,East,Credit Card,False,101.2
T003191,2025-03-17,Electronics,283.14,7,24.85140890171308,Bronze,11.9,North,Digital Wallet,True,1746.12
T003192,2025-06-23,Electronics,254.66,6,37.836792982595625,Bronze,10.4,North,Credit Card,True,1369.05
T003193,2025-02-16,Clothing,57.55,5,22.02732029261713,Gold,7.7,West,Digital Wallet,False,265.59
T003194,2025-01-15,Clothing,51.89,2,36.01382524887798,Platinum,9.0,West,Credit Card,False,94.44
T003195,2025-04-15,Clothing,54.63,3,37.7914621572691,Silver,12.6,North,Digital Wallet,True,143.24
T003196,2025-05-27,Electronics,217.57,4,37.99373127685841,Silver,7.9,West,PayPal,False,801.53
T003197,2025-01-26,Electronics,256.57,6,37.31689878890216,Bronze,9.6,South,Digital Wallet,False,1391.64
T003198,2025-02-21,Electronics,301.4,2,45.369981320202704,Bronze,0.6,West,Credit Card,False,599.18
T003199,2025-04-03,Electronics,198.39,1,28.585383678251493,Bronze,9.8,North,PayPal,False,178.95
T003200,2025-05-30,Home & Kitchen,91.29,3,46.68112396660201,Bronze,4.4,South,PayPal,False,261.82
T003201,2025-01-21,Electronics,197.38,3,35.92627340995299,Gold,8.0,West,Credit Card,False,544.77
T003202,2025-02-20,Clothing,52.28,5,51.09820240455548,Platinum,11.1,North,Credit Card,True,232.38
T003203,2025-02-07,Home & Kitchen,73.0,2,41.25199223455187,Platinum,9.6,North,Digital Wallet,False,131.98
T003204,2025-01-20,Sports,59.8,2,34.8970239041689,Silver,1.3,North,Credit Card,False,118.05
T003205,2025-06-06,Sports,49.12,6,26.275079328265143,Silver,7.1,West,PayPal,False,273.79
T003206,2025-06-28,Home & Kitchen,65.24,6,45.557663197224585,Silver,18.8,East,Credit Card,True,317.85
T003207,2025-05-12,Electronics,314.64,3,39.693226906776474,Gold,6.0,North,Credit Card,False,887.28
T003208,2025-02-24,Home & Kitchen,60.4,2,,Gold,1.0,East,PayPal,False,119.59
T003209,2025-04-02,Sports,45.85,6,60.4622808079549,Bronze,15.3,East,Credit Card,True,233.01
T003210,2025-01-28,Electronics,324.39,4,36.165198230623005,Silver,7.4,South,Cash,False,1201.54
T003211,2025-01-04,Clothing,40.05,4,18.0,Bronze,3.5,East,PayPal,False,154.59
T003212,2025-05-30,Sports,41.86,6,52.63841559640939,Gold,0.8,North,Cash,False,249.15
T003213,2025-03-17,Clothing,47.14,4,35.61439957502199,Silver,12.9,South,Credit Card,True,164.24
T003214,2025-06-22,Electronics,236.09,5,37.7995280590567,Silver,15.2,North,PayPal,True,1001.02
T003215,2025-03-08,Electronics,215.81,3,56.33641855078393,Bronze,9.1,West,Credit Card,False,588.51
T003216,2025-03-27,Clothing,50.04,2,46.16808369457227,Bronze,4.9,West,Credit Card,False,95.18
T003217,2025-06-11,Electronics,167.72,4,52.17547458903069,Silver,8.0,North,Credit Card,False,617.21
T003218,2025-04-01,Home & Kitchen,79.81,4,54.76003337805056,Silver,0.3,East,Credit Card,False,318.28
T003219,2025-04-15,Home & Kitchen,56.98,6,39.98040970077057,Bronze,5.4,West,Digital Wallet,True,323.42
T003220,2025-01-01,Electronics,312.35,4,50.21083441567303,Platinum,10.1,South,Digital Wallet,True,1123.21
T003221,2025-03-13,Sports,80.42,3,43.265628739314884,Gold,4.9,West,Credit Card,False,229.44
T003222,2025-03-28,Clothing,37.53,5,48.473123545627686,Bronze,8.3,South,Cash,False,172.08
T003223,2025-06-15,Electronics,262.26,3,43.86831985448943,Bronze,9.4,West,Digital Wallet,False,712.82
T003224,2025-01-06,Sports,35.44,4,58.32912162860629,Gold,6.8,West,Credit Card,False,132.12
T003225,2025-06-02,Sports,38.46,4,26.625519920419524,Platinum,1.1,East,Digital Wallet,False,152.15
T003226,2025-05-25,Home & Kitchen,71.25,5,36.79333379581443,Silver,5.2,East,Digital Wallet,False,337.72
T003227,2025-03-02,Sports,51.17,7,40.932162820488074,Silver,6.0,North,Cash,False,336.7
T003228,2025-01-12,Home & Kitchen,69.29,3,43.44882052920686,Bronze,2.0,South,Digital Wallet,True,203.71
T003229,2025-01-06,Sports,53.28,3,26.608562621709503,Silver,3.7,South,Credit Card,False,153.93
T003230,2025-01-27,Clothing,50.7,4,33.076478511102174,Silver,2.8,North,Digital Wallet,False,197.12
T003231,2025-05-16,Home & Kitchen,80.09,3,42.44334076838139,Bronze,4.1,East,Digital Wallet,False,230.42
T003232,2025-05-04,Beauty,32.78,7,35.47468244898889,Silver,3.1,East,Credit Card,False,222.35
T003233,2025-04-16,Home & Kitchen,60.23,3,21.418411456481266,Bronze,2.4,West,Credit Card,False,176.35
T003234,2025-04-03,Electronics,242.37,2,37.62439193446719,Gold,3.7,North,Credit Card,False,466.8
T003235,2025-04-19,Clothing,60.77,2,27.43851849959489,Silver,0.3,South,Credit Card,False,121.18
T003236,2025-04-09,Home & Kitchen,67.57,4,49.21152132721186,Silver,2.6,East,Digital Wallet,True,263.25
T003237,2025-06-17,Electronics,260.03,3,45.535540528475345,Bronze,2.6,West,Cash,False,759.81
T003238,2025-05-22,Beauty,31.56,7,52.808737059863645,Bronze,3.7,North,Credit Card,False,212.75
T003239,2025-02-04,Electronics,203.71,4,44.50070535194243,Gold,0.9,North,PayPal,False,807.51
T003240,2025-06-25,Electronics,184.43,5,29.116538590828213,Bronze,7.7,East,Credit Card,False,851.14
T003241,2025-03-25,Beauty,29.48,6,18.0,Bronze,9.0,North,Digital Wallet,False,160.96
T003242,2025-02-25,Clothing,44.15,5,55.71686762532697,Gold,10.4,East,Digital Wallet,True,197.79
T003243,2025-06-26,Electronics,230.95,4,36.88264617217025,Platinum,11.1,West,Digital Wallet,True,821.26
T003244,2025-05-21,Home & Kitchen,120.96,3,18.0,Bronze,3.3,North,PayPal,False,350.9
T003245,2025-02-18,Home & Kitchen,63.73,3,60.80977416608839,Gold,21.4,North,Digital Wallet,True,150.28
T003246,2025-02-15,Electronics,240.2,5,48.92666575235793,Silver,7.8,East,Cash,False,1107.32
T003247,2025-04-23,Beauty,38.4,4,60.63832001186705,Bronze,0.9,West,PayPal,False,152.22
T003248,2025-05-16,Clothing,31.95,5,47.129323370226004,Gold,1.4,South,Cash,False,157.51
T003249,2025-02-12,Home & Kitchen,82.45,5,49.976072135450025,Gold,5.2,West,Credit Card,False,390.81
T003250,2025-05-28,Clothing,40.12,5,35.89803394929844,Bronze,0.3,South,Cash,True,200.0
T003251,2025-05-04,Home & Kitchen,79.22,1,50.53906093088,Gold,,South,PayPal,False,
T003252,2025-04-07,Clothing,50.28,4,65.23197178664267,Bronze,11.7,North,Digital Wallet,True,177.59
T003253,2025-03-31,Clothing,29.17,6,51.9582652870274,Gold,5.3,North,Digital Wallet,False,165.74
T003254,2025-02-08,Clothing,52.8,2,37.72463706613237,Silver,2.5,East,Credit Card,False,102.96
T003255,2025-03-26,Sports,57.81,8,26.277370944369437,Silver,5.5,North,Credit Card,True,437.04
T003256,2025-06-26,Electronics,207.81,7,55.73606269754583,Bronze,3.1,South,Credit Card,False,1409.58
T003257,2025-03-03,Home & Kitchen,69.14,7,42.70289879501263,Silver,4.5,East,Credit Card,False,462.2
T003258,2025-04-16,Sports,36.9,7,43.227167745651315,Bronze,9.0,North,Credit Card,False,235.05
T003259,2025-04-17,Electronics,248.44,7,18.247468606550054,Silver,13.0,West,Digital Wallet,True,1513.0
T003260,2025-02-23,Electronics,246.68,6,18.0,Bronze,8.4,South,Credit Card,False,1355.75
T003261,2025-05-06,Clothing,41.4,6,43.02505930074805,Gold,8.3,South,Digital Wallet,False,227.78
T003262,2025-01-09,Home & Kitchen,70.4,2,31.209673935534976,Gold,6.5,North,PayPal,False,131.65
T003263,2025-03-29,Electronics,337.5,6,44.51251527190792,Bronze,11.1,North,Digital Wallet,True,1800.22
T003264,2025-02-06,Clothing,50.09,5,53.440536289865804,Gold,5.4,North,Digital Wallet,False,236.93
T003265,2025-02-18,Home & Kitchen,67.78,2,35.19576673611474,Silver,2.8,South,Digital Wallet,False,131.76
T003266,2025-02-10,Home & Kitchen,74.87,5,44.80371143693228,Gold,24.3,East,Credit Card,True,283.38
T003267,2025-01-17,Clothing,41.15,4,40.59664050377577,Silver,7.8,West,Credit Card,False,151.76
T003268,2025-03-29,Clothing,38.65,6,70.0,Silver,2.2,East,Digital Wallet,False,226.8
T003269,2025-01-21,Sports,57.47,6,35.66530541119612,Bronze,16.5,East,Credit Card,True,287.92
T003270,2025-02-20,Beauty,32.6,5,33.62556380010204,Platinum,0.6,North,Credit Card,False,162.02
T003271,2025-02-28,Sports,51.69,8,36.54021220898257,Gold,9.0,West,Credit Card,False,376.3
T003272,2025-06-16,Home & Kitchen,56.44,6,55.9727859670942,Gold,11.9,West,PayPal,True,298.34
T003273,2025-02-10,Clothing,52.75,3,36.054630682388705,Bronze,6.8,East,PayPal,False,147.49
T003274,2025-02-08,Clothing,30.34,5,50.883079739938715,Gold,7.1,South,PayPal,False,140.93
T003275,2025-05-21,Electronics,229.93,7,42.42292345358272,Silver,13.5,North,Credit Card,True,1392.23
T003276,2025-01-11,Electronics,245.13,2,42.746904383841965,Bronze,4.2,West,Credit Card,False,469.67
T003277,2025-05-27,Home & Kitchen,63.78,2,61.205455442141165,Platinum,3.1,East,Digital Wallet,False,123.61
T003278,2025-05-19,Clothing,34.34,5,20.32740073217492,Bronze,2.9,North,Credit Card,False,166.72
T003279,2025-03-18,Clothing,41.32,5,43.59540706467381,Silver,12.1,East,Credit Card,True,181.6
T003280,2025-05-07,Beauty,35.82,5,50.36767628706379,Silver,5.8,East,Credit Card,False,168.71
T003281,2025-02-15,Electronics,271.74,2,46.72342588104266,Gold,7.0,South,Credit Card,False,505.44
T003282,2025-02-14,Electronics,329.34,3,24.40678193079669,Bronze,3.3,South,PayPal,False,955.42
T003283,2025-01-01,Electronics,259.18,3,28.325799438509648,Bronze,3.7,East,Digital Wallet,True,748.77
T003284,2025-06-17,Home & Kitchen,109.1,3,45.33891497630887,Silver,11.2,West,Digital Wallet,True,290.64
T003285,2025-04-18,Home & Kitchen,101.14,9,18.0,Bronze,16.2,West,Credit Card,True,762.8
T003286,2025-01-19,Clothing,45.45,5,35.645231966852364,Gold,6.7,West,Credit Card,False,212.02
T003287,2025-03-17,Clothing,54.18,5,27.236893665105963,Platinum,3.0,North,PayPal,False,262.77
T003288,2025-03-13,Sports,76.53,4,44.31203587376499,Silver,2.0,North,Digital Wallet,True,300.0
T003289,2025-04-19,Sports,63.17,7,40.1136960278683,Bronze,3.0,East,Credit Card,False,428.92
T003290,2025-01-12,Beauty,24.57,5,46.54840024772007,Silver,5.3,East,Credit Card,False,116.34
T003291,2025-06-10,Sports,48.12,4,31.593685658516293,Silver,4.9,South,PayPal,False,183.05
T003292,2025-02-14,Home & Kitchen,96.84,3,45.18521107169686,Gold,3.1,West,Credit Card,False,281.51
T003293,2025-03-31,Electronics,189.92,4,42.044475563693524,Bronze,2.6,West,Credit Card,False,739.93
T003294,2025-04-13,Electronics,300.08,6,31.694793099032346,Gold,18.9,South,Credit Card,True,1460.19
T003295,2025-01-08,Electronics,281.61,4,55.13789136153026,Silver,4.8,East,Credit Card,False,1072.37
T003296,2025-06-02,Home & Kitchen,71.96,6,50.39092514564924,Gold,2.6,South,Credit Card,False,420.53
T003297,2025-04-01,Sports,279.65,2,34.3440919961593,Silver,2.0,North,Digital Wallet,False,548.11
T003298,2025-06-23,Clothing,27.7,7,32.547789175600194,Silver,9.3,North,PayPal,False,175.87
T003299,2025-03-28,Electronics,199.9,3,53.14431216490341,Silver,6.9,North,Credit Card,False,558.32
T003300,2025-06-07,Clothing,49.09,6,22.655920235472294,Bronze,1.8,West,Credit Card,False,289.24
T003301,2025-06-24,Beauty,36.23,6,26.48856281025976,Bronze,1.9,South,Credit Card,False,213.25
T003302,2025-06-26,Home & Kitchen,76.81,3,47.76078676816069,Gold,2.6,West,PayPal,True,224.44
T003303,2025-06-24,Sports,54.13,4,63.78043353769991,Gold,12.3,West,Credit Card,True,189.89
T003304,2025-03-25,Sports,58.66,4,34.74755074481653,Silver,9.7,East,Digital Wallet,False,211.88
T003305,2025-03-23,Beauty,31.22,6,36.12325435053458,Silver,2.0,West,Credit Card,True,183.57
T003306,2025-05-26,Sports,42.35,11,39.36452627103431,Silver,5.1,North,Cash,False,442.09
T003307,2025-03-09,Home & Kitchen,62.89,7,36.31751580285991,Bronze,5.9,North,Credit Card,False,414.26
T003308,2025-06-10,Electronics,292.73,2,36.87098313458378,Bronze,1.9,West,Digital Wallet,False,574.34
T003309,2025-05-07,Electronics,220.43,4,34.64310454015306,Silver,7.1,West,Credit Card,False,819.12
T003310,2025-06-13,Clothing,55.0,4,44.249825072921034,Bronze,4.7,South,Credit Card,False,209.66
T003311,2025-03-23,Electronics,304.92,3,50.3253061872493,Silver,5.9,North,Credit Card,True,860.79
T003312,2025-05-27,Beauty,27.14,5,43.897710402942245,Silver,10.1,West,Credit Card,True,121.99
T003313,2025-06-05,Clothing,44.38,5,40.052141001409346,Bronze,1.7,South,Credit Card,False,218.13
T003314,2025-06-17,Sports,60.43,9,34.70852012317994,Bronze,2.7,East,PayPal,False,529.19
T003315,2025-03-25,Clothing,44.48,6,27.88826843385392,Platinum,2.4,North,PayPal,False,260.47
T003316,2025-04-23,Clothing,45.93,5,26.41515068026424,Gold,4.4,East,Credit Card,False,219.55
T003317,2025-03-17,Beauty,35.38,8,24.021240561977447,Bronze,2.5,East,Digital Wallet,False,275.96
T003318,2025-05-02,Clothing,47.55,6,49.58091287072106,Silver,4.2,North,Credit Card,False,273.32
T003319,2025-05-23,Clothing,35.26,6,35.012371180506904,Bronze,6.4,North,PayPal,False,198.02
T003320,2025-02-10,Electronics,340.07,4,46.76427981600728,Bronze,4.7,South,Digital Wallet,False,1296.35
T003321,2025-06-16,Home & Kitchen,68.05,2,33.43139622602314,Gold,5.7,North,Digital Wallet,False,128.34
T003322,2025-01-02,Clothing,41.02,5,41.121284583664725,Gold,2.2,West,Credit Card,False,200.59
T003323,2025-01-29,Home & Kitchen,88.38,3,37.93429877766653,Silver,6.8,North,PayPal,False,247.11
T003324,2025-04-15,Home & Kitchen,82.09,7,60.88145531137785,Silver,6.3,East,Credit Card,False,538.43
T003325,2025-02-20,Home & Kitchen,48.36,6,,Silver,2.4,South,Credit Card,True,283.2
T003326,2025-03-16,Home & Kitchen,87.63,2,52.10624541845083,Gold,6.0,West,PayPal,False,164.74
T003327,2025-01-10,Clothing,38.05,5,25.237337189784355,Platinum,3.8,North,PayPal,False,183.02
T003328,2025-05-22,Clothing,40.76,5,58.24679755134742,Gold,8.9,West,Credit Card,True,185.66
T003329,2025-02-20,Sports,44.18,5,51.95184233550205,Silver,4.6,West,Credit Card,False,210.74
T003330,2025-04-28,Clothing,46.59,5,34.94847921191317,Bronze,18.0,West,Credit Card,True,191.02
T003331,2025-05-01,Clothing,37.76,9,34.76438591500753,Bronze,12.0,North,PayPal,True,299.06
T003332,2025-02-08,Clothing,61.78,4,56.309073542716426,Silver,17.7,North,PayPal,True,203.38
T003333,2025-01-28,Sports,65.45,4,53.16968245985351,Bronze,1.8,North,Cash,False,257.09
T003334,2025-01-03,Clothing,54.55,6,39.167933388857215,Silver,4.7,South,Credit Card,False,311.92
T003335,2025-03-25,Clothing,40.99,5,31.683129243069054,Bronze,11.0,East,Digital Wallet,True,182.41
T003336,2025-06-04,Home & Kitchen,113.51,3,54.910696200494115,Platinum,14.5,North,PayPal,True,291.15
T003337,2025-04-27,Home & Kitchen,78.72,2,36.33783332359661,Silver,10.0,East,PayPal,True,141.7
T003338,2025-01-02,Electronics,256.85,5,46.026550069601306,Gold,,North,Credit Card,False,
T003339,2025-04-03,Clothing,43.54,5,35.161729174131416,Bronze,2.2,East,Credit Card,False,212.91
T003340,2025-06-15,Home & Kitchen,83.86,3,39.363968776992515,Gold,4.5,West,Credit Card,False,240.26
T003341,2025-05-11,Beauty,40.69,5,64.85100044411953,Silver,4.9,South,PayPal,False,193.48
T003342,2025-05-24,Home & Kitchen,84.82,2,41.0810770657577,Bronze,7.6,South,Cash,False,156.75
T003343,2025-04-04,Clothing,33.17,8,59.26204466079672,Silver,2.6,East,PayPal,False,258.46
T003344,2025-02-09,Electronics,297.66,6,23.734739625826442,Bronze,2.0,West,Credit Card,False,1750.24
T003345,2025-01-02,Sports,58.67,2,21.200488082848153,Bronze,9.5,West,Digital Wallet,False,106.19
T003346,2025-03-22,Sports,47.33,3,48.9958450398173,Silver,6.3,East,Credit Card,False,133.04
T003347,2025-06-18,Electronics,274.29,2,32.76905585116386,Silver,1.5,West,Credit Card,False,540.35
T003348,2025-01-12,Electronics,4436.383960936703,1,41.71680927648934,Gold,6.4,North,Credit Card,True,4152.46
T003349,2025-06-12,Home & Kitchen,75.72,2,18.0,Gold,12.3,North,Credit Card,True,132.81
T003350,2025-03-06,Clothing,44.73,5,18.0,Silver,3.6,West,Credit Card,False,215.6
T003351,2025-02-24,Clothing,49.64,6,42.171122322488735,Gold,10.3,South,PayPal,True,267.16
T003352,2025-02-14,Electronics,251.96,3,36.18687786997145,Bronze,1.9,North,Credit Card,False,741.52
T003353,2025-04-11,Clothing,46.81,6,37.97857585240202,Bronze,10.2,South,Credit Card,True,252.21
T003354,2025-03-03,Clothing,48.76,6,62.01906986839697,Silver,1.8,East,PayPal,False,287.29
T003355,2025-02-18,Home & Kitchen,78.42,3,47.71441440206525,Bronze,2.4,South,Cash,False,229.61
T003356,2025-05-07,Clothing,39.15,6,67.73798306102847,Gold,1.1,North,PayPal,False,232.32
T003357,2025-06-02,Clothing,32.84,7,42.909364249837594,Gold,2.5,North,Credit Card,False,224.13
T003358,2025-01-23,Clothing,247.11,5,,Silver,4.8,West,PayPal,True,1176.24
T003359,2025-06-01,Clothing,33.64,4,53.80094221655613,Silver,1.1,West,Credit Card,False,133.08
T003360,2025-02-07,Electronics,281.87,4,35.93357218735935,Bronze,11.2,North,Credit Card,True,1001.2
T003361,2025-01-28,Clothing,28.25,8,39.92723872671295,Silver,10.7,South,Credit Card,True,201.82
T003362,2025-01-21,Home & Kitchen,85.77,10,37.7433190513717,Bronze,13.9,West,PayPal,True,738.48
T003363,2025-04-17,Electronics,265.58,4,54.89268382426741,Silver,0.4,North,PayPal,False,1058.07
T003364,2025-05-26,Electronics,311.6,5,45.31289888488775,Bronze,3.6,East,Credit Card,False,1501.91
T003365,2025-06-13,Electronics,242.14,5,30.96540465728591,Gold,4.5,North,Credit Card,False,1156.22
T003366,2025-04-09,Clothing,33.12,7,26.55045086303668,Bronze,8.4,West,Credit Card,False,212.37
T003367,2025-06-22,Sports,58.83,2,26.962646451329885,Bronze,2.0,East,Credit Card,False,115.31
T003368,2025-04-29,Electronics,285.89,3,31.252204915830394,Platinum,6.1,West,Cash,False,805.35
T003369,2025-03-14,Beauty,36.66,4,30.618789896183316,Silver,0.5,South,Credit Card,False,145.91
T003370,2025-05-02,Electronics,230.38,6,27.516415875399648,Silver,6.4,North,Digital Wallet,False,1293.81
T003371,2025-01-30,Sports,62.32,4,55.45938051951131,Platinum,4.1,South,Cash,False,239.06
T003372,2025-04-18,Clothing,47.64,4,23.634543870606812,Bronze,2.4,West,Credit Card,False,185.99
T003373,2025-04-08,Home & Kitchen,73.45,4,46.86383189453406,Bronze,9.9,North,Digital Wallet,False,264.71
T003374,2025-02-01,Clothing,36.45,6,69.36258720301012,Silver,2.9,North,PayPal,False,212.36
T003375,2025-06-05,Clothing,39.7,7,43.044695080833954,Silver,3.6,West,Digital Wallet,False,267.9
T003376,2025-06-21,Sports,51.04,5,43.08359018660461,Bronze,12.4,East,Credit Card,True,223.56
T003377,2025-03-20,Sports,38.92,5,44.734689950243336,Silver,2.5,South,PayPal,False,189.74
T003378,2025-02-10,Clothing,51.14,1,24.27931775026503,Silver,0.8,South,Digital Wallet,False,50.73
T003379,2025-03-04,Electronics,304.86,6,47.19984777170684,Bronze,5.4,North,PayPal,False,1730.39
T003380,2025-01-23,Electronics,362.82,3,,Bronze,2.4,West,Digital Wallet,False,1062.34
T003381,2025-04-14,Sports,44.44,3,41.51147891464012,Silver,3.9,South,Digital Wallet,False,128.12
T003382,2025-03-16,Clothing,47.36,6,21.72882367587966,Bronze,19.6,South,Cash,True,228.46
T003383,2025-02-17,Clothing,53.06,1,64.72052289596965,Silver,17.0,South,Credit Card,True,44.04
T003384,2025-06-09,Home & Kitchen,104.22,3,44.848315759141485,Silver,3.2,North,Digital Wallet,False,302.65
T003385,2025-02-26,Sports,34.06,7,27.32874158067598,Gold,13.6,North,Cash,True,205.99
T003386,2025-04-28,Home & Kitchen,66.98,3,29.943198780073548,Bronze,3.4,East,Credit Card,False,194.11
T003387,2025-04-10,Sports,62.92,8,32.67176181088934,Silver,0.9,West,Credit Card,False,498.83
T003388,2025-05-04,Sports,54.49,1,61.0520193840828,Silver,18.7,West,Digital Wallet,True,44.3
T003389,2025-06-10,Clothing,30.5,4,40.51396856463201,Bronze,7.5,East,Cash,False,112.85
T003390,2025-06-01,Clothing,54.45,3,40.518245992153446,Bronze,9.9,East,Credit Card,False,147.18
T003391,2025-06-16,Sports,60.64,2,35.641679771770505,Bronze,15.0,East,PayPal,True,103.09
T003392,2025-02-03,Clothing,37.5,4,54.30581491447927,Platinum,0.1,West,Digital Wallet,False,149.85
T003393,2025-06-05,Beauty,31.05,6,54.93494512819001,Silver,6.9,South,PayPal,False,173.45
T003394,2025-06-14,Electronics,226.59,3,23.84128777270843,Gold,9.7,North,Credit Card,False,613.83
T003395,2025-01-07,Electronics,194.86,4,40.79356765065076,Gold,16.4,South,PayPal,True,651.61
T003396,2025-06-14,Beauty,27.49,4,39.41499714420913,Silver,7.7,West,Credit Card,False,101.49
T003397,2025-02-25,Home & Kitchen,53.62,4,30.553142109061163,Gold,8.2,West,PayPal,False,196.89
T003398,2025-03-06,Clothing,58.24,3,35.01773948560598,Gold,12.7,East,PayPal,True,152.53
T003399,2025-02-16,Sports,209.42,4,38.498887382940495,Gold,2.0,North,Credit Card,False,820.93
T003400,2025-05-28,Home & Kitchen,63.91,3,29.905576755883065,Bronze,8.5,East,Cash,False,175.43
T003401,2025-01-19,Clothing,37.57,10,45.50996493388069,Platinum,4.1,East,Credit Card,False,360.3
T003402,2025-06-06,Electronics,305.38,5,45.24863454652008,Gold,10.9,South,Credit Card,True,1360.47
T003403,2025-05-26,Sports,66.85,8,48.212539597458246,Bronze,5.2,North,Credit Card,False,506.99
T003404,2025-06-12,Sports,73.17,3,36.38520983882029,Silver,1.8,East,Digital Wallet,False,215.56
T003405,2025-06-20,Electronics,214.96,2,18.0,Bronze,12.3,South,PayPal,True,377.04
T003406,2025-05-06,Sports,56.14,5,33.433480470324156,Silver,8.9,North,Digital Wallet,False,255.72
T003407,2025-05-19,Sports,64.18,3,29.37761651519625,Bronze,10.7,South,Credit Card,True,171.94
T003408,2025-02-18,Clothing,27.74,8,39.96593730312934,Silver,13.1,West,Credit Card,True,192.85
T003409,2025-04-23,Home & Kitchen,74.79,3,48.871163194477894,Bronze,5.1,South,Credit Card,False,212.93
T003410,2025-02-07,Clothing,46.7,5,64.67942358027577,Gold,11.5,South,Cash,True,206.65
T003411,2025-03-05,Clothing,64.24,2,31.12911801841053,Silver,12.0,East,PayPal,True,113.06
T003412,2025-03-10,Home & Kitchen,95.21,2,43.53322080464986,Gold,9.3,North,Credit Card,False,172.71
T003413,2025-05-16,Sports,63.18,6,44.09631821136876,Silver,6.4,North,Cash,True,354.82
T003414,2025-06-11,Home & Kitchen,106.97,3,59.282756330787926,Bronze,3.0,East,Credit Card,False,311.28
T003415,2025-06-25,Clothing,38.44,6,44.63937058024697,Bronze,7.0,South,PayPal,True,214.5
T003416,2025-04-26,Electronics,270.75,3,37.63152827940927,Silver,4.2,East,Digital Wallet,False,778.14
T003417,2025-03-06,Electronics,213.31,5,41.48981141253875,Bronze,3.3,South,Credit Card,False,1031.35
T003418,2025-01-31,Clothing,51.64,4,46.17468436169076,Silver,4.7,North,Cash,False,196.85
T003419,2025-05-12,Electronics,290.03,6,50.86662766721848,Platinum,0.7,South,PayPal,True,1728.0
T003420,2025-04-23,Home & Kitchen,60.64,3,62.41962382723226,Bronze,3.0,North,Digital Wallet,False,176.46
T003421,2025-04-19,Clothing,92.8,3,61.195449428152855,Bronze,3.7,North,PayPal,False,268.1
T003422,2025-06-27,Sports,71.92,5,32.845581408666845,Silver,7.4,West,Credit Card,False,332.99
T003423,2025-03-10,Clothing,41.77,6,23.949925907966723,Silver,5.3,West,Credit Card,False,237.34
T003424,2025-06-07,Home & Kitchen,75.88,3,27.0127724724941,Bronze,3.0,South,Credit Card,False,220.81
T003425,2025-04-30,Clothing,48.6,6,44.88088111158039,Bronze,2.7,West,Credit Card,False,283.73
T003426,2025-03-29,Electronics,266.43,3,55.52215889768444,Silver,2.8,East,Credit Card,False,776.91
T003427,2025-03-08,Electronics,359.58,8,,Silver,0.7,North,Credit Card,False,2856.5
T003428,2025-03-16,Clothing,45.73,5,,Gold,0.2,East,Cash,False,228.19
T003429,2025-02-14,Sports,51.46,6,24.409032681573898,Platinum,3.4,West,Digital Wallet,False,298.26
T003430,2025-01-04,Electronics,249.86,3,61.027999382259225,Gold,15.7,West,Credit Card,True,631.9
T003431,2025-06-03,Home & Kitchen,70.22,3,36.17890815274947,Silver,10.6,West,Digital Wallet,True,188.33
T003432,2025-06-04,Beauty,24.68,8,23.48497371864994,Bronze,6.1,West,Credit Card,False,185.4
T003433,2025-06-23,Sports,52.0,4,41.68664171358198,Platinum,10.5,East,Credit Card,True,186.16
T003434,2025-04-17,Electronics,322.85,6,42.04151345730699,Silver,9.9,South,Digital Wallet,True,1745.33
T003435,2025-02-20,Beauty,34.61,5,52.617826664772195,Gold,3.0,North,Digital Wallet,False,167.86
T003436,2025-02-19,Electronics,255.23,4,27.679821956316708,Bronze,5.8,North,PayPal,True,961.71
T003437,2025-01-06,Clothing,50.9,1,55.95659671057685,Silver,7.4,West,Digital Wallet,True,47.13
T003438,2025-02-28,Sports,51.33,4,57.80124018532596,Gold,2.9,West,Credit Card,False,199.37
T003439,2025-05-05,Home & Kitchen,58.68,4,43.1082952053814,Gold,6.6,West,Credit Card,False,219.23
T003440,2025-05-23,Clothing,60.47,5,49.274989515087185,Bronze,4.7,North,Digital Wallet,False,288.14
T003441,2025-01-30,Clothing,59.76,3,51.74665325220343,Gold,13.0,East,Credit Card,True,155.97
T003442,2025-06-19,Clothing,139.87,3,34.79753073851987,Bronze,14.5,East,Digital Wallet,True,358.77
T003443,2025-05-02,Clothing,45.75,6,25.342894459531568,Gold,8.4,South,Credit Card,False,251.44
T003444,2025-05-05,Clothing,63.9,8,34.93215831837833,Platinum,2.2,East,PayPal,False,499.95
T003445,2025-02-06,Beauty,33.28,6,20.911207337053213,Bronze,14.9,South,Digital Wallet,True,169.93
T003446,2025-06-19,Beauty,28.51,3,47.67281389084022,Silver,2.0,South,Digital Wallet,False,83.82
T003447,2025-05-04,Sports,55.84,5,61.1907254004105,Bronze,4.0,North,Digital Wallet,False,268.03
T003448,2025-04-11,Clothing,44.06,6,31.68321917643489,Bronze,10.4,West,Credit Card,True,236.87
T003449,2025-02-04,Home & Kitchen,100.75,6,36.45754074816326,Silver,5.6,West,PayPal,False,570.65
T003450,2025-03-28,Beauty,25.6,9,38.97497732418501,Silver,6.3,West,Digital Wallet,False,215.88
T003451,2025-05-14,Sports,51.94,4,66.75829179240522,Silver,5.8,West,Credit Card,False,195.71
T003452,2025-01-18,Clothing,160.78,4,36.54561818325852,Bronze,8.3,West,PayPal,False,589.74
T003453,2025-04-23,Electronics,277.34,4,55.42906647355285,Gold,6.5,North,Credit Card,False,1037.25
T003454,2025-01-29,Electronics,242.54,5,42.43366172172026,Platinum,5.3,East,Credit Card,False,1148.43
T003455,2025-03-18,Home & Kitchen,77.7,2,18.0,Bronze,5.3,South,Credit Card,False,147.16
T003456,2025-02-28,Home & Kitchen,83.65,5,35.98405418674883,Silver,1.7,North,Credit Card,False,411.14
T003457,2025-06-24,Sports,42.97,7,52.55178018726953,Bronze,1.9,North,PayPal,True,295.07
T003458,2025-05-06,Clothing,43.84,8,36.05164975183281,Silver,9.9,North,Digital Wallet,False,316.0
T003459,2025-05-25,Electronics,170.92,3,48.146743857184575,Bronze,9.5,South,PayPal,False,464.05
T003460,2025-04-19,Clothing,47.98,5,62.79484127488556,Bronze,1.3,North,Credit Card,False,236.78
T003461,2025-01-22,Clothing,35.59,5,48.213695617367236,Bronze,1.2,North,Credit Card,False,175.81
T003462,2025-03-09,Electronics,262.92,5,34.37651638655799,Silver,4.3,East,Digital Wallet,True,1258.07
T003463,2025-03-10,Home & Kitchen,77.11,2,50.53081627303146,Bronze,7.9,North,Credit Card,False,142.04
T003464,2025-06-14,Clothing,52.43,5,47.85194728649709,Bronze,7.0,East,PayPal,False,243.8
T003465,2025-02-18,Home & Kitchen,91.96,1,53.64823627188275,Bronze,1.2,North,Credit Card,False,90.86
T003466,2025-05-21,Clothing,41.39,10,40.88543621861518,Bronze,4.7,East,Digital Wallet,False,394.45
T003467,2025-06-11,Clothing,50.39,3,32.29370777752589,Silver,3.8,South,Credit Card,True,145.43
T003468,2025-04-19,Clothing,31.06,9,48.45387844343361,Silver,4.8,West,Credit Card,False,266.12
T003469,2025-03-27,Sports,63.91,1,48.83039585015974,Gold,7.5,West,Credit Card,False,59.12
T003470,2025-02-22,Electronics,172.54,3,35.62970205874146,Bronze,7.9,West,Digital Wallet,False,476.73
T003471,2025-05-03,Sports,59.17,6,23.486654265710648,Gold,3.3,North,Digital Wallet,False,343.3
T003472,2025-03-28,Clothing,46.13,6,36.51898574343955,Bronze,3.7,West,PayPal,False,266.54
T003473,2025-06-28,Sports,26.15,5,27.879743719403514,Bronze,2.3,South,Credit Card,False,127.74
T003474,2025-05-11,Sports,54.8,4,38.7715068943341,Platinum,12.9,North,Digital Wallet,True,190.92
T003475,2025-02-11,Clothing,55.78,3,51.33104914271246,Gold,5.1,West,Digital Wallet,False,158.81
T003476,2025-04-08,Home & Kitchen,82.06,5,,Bronze,3.7,North,Credit Card,False,395.12
T003477,2025-06-09,Electronics,241.64,3,45.72360323615783,Gold,10.4,West,PayPal,True,649.53
T003478,2025-04-19,Sports,68.57,4,46.94162156637022,Gold,5.6,East,Digital Wallet,False,258.92
T003479,2025-02-20,Clothing,45.93,5,30.90944279189526,Gold,12.0,North,PayPal,True,202.09
T003480,2025-03-26,Clothing,46.8,5,46.17788572367867,Bronze,4.5,East,PayPal,True,223.47
T003481,2025-06-23,Home & Kitchen,72.62,7,56.038590649649116,Platinum,12.5,North,Credit Card,True,444.8
T003482,2025-05-07,Sports,52.76,5,47.18795019380418,Silver,7.9,East,Cash,True,242.96
T003483,2025-01-21,Electronics,209.64,2,66.68631127895864,Gold,2.8,North,Digital Wallet,False,407.54
T003484,2025-02-13,Home & Kitchen,73.98,6,42.99859971119268,Bronze,4.8,West,PayPal,False,422.57
T003485,2025-05-19,Clothing,40.88,5,54.037243238417105,Silver,2.5,North,PayPal,False,199.29
T003486,2025-04-13,Clothing,36.0,4,66.39238874105712,Silver,3.8,East,Credit Card,False,138.53
T003487,2025-03-09,Home & Kitchen,80.77,2,48.09631461354556,Silver,6.2,East,Digital Wallet,False,151.52
T003488,2025-05-09,Clothing,67.15,2,63.037326174283415,Gold,12.5,East,Credit Card,True,117.51
T003489,2025-04-02,Clothing,47.0,3,47.47875950645491,Silver,3.2,North,Cash,False,136.49
T003490,2025-01-24,Sports,62.15,4,59.47964856718194,Gold,9.0,East,Credit Card,False,226.23
T003491,2025-05-05,Electronics,270.36,5,28.5875839436001,Silver,4.6,East,Credit Card,False,1289.62
T003492,2025-05-21,Home & Kitchen,71.93,5,42.736944406549966,Silver,0.7,East,PayPal,False,357.13
T003493,2025-04-21,Electronics,294.4,9,70.0,Silver,1.3,East,PayPal,True,2615.16
T003494,2025-04-08,Electronics,229.14,3,20.158399020650215,Bronze,2.8,South,Credit Card,False,668.17
T003495,2025-05-19,Electronics,317.21,2,32.759693753284786,Gold,7.4,North,Digital Wallet,False,587.47
T003496,2025-06-28,Home & Kitchen,81.67,5,68.09740433831797,Platinum,14.0,South,Credit Card,True,351.18
T003497,2025-01-17,Home & Kitchen,81.52,4,40.71226499641028,Silver,4.9,South,Credit Card,False,310.1
T003498,2025-04-09,Electronics,1099.14,4,40.698567038742645,Platinum,9.7,East,PayPal,False,3970.09
T003499,2025-03-23,Electronics,296.48,3,52.99083243502955,Bronze,3.3,North,Credit Card,False,860.09
T003500,2025-04-14,Beauty,31.11,7,57.044166699266654,Silver,6.2,West,PayPal,False,204.27
T003501,2025-06-01,Electronics,316.23,2,37.56740740289872,Silver,1.9,West,Credit Card,False,620.44
T003502,2025-01-19,Sports,142.91,7,22.310414381564918,Bronze,1.4,East,Credit Card,False,986.36
T003503,2025-06-14,Electronics,216.2,5,30.877228945675924,Silver,15.0,East,Credit Card,True,918.85
T003504,2025-03-26,Home & Kitchen,87.35,6,35.26859135277814,Silver,17.1,North,Credit Card,True,434.48
T003505,2025-01-08,Clothing,46.69,6,27.898836913795183,Bronze,6.7,West,Credit Card,False,261.37
T003506,2025-01-28,Sports,47.51,5,31.67053178760056,Bronze,4.5,North,PayPal,False,226.86
T003507,2025-01-05,Home & Kitchen,89.01,3,42.10942509032791,Bronze,4.3,East,PayPal,False,255.55
T003508,2025-05-25,Clothing,45.9,4,31.815634621619648,Platinum,9.8,South,Credit Card,False,165.61
T003509,2025-04-11,Electronics,248.47,5,63.188632732961224,Gold,,North,Credit Card,True,
T003510,2025-06-13,Home & Kitchen,58.71,4,37.1507019220781,Gold,5.1,West,PayPal,False,222.86
T003511,2025-04-28,Home & Kitchen,77.07,3,,Bronze,1.8,North,Digital Wallet,False,227.05
T003512,2025-05-27,Electronics,320.09,3,56.090556308062865,Silver,0.3,South,Credit Card,False,957.39
T003513,2025-03-05,Electronics,289.55,2,70.0,Platinum,8.0,North,Credit Card,False,532.77
T003514,2025-04-01,Sports,55.92,2,38.03908690563596,Platinum,9.5,East,Credit Card,False,101.22
T003515,2025-04-27,Clothing,64.18,2,45.07890150492784,Platinum,12.1,West,Credit Card,True,112.83
T003516,2025-04-08,Home & Kitchen,103.8,6,57.64338157305209,Gold,4.3,West,Credit Card,False,596.02
T003517,2025-01-11,Clothing,64.87,2,37.47418904807503,Bronze,0.5,East,PayPal,False,129.09
T003518,2025-02-23,Sports,46.98,6,64.49564226806774,Gold,8.6,North,PayPal,False,257.64
T003519,2025-06-22,Beauty,28.06,4,22.743809228351964,Bronze,3.1,South,Credit Card,True,108.76
T003520,2025-02-16,Beauty,20.62,5,40.5793290860367,Platinum,1.3,East,Credit Card,False,101.76
T003521,2025-05-20,Electronics,191.91,2,32.21788555607921,Bronze,0.9,North,PayPal,False,380.37
T003522,2025-05-29,Sports,44.83,5,28.424885554451162,Bronze,4.8,North,PayPal,False,213.39
T003523,2025-05-19,Clothing,69.41,5,32.52927222411289,Bronze,3.3,North,Credit Card,False,335.6
T003524,2025-01-05,Home & Kitchen,98.14,3,48.15660629411707,Bronze,6.7,North,Credit Card,False,274.69
T003525,2025-01-20,Clothing,55.4,3,53.05187530680665,Gold,2.6,North,Credit Card,False,161.88
T003526,2025-06-18,Electronics,275.18,3,50.50483230557596,Platinum,9.6,North,Credit Card,True,746.29
T003527,2025-02-15,Beauty,15.71,3,24.331636625643156,Bronze,7.8,North,Credit Card,False,43.45
T003528,2025-01-12,Electronics,218.89,4,48.612630056887944,Bronze,7.8,West,Credit Card,False,807.27
T003529,2025-03-11,Home & Kitchen,67.7,2,40.56733771980779,Bronze,9.2,North,PayPal,False,122.94
T003530,2025-01-17,Sports,42.37,8,35.020442022591325,Silver,7.3,West,Digital Wallet,False,314.22
T003531,2025-04-25,Sports,68.14,3,39.378575143192755,Silver,0.4,West,Credit Card,False,203.6
T003532,2025-05-27,Electronics,254.58,4,61.987593632614015,Gold,4.2,South,Credit Card,False,975.55
T003533,2025-06-03,Clothing,35.89,5,38.693799987896135,Bronze,3.4,South,Credit Card,False,173.35
T003534,2025-02-17,Sports,55.69,1,51.16971127650674,Platinum,8.2,North,Credit Card,False,51.12
T003535,2025-04-18,Clothing,46.96,6,54.38944692303362,Silver,6.3,North,Cash,False,264.01
T003536,2025-02-21,Clothing,48.62,6,52.56443185616265,Silver,2.7,East,Digital Wallet,False,283.84
T003537,2025-04-06,Clothing,45.03,6,36.512599071470675,Platinum,6.0,West,Digital Wallet,False,253.97
T003538,2025-03-11,Clothing,43.74,6,37.164223672600464,Gold,9.1,East,Cash,False,238.56
T003539,2025-04-12,Sports,41.89,7,45.291287164312976,Gold,6.4,North,PayPal,True,274.46
T003540,2025-03-16,Clothing,43.48,3,35.350415887156046,Bronze,9.0,East,PayPal,True,118.7
T003541,2025-06-10,Home & Kitchen,78.23,5,,Gold,8.0,East,PayPal,False,359.86
T003542,2025-05-31,Clothing,40.62,9,43.19052414893807,Silver,6.4,East,Credit Card,False,342.18
T003543,2025-05-23,Clothing,40.15,6,32.33348326130657,Bronze,2.4,North,PayPal,False,235.12
T003544,2025-06-04,Electronics,228.27,3,36.819732727524155,Platinum,11.0,East,PayPal,True,609.48
T003545,2025-06-28,Clothing,45.82,4,38.70944998713237,Bronze,2.0,East,Cash,False,179.61
T003546,2025-03-23,Clothing,33.68,6,35.33940654137192,Platinum,3.7,West,Credit Card,False,194.6
T003547,2025-04-02,Home & Kitchen,66.79,8,38.92810344193293,Bronze,12.5,North,Digital Wallet,True,467.53
T003548,2025-06-28,Clothing,46.94,7,36.82875521122219,Silver,0.5,North,Credit Card,False,326.94
T003549,2025-06-24,Clothing,48.25,5,66.51868511560849,Bronze,3.9,West,PayPal,False,231.84
T003550,2025-01-04,Clothing,54.13,4,63.223569155756735,Platinum,1.3,North,Credit Card,False,213.71
T003551,2025-05-15,Electronics,370.52,2,36.89360553468155,Bronze,16.8,South,Credit Card,True,616.55
T003552,2025-04-19,Beauty,32.95,6,36.51331589262963,Silver,4.0,West,Credit Card,False,189.79
T003553,2025-06-12,Clothing,35.6,7,39.30996488053393,Silver,1.8,North,Digital Wallet,False,244.71
T003554,2025-02-17,Electronics,301.23,4,44.86696498868139,Gold,2.0,South,Credit Card,False,1180.82
T003555,2025-03-14,Electronics,217.95,3,40.774598387206886,Silver,3.9,East,Credit Card,False,628.35
T003556,2025-03-13,Beauty,25.75,6,42.19005212189063,Bronze,12.6,East,Credit Card,True,135.03
T003557,2025-04-26,Electronics,188.53,3,51.487400209472014,Silver,6.0,East,Credit Card,False,531.65
T003558,2025-06-22,Sports,61.13,6,31.58758758680291,Bronze,7.3,North,PayPal,False,340.01
T003559,2025-03-22,Electronics,245.95,6,34.86920421427972,Platinum,19.3,West,Credit Card,True,1190.89
T003560,2025-03-22,Beauty,35.96,6,24.708644246880613,Silver,2.2,West,PayPal,True,211.01
T003561,2025-04-23,Sports,46.44,5,37.18858512796287,Silver,3.9,North,PayPal,False,223.14
T003562,2025-04-06,Home & Kitchen,59.37,6,42.44195537650182,Silver,8.1,East,Credit Card,False,327.37
T003563,2025-03-13,Electronics,302.96,4,42.53721666074253,Gold,11.5,East,Credit Card,True,1072.48
T003564,2025-05-27,Clothing,55.83,4,57.03630812076442,Bronze,0.8,North,Cash,False,221.53
T003565,2025-03-04,Clothing,39.11,5,31.5093779152567,Bronze,16.7,East,Credit Card,True,162.89
T003566,2025-02-07,Clothing,40.89,5,22.415824257400516,Silver,13.9,South,Credit Card,True,176.03
T003567,2025-03-08,Clothing,48.48,4,43.08317457895492,Silver,3.1,North,Digital Wallet,False,187.91
T003568,2025-03-10,Electronics,203.33,4,39.79283909340464,Silver,3.8,North,Cash,False,782.41
T003569,2025-01-13,Home & Kitchen,55.75,4,52.25472041589063,Silver,5.0,West,Credit Card,False,211.85
T003570,2025-06-24,Clothing,42.5,5,42.97853850497612,Bronze,13.1,West,Credit Card,True,184.66
T003571,2025-01-31,Clothing,44.07,6,57.35979014567991,Bronze,4.4,North,PayPal,False,252.79
T003572,2025-04-24,Electronics,277.83,4,40.324969374255055,Bronze,6.2,South,Credit Card,False,1042.42
T003573,2025-01-22,Beauty,31.98,7,35.808053071646825,Silver,8.0,South,PayPal,False,205.95
T003574,2025-04-03,Clothing,47.57,5,50.511824230066104,Platinum,6.2,East,Credit Card,False,223.1
T003575,2025-06-20,Sports,54.01,7,47.78674337904256,Silver,0.5,North,Digital Wallet,False,376.18
T003576,2025-03-08,Clothing,33.58,6,33.43530671449771,Gold,3.3,East,Credit Card,False,194.83
T003577,2025-02-23,Electronics,232.03,3,48.533158611731565,Bronze,1.6,West,Credit Card,False,684.95
T003578,2025-05-18,Clothing,49.11,5,47.29337599559994,Bronze,4.0,East,Credit Card,False,235.73
T003579,2025-02-11,Clothing,45.5,5,41.37889897832608,Bronze,1.4,North,Credit Card,False,224.32
T003580,2025-03-05,Sports,85.88,4,55.43428306354991,Gold,5.7,East,Credit Card,False,323.94
T003581,2025-05-06,Home & Kitchen,88.3,2,59.50235113280321,Bronze,7.6,South,Digital Wallet,False,163.18
T003582,2025-01-21,Clothing,36.74,5,35.04121530406293,Gold,10.3,North,Credit Card,True,164.78
T003583,2025-06-18,Beauty,32.35,6,47.86091696425023,Bronze,5.9,South,Credit Card,True,182.65
T003584,2025-06-01,Clothing,54.88,6,42.87401948644007,Silver,10.2,North,Credit Card,True,295.69
T003585,2025-02-04,Beauty,21.44,4,36.614864919535236,Silver,2.3,West,PayPal,False,83.79
T003586,2025-01-30,Beauty,39.6,7,40.5372914899332,Bronze,8.5,North,PayPal,False,253.64
T003587,2025-02-26,Electronics,301.01,7,20.806566422055262,Bronze,13.6,East,Credit Card,True,1820.51
T003588,2025-02-16,Clothing,58.63,1,54.9165723790835,Silver,,East,Credit Card,False,
T003589,2025-06-12,Clothing,57.3,4,51.457271291570756,Bronze,4.1,North,Credit Card,True,219.8
T003590,2025-01-19,Home & Kitchen,80.89,4,18.938949077258098,Silver,4.3,North,Cash,False,309.65
T003591,2025-04-24,Clothing,38.83,3,39.77001750432932,Silver,0.9,West,Credit Card,False,115.44
T003592,2025-01-08,Beauty,33.16,7,46.036036549287786,Bronze,7.5,South,PayPal,False,214.71
T003593,2025-01-26,Home & Kitchen,76.92,5,52.25879039187356,Gold,0.4,East,Digital Wallet,True,383.06
T003594,2025-04-23,Electronics,211.97,3,38.84286917121768,Bronze,14.4,West,Digital Wallet,True,544.34
T003595,2025-03-12,Electronics,210.44,3,39.03677319662786,Platinum,1.3,East,PayPal,False,623.11
T003596,2025-01-30,Home & Kitchen,102.22,6,46.412493242913314,Silver,3.1,East,PayPal,False,594.31
T003597,2025-05-15,Electronics,232.95,2,33.83054730804713,Silver,0.4,South,Credit Card,False,464.04
T003598,2025-03-08,Sports,49.71,8,61.96242065446054,Bronze,8.9,South,Digital Wallet,False,362.29
T003599,2025-03-06,Clothing,41.52,4,43.23991791623573,Platinum,6.2,North,Digital Wallet,False,155.78
T003600,2025-02-05,Clothing,51.15,5,44.327732233591696,Bronze,5.4,West,Credit Card,False,241.94
T003601,2025-01-25,Electronics,334.83,4,58.17300155742734,Silver,14.5,East,Credit Card,True,1145.12
T003602,2025-02-06,Home & Kitchen,33.11,7,41.712283486250676,Silver,9.9,North,Credit Card,False,208.82
T003603,2025-01-01,Electronics,209.74,5,58.292789092706975,Silver,8.0,West,PayPal,False,964.8
T003604,2025-05-23,Sports,70.66,1,22.746349152097252,Gold,3.9,West,PayPal,False,67.9
T003605,2025-02-06,Clothing,50.64,1,55.84754108954579,Platinum,8.1,West,Credit Card,False,46.54
T003606,2025-05-21,Sports,45.87,5,54.40039290362945,Bronze,7.8,North,Credit Card,False,211.46
T003607,2025-05-16,Home & Kitchen,88.35,6,18.0,Silver,16.9,North,PayPal,True,440.51
T003608,2025-05-13,Electronics,239.23,3,38.118842913393124,Bronze,2.3,East,Digital Wallet,False,701.18
T003609,2025-05-08,Sports,73.34,3,46.87370717299625,Silver,21.0,North,Cash,True,173.82
T003610,2025-05-07,Electronics,210.16,3,51.72799480848142,Gold,17.9,West,PayPal,True,517.62
T003611,2025-01-01,Clothing,50.58,3,57.72829456951054,Silver,11.3,East,Credit Card,True,134.59
T003612,2025-06-13,Electronics,184.51,5,24.041606632087095,Silver,13.3,South,Credit Card,True,799.85
T003613,2025-02-04,Sports,53.81,6,42.959017240418305,Silver,9.0,South,PayPal,False,293.8
T003614,2025-04-14,Beauty,38.44,7,30.721296195063992,Silver,6.6,East,Credit Card,False,251.32
T003615,2025-01-23,Home & Kitchen,103.8,3,33.490272317205594,Silver,5.7,South,PayPal,False,293.65
T003616,2025-01-09,Clothing,36.65,7,51.613053721764174,Bronze,6.8,North,PayPal,False,239.1
T003617,2025-02-03,Sports,38.09,6,,Silver,6.2,West,Credit Card,False,214.37
T003618,2025-06-23,Electronics,238.85,2,42.034349548419605,Bronze,5.3,East,PayPal,True,452.38
T003619,2025-05-08,Beauty,33.53,8,36.67498697158503,Silver,5.2,North,Digital Wallet,False,254.29
T003620,2025-01-04,Electronics,219.99,3,54.03528404807909,Gold,3.8,North,Credit Card,False,634.89
T003621,2025-06-07,Beauty,26.33,7,19.98877435852728,Bronze,0.1,South,Digital Wallet,False,184.13
T003622,2025-04-12,Home & Kitchen,91.91,3,56.897242486557914,Silver,4.6,East,Credit Card,False,263.05
T003623,2025-03-16,Sports,41.68,4,59.8639430130969,Silver,1.8,West,PayPal,False,163.72
T003624,2025-04-09,Home & Kitchen,79.4,4,49.13981140991018,Silver,11.4,North,Cash,True,281.39
T003625,2025-03-13,Clothing,49.2,4,44.72369415483089,Gold,3.4,South,Cash,False,190.11
T003626,2025-01-03,Home & Kitchen,68.47,1,18.0,Bronze,3.9,North,Credit Card,False,65.8
T003627,2025-05-22,Electronics,213.53,1,49.71267047554627,Silver,2.8,North,Credit Card,False,207.55
T003628,2025-06-22,Home & Kitchen,110.91,4,54.106751076262064,Silver,7.3,East,PayPal,False,411.25
T003629,2025-02-03,Home & Kitchen,97.07,6,43.21713843318126,Bronze,6.4,North,Credit Card,True,545.15
T003630,2025-02-14,Sports,47.79,5,34.159501042006404,Silver,1.6,East,PayPal,True,235.13
T003631,2025-03-02,Clothing,34.12,7,59.55755101527188,Gold,2.5,East,Credit Card,False,232.87
T003632,2025-03-24,Electronics,223.11,3,31.600170923031648,Bronze,12.7,North,Credit Card,True,584.33
T003633,2025-05-03,Clothing,49.26,7,55.55904695496264,Gold,16.3,West,PayPal,True,288.61
T003634,2025-04-12,Home & Kitchen,78.57,3,48.33545203837368,Silver,0.2,East,Credit Card,False,235.24
T003635,2025-01-16,Electronics,205.82,4,39.91839734264988,Silver,1.8,East,PayPal,False,808.46
T003636,2025-03-07,Clothing,50.04,8,70.0,Silver,,North,Credit Card,False,
T003637,2025-06-17,Sports,42.53,8,47.79114893607993,Bronze,14.3,East,Credit Card,True,291.59
T003638,2025-05-25,Home & Kitchen,85.46,4,49.00014646334712,Silver,4.9,East,Digital Wallet,False,325.09
T003639,2025-04-29,Clothing,62.94,1,48.131784355371046,Silver,4.7,East,Digital Wallet,False,59.98
T003640,2025-06-11,Clothing,46.39,4,45.63128565933887,Bronze,6.2,North,PayPal,False,174.06
T003641,2025-05-04,Home & Kitchen,83.25,4,40.840475626243915,Gold,5.8,North,Credit Card,False,313.69
T003642,2025-05-24,Clothing,37.56,6,51.08636084990231,Gold,8.4,North,PayPal,False,206.43
T003643,2025-04-12,Home & Kitchen,76.41,2,43.18652225689585,Bronze,14.5,North,Digital Wallet,True,130.66
T003644,2025-03-07,Electronics,224.99,4,20.135312595248923,Bronze,2.0,South,Credit Card,False,881.96
T003645,2025-01-13,Sports,57.12,2,32.102380036345856,Bronze,1.2,South,Credit Card,True,112.87
T003646,2025-04-21,Clothing,40.03,5,55.81752004455537,Gold,11.9,East,Digital Wallet,True,176.33
T003647,2025-06-08,Clothing,40.74,5,52.609281272698915,Silver,7.7,South,PayPal,False,188.02
T003648,2025-02-03,Home & Kitchen,95.99,4,29.542972704014222,Silver,1.3,North,Credit Card,True,378.97
T003649,2025-02-08,Home & Kitchen,80.44,5,35.48225393460527,Silver,9.6,East,PayPal,True,363.59
T003650,2025-05-16,Electronics,283.98,7,34.6273600002709,Silver,9.6,North,PayPal,False,1797.03
T003651,2025-04-30,Sports,79.04,3,59.473623498638325,Platinum,12.1,South,Credit Card,True,208.43
T003652,2025-05-06,Clothing,47.44,6,23.5089659697788,Gold,2.1,East,PayPal,True,278.66
T003653,2025-02-24,Beauty,41.19,4,34.63701973319861,Silver,7.5,East,PayPal,False,152.4
T003654,2025-01-27,Sports,55.71,5,42.95267313108953,Bronze,0.4,North,Digital Wallet,False,277.44
T003655,2025-04-28,Clothing,50.96,7,24.67286716342388,Bronze,4.7,South,Credit Card,False,339.95
T003656,2025-02-22,Sports,66.38,3,42.986052109620154,Platinum,9.3,North,Credit Card,False,180.62
T003657,2025-02-08,Clothing,42.63,5,29.470953211859715,Bronze,0.7,North,Cash,False,211.66
T003658,2025-03-06,Electronics,274.58,3,31.94560836958366,Gold,4.5,East,Credit Card,False,786.67
T003659,2025-05-25,Beauty,28.13,5,35.76574244975563,Silver,15.9,North,Credit Card,True,118.29
T003660,2025-06-07,Home & Kitchen,86.46,6,39.827369673206384,Bronze,1.7,North,Digital Wallet,False,509.94
T003661,2025-01-13,Clothing,39.29,6,35.22943824533448,Platinum,4.7,East,Credit Card,False,224.66
T003662,2025-01-21,Clothing,36.06,7,43.145269325313215,Platinum,5.8,North,Digital Wallet,False,237.78
T003663,2025-05-27,Clothing,38.65,8,56.947207156474406,Gold,2.3,West,Digital Wallet,True,302.09
T003664,2025-02-22,Beauty,28.75,9,52.39970201141897,Silver,,South,PayPal,True,
T003665,2025-01-19,Electronics,253.98,6,60.16257410533705,Gold,18.7,East,Digital Wallet,True,1238.91
T003666,2025-02-26,Clothing,54.13,2,41.1000658616783,Silver,7.2,West,Credit Card,False,100.47
T003667,2025-01-25,Clothing,61.79,6,41.14628093421072,Silver,4.1,South,Credit Card,False,355.54
T003668,2025-01-31,Clothing,41.05,5,44.49469749412828,Silver,1.8,East,Credit Card,True,201.56
T003669,2025-03-22,Clothing,36.39,5,23.60184918320144,Bronze,3.4,West,Digital Wallet,False,175.76
T003670,2025-01-23,Electronics,315.77,3,54.41101240333255,Bronze,5.3,North,Credit Card,False,897.1
T003671,2025-02-01,Electronics,295.26,4,37.50221771163185,Bronze,11.7,West,Credit Card,True,1042.86
T003672,2025-03-15,Clothing,42.74,7,41.46858748709107,Bronze,12.2,West,Cash,True,262.68
T003673,2025-01-10,Beauty,30.44,5,47.126714099306255,Silver,2.4,North,Credit Card,False,148.55
T003674,2025-02-23,Electronics,220.69,4,32.73022033049358,Bronze,7.3,South,PayPal,False,818.32
T003675,2025-02-21,Sports,69.65,3,33.11137168059315,Silver,8.1,North,Cash,False,192.03
T003676,2025-05-28,Sports,58.19,6,46.682989929288055,Bronze,6.2,West,Digital Wallet,False,327.49
T003677,2025-06-09,Sports,50.48,3,47.23790140580995,Bronze,9.0,North,PayPal,False,137.81
T003678,2025-04-24,Sports,59.08,8,69.45382239663161,Platinum,9.5,South,Credit Card,False,427.74
T003679,2025-01-14,Clothing,48.78,5,44.92279111963444,Gold,5.0,West,PayPal,False,231.7
T003680,2025-06-27,Electronics,324.83,6,48.41570115299864,Platinum,3.8,East,PayPal,False,1874.92
T003681,2025-06-05,Clothing,53.31,5,69.9034771541356,Gold,9.2,West,PayPal,False,242.03
T003682,2025-04-20,Clothing,33.35,8,46.151043254573466,Silver,1.3,South,Credit Card,False,263.33
T003683,2025-02-22,Home & Kitchen,97.77,3,47.19833524474626,Gold,10.8,West,Credit Card,True,261.63
T003684,2025-06-01,Home & Kitchen,70.49,8,18.0,Bronze,12.1,West,Digital Wallet,True,495.69
T003685,2025-03-20,Sports,68.2,7,37.360979718425284,Platinum,16.5,North,PayPal,True,398.63
T003686,2025-01-22,Electronics,173.21,4,44.446231892781555,Silver,4.6,South,Credit Card,False,660.97
T003687,2025-01-30,Beauty,36.31,7,32.86179394194176,Silver,2.7,West,Cash,True,247.31
T003688,2025-01-04,Clothing,48.25,9,44.55950695160043,Silver,9.0,West,Cash,False,395.17
T003689,2025-02-28,Clothing,30.39,6,50.624128871150006,Gold,0.2,North,Digital Wallet,False,181.98
T003690,2025-01-08,Clothing,50.8,4,53.083262993135946,Platinum,7.7,West,Cash,False,187.55
T003691,2025-01-12,Sports,66.57,5,40.69149284124292,Bronze,9.1,North,Digital Wallet,False,302.56
T003692,2025-04-29,Clothing,44.24,6,23.309936179866696,Bronze,4.8,West,Digital Wallet,False,252.7
T003693,2025-06-08,Beauty,27.23,10,43.03606390884895,Silver,9.5,North,Credit Card,False,246.43
T003694,2025-02-03,Beauty,30.42,7,36.95779413921303,Silver,19.0,West,PayPal,True,172.48
T003695,2025-03-23,Sports,47.96,9,32.790947899658875,Bronze,5.1,North,Credit Card,False,409.63
T003696,2025-04-08,Electronics,251.08,5,38.6129807587881,Gold,3.0,North,Credit Card,False,1217.74
T003697,2025-05-07,Sports,47.32,8,37.83827749276071,Silver,8.2,East,Digital Wallet,False,347.52
T003698,2025-03-16,Sports,61.73,8,39.38281285807991,Silver,7.0,North,Credit Card,False,459.27
T003699,2025-04-15,Electronics,245.98,4,36.513363380756914,Silver,2.5,South,PayPal,True,959.32
T003700,2025-02-18,Electronics,299.46,3,59.25578360618073,Gold,0.8,North,Digital Wallet,False,891.19
T003701,2025-03-20,Electronics,218.19,4,45.19426096769685,Silver,6.4,East,Credit Card,False,816.9
T003702,2025-04-03,Electronics,224.66,4,45.243671573018055,Platinum,1.3,East,Credit Card,False,886.96
T003703,2025-06-03,Clothing,53.83,4,46.987644867066614,Bronze,8.7,North,PayPal,False,196.59
T003704,2025-01-18,Beauty,24.77,7,25.50797360958327,Bronze,3.4,North,PayPal,False,167.49
T003705,2025-04-06,Clothing,34.44,5,54.17339057054015,Gold,5.5,East,Credit Card,False,162.73
T003706,2025-02-07,Clothing,40.46,5,70.0,Gold,14.8,North,Cash,True,172.36
T003707,2025-03-28,Beauty,33.8,3,30.45099243536813,Silver,3.6,South,Credit Card,False,97.75
T003708,2025-03-29,Clothing,44.28,5,33.904094887220545,Platinum,14.3,North,Credit Card,True,189.74
T003709,2025-02-19,Sports,67.77,6,35.41292324792707,Bronze,3.4,South,Credit Card,False,392.79
T003710,2025-01-08,Clothing,48.84,6,45.587559733879516,Silver,5.3,West,Digital Wallet,False,277.51
T003711,2025-06-18,Home & Kitchen,100.1,4,40.37065999016942,Gold,10.0,West,Digital Wallet,False,360.36
T003712,2025-05-14,Clothing,50.04,3,35.820721475480084,Platinum,6.8,North,Cash,False,139.91
T003713,2025-03-10,Home & Kitchen,51.84,4,49.030920575486405,Silver,9.6,North,Digital Wallet,False,187.45
T003714,2025-06-21,Electronics,259.39,3,46.65364192815687,Bronze,,North,PayPal,True,
T003715,2025-05-01,Sports,47.29,8,56.67211757301564,Platinum,6.0,West,PayPal,False,355.62
T003716,2025-03-05,Clothing,46.81,5,43.73195299928896,Gold,10.3,West,Digital Wallet,True,209.94
T003717,2025-06-06,Sports,40.37,7,41.51035519739045,Silver,7.2,North,PayPal,False,262.24
T003718,2025-06-05,Clothing,64.57,3,36.79193428757892,Silver,8.5,South,Credit Card,False,177.24
T003719,2025-05-19,Electronics,199.98,2,44.822325211271945,Bronze,7.4,East,Cash,False,370.36
T003720,2025-05-01,Home & Kitchen,91.64,3,29.49120174110798,Silver,2.3,South,Credit Card,False,268.6
T003721,2025-03-06,Electronics,250.77,2,55.051623958279976,Gold,4.6,West,Credit Card,False,478.47
T003722,2025-04-17,Sports,44.14,6,49.510041033557,Bronze,6.4,West,Digital Wallet,False,247.89
T003723,2025-05-27,Beauty,29.87,5,44.68352657424863,Gold,5.6,South,Credit Card,False,140.99
T003724,2025-05-17,Sports,69.39,1,37.16715309355218,Silver,0.2,West,Digital Wallet,False,69.25
T003725,2025-06-04,Electronics,234.51,2,61.66169264614534,Silver,9.7,East,Digital Wallet,False,423.53
T003726,2025-06-11,Home & Kitchen,85.91,6,35.42247475585395,Bronze,8.2,West,Digital Wallet,False,473.19
T003727,2025-06-21,Home & Kitchen,98.78,3,31.797359484342103,Bronze,4.3,West,Credit Card,False,283.6
T003728,2025-04-10,Sports,60.19,2,38.29014110023718,Bronze,16.8,South,Credit Card,True,100.16
T003729,2025-03-23,Electronics,275.84,1,51.9230121359272,Gold,14.5,North,Cash,True,235.84
T003730,2025-05-23,Clothing,33.65,4,59.19618389370635,Bronze,0.7,West,PayPal,False,133.66
T003731,2025-02-20,Clothing,48.27,7,54.724664973115935,Silver,14.1,West,Cash,True,290.25
T003732,2025-05-21,Electronics,255.99,3,26.286061324379027,Platinum,4.8,West,Digital Wallet,False,731.11
T003733,2025-03-24,Clothing,58.03,6,41.29724641683345,Bronze,8.3,South,Credit Card,True,319.28
T003734,2025-06-26,Clothing,66.34,4,36.2254892299873,Platinum,10.2,North,Digital Wallet,True,238.29
T003735,2025-04-22,Sports,58.25,6,46.76740716544709,Bronze,6.2,North,Cash,False,327.83
T003736,2025-02-25,Beauty,42.49,6,38.496056971893,Gold,5.1,South,Digital Wallet,False,241.94
T003737,2025-06-28,Home & Kitchen,75.16,5,51.301983870850094,Silver,5.4,East,Credit Card,False,355.51
T003738,2025-06-14,Clothing,56.53,4,36.53529304051865,Bronze,3.4,South,PayPal,True,218.43
T003739,2025-05-25,Clothing,65.8,3,31.87042269024065,Gold,5.3,South,Digital Wallet,False,186.94
T003740,2025-06-06,Beauty,31.28,5,57.69457760426137,Bronze,7.7,West,Credit Card,False,144.36
T003741,2025-06-10,Beauty,33.39,5,41.61960238175289,Bronze,3.6,East,PayPal,False,160.94
T003742,2025-03-01,Beauty,32.27,7,52.61524384722637,Gold,20.1,South,Cash,True,180.49
T003743,2025-04-30,Sports,47.12,7,28.1784670593495,Bronze,4.6,East,Credit Card,False,314.67
T003744,2025-05-18,Clothing,50.35,3,30.5629339691936,Bronze,4.5,West,Cash,True,144.25
T003745,2025-06-24,Sports,69.02,2,26.787861652188447,Bronze,3.2,South,Digital Wallet,False,133.62
T003746,2025-01-23,Clothing,48.9,7,32.711706225330246,Gold,3.9,South,Credit Card,False,328.95
T003747,2025-05-29,Clothing,56.15,3,33.87501760389057,Silver,4.6,East,Digital Wallet,False,160.7
T003748,2025-01-13,Home & Kitchen,82.74,2,,Bronze,9.6,East,Credit Card,False,149.59
T003749,2025-04-11,Electronics,262.99,5,41.52929174783886,Bronze,8.9,North,Credit Card,True,1197.92
T003750,2025-06-10,Electronics,171.16,4,30.004276832711703,Bronze,10.8,South,Credit Card,True,610.7
T003751,2025-01-24,Clothing,33.39,5,32.91193833310662,Bronze,1.2,North,Credit Card,False,164.95
T003752,2025-04-18,Clothing,58.69,5,44.607526319393116,Silver,7.1,West,Credit Card,False,272.62
T003753,2025-01-11,Sports,62.22,4,65.53232376163746,Platinum,3.4,South,Digital Wallet,False,240.42
T003754,2025-01-17,Electronics,200.78,5,47.72125289153091,Bronze,5.8,West,PayPal,False,945.67
T003755,2025-06-24,Electronics,207.69,6,46.602479446133444,Silver,5.0,North,Credit Card,False,1183.83
T003756,2025-01-25,Electronics,201.04,5,38.78941207095104,Silver,9.5,South,Credit Card,False,909.71
T003757,2025-04-04,Electronics,254.73,3,18.229564305454414,Bronze,4.9,North,Digital Wallet,False,726.74
T003758,2025-01-21,Electronics,287.41,4,39.60429237999134,Bronze,8.2,South,PayPal,False,1055.37
T003759,2025-03-25,Home & Kitchen,73.96,2,29.730732343605684,Bronze,2.4,West,Credit Card,True,144.37
T003760,2025-05-20,Clothing,45.47,4,54.275700567270235,Platinum,12.4,West,Digital Wallet,True,159.33
T003761,2025-02-06,Sports,55.98,2,60.86286819452938,Gold,7.6,West,Cash,True,103.45
T003762,2025-02-11,Beauty,27.25,10,31.084558900842445,Bronze,6.6,North,Credit Card,False,254.52
T003763,2025-05-25,Home & Kitchen,88.07,2,41.74646679600548,Platinum,0.6,South,Credit Card,False,175.08
T003764,2025-04-11,Electronics,254.25,3,25.67459537015782,Platinum,7.6,East,Credit Card,False,704.78
T003765,2025-02-17,Electronics,275.49,3,51.93891091778024,Silver,7.6,North,Credit Card,False,763.66
T003766,2025-04-13,Sports,63.33,5,56.9810192210996,Gold,8.5,North,Cash,False,289.73
T003767,2025-01-28,Clothing,28.1,3,48.835648142667466,Bronze,7.1,West,Credit Card,True,78.31
T003768,2025-02-10,Sports,59.2,2,45.835956646471935,Bronze,2.8,South,PayPal,False,115.08
T003769,2025-04-09,Sports,56.63,4,41.47273839571037,Gold,3.1,South,PayPal,False,219.5
T003770,2025-02-16,Beauty,33.32,5,47.93297481970719,Silver,0.2,North,PayPal,False,166.27
T003771,2025-05-26,Beauty,37.92,6,38.7162430103315,Bronze,4.0,South,Cash,False,218.42
T003772,2025-04-15,Home & Kitchen,81.66,3,37.528490813885945,Bronze,0.9,West,PayPal,False,242.78
T003773,2025-05-04,Clothing,29.8,6,57.053195491361734,Gold,4.7,North,Credit Card,False,170.4
T003774,2025-01-13,Beauty,26.34,7,51.38269816273656,Silver,15.7,South,Credit Card,True,155.43
T003775,2025-05-21,Clothing,64.61,6,35.15554767057699,Bronze,4.3,East,Credit Card,False,370.99
T003776,2025-04-10,Electronics,231.05,1,63.65991451469665,Bronze,4.9,North,PayPal,False,219.73
T003777,2025-01-31,Home & Kitchen,73.28,5,33.647380454418524,Silver,12.5,East,PayPal,True,320.6
T003778,2025-05-10,Home & Kitchen,68.61,5,65.20227807441377,Gold,1.6,East,PayPal,False,337.56
T003779,2025-01-16,Sports,48.95,6,26.40358854501617,Bronze,7.5,West,PayPal,False,271.67
T003780,2025-05-17,Home & Kitchen,79.16,2,40.25886558660067,Bronze,5.8,South,Credit Card,False,149.14
T003781,2025-03-14,Clothing,24.68,4,47.462022886552816,Gold,9.1,South,PayPal,False,89.74
T003782,2025-06-15,Beauty,29.42,10,46.174611911335276,Bronze,10.3,South,Digital Wallet,True,263.9
T003783,2025-02-23,Sports,47.76,4,44.19835776534732,Bronze,6.3,South,Digital Wallet,False,179.0
T003784,2025-04-10,Home & Kitchen,170.76,5,57.276295712678674,Gold,0.2,North,Credit Card,False,852.09
T003785,2025-04-19,Clothing,37.8,4,47.30983191889683,Bronze,0.9,North,Digital Wallet,False,149.84
T003786,2025-03-28,Clothing,51.51,2,48.17891211727637,Silver,10.4,North,Digital Wallet,True,92.31
T003787,2025-06-22,Home & Kitchen,90.88,4,34.72486115932384,Silver,3.1,West,PayPal,False,352.25
T003788,2025-06-11,Electronics,297.88,3,51.8351269176549,Silver,4.2,North,Credit Card,False,856.11
T003789,2025-05-17,Clothing,55.24,5,36.6983839513162,Bronze,6.8,South,Digital Wallet,False,257.42
T003790,2025-01-08,Home & Kitchen,83.28,5,55.67823291262881,Bronze,1.2,North,Credit Card,False,411.4
T003791,2025-01-07,Clothing,33.89,6,59.30428881293654,Gold,16.6,East,PayPal,True,169.59
T003792,2025-02-05,Clothing,40.23,7,42.94532813204151,Gold,13.4,South,Credit Card,True,243.87
T003793,2025-01-18,Electronics,245.63,3,48.285595595505654,Silver,9.4,North,Digital Wallet,False,667.62
T003794,2025-01-03,Clothing,43.29,9,45.4093895796519,Silver,2.5,West,Credit Card,False,379.87
T003795,2025-01-28,Sports,63.07,2,41.154783650069334,Bronze,12.3,East,Credit Card,True,110.62
T003796,2025-03-11,Clothing,44.09,4,39.35828201212777,Gold,4.4,North,Credit Card,False,168.6
T003797,2025-06-21,Electronics,161.62,4,28.402974039149,Silver,2.0,East,Digital Wallet,False,633.55
T003798,2025-05-29,Home & Kitchen,90.4,2,34.06487314101916,Silver,12.4,North,Credit Card,True,158.38
T003799,2025-01-28,Beauty,22.38,6,43.15924381789794,Bronze,12.4,West,Credit Card,True,117.63
T003800,2025-02-23,Home & Kitchen,70.04,2,59.19185246561414,Silver,5.7,South,Cash,True,132.1
T003801,2025-03-06,Electronics,223.87,4,46.11558433403223,Platinum,8.4,North,Credit Card,False,820.26
T003802,2025-04-10,Clothing,44.25,6,55.65601396040322,Silver,9.9,North,PayPal,False,239.22
T003803,2025-01-21,Sports,51.75,2,21.087912673550257,Bronze,3.0,North,Digital Wallet,False,100.4
T003804,2025-01-13,Electronics,234.35,2,58.35567760957367,Bronze,6.9,North,Credit Card,False,436.36
T003805,2025-02-26,Home & Kitchen,84.04,4,49.884752911048636,Bronze,1.7,North,PayPal,False,330.45
T003806,2025-02-18,Clothing,58.6,4,54.47160812949244,Platinum,5.7,East,PayPal,True,221.04
T003807,2025-04-28,Electronics,175.7,3,18.683342719364788,Gold,3.6,West,PayPal,False,508.12
T003808,2025-02-23,Sports,37.03,5,37.269437713527275,Silver,21.2,South,Digital Wallet,True,145.9
T003809,2025-05-18,Home & Kitchen,103.45,3,29.417337480031083,Bronze,7.2,South,Digital Wallet,False,288.0
T003810,2025-02-22,Home & Kitchen,94.9,4,50.52453097603807,Platinum,13.9,North,Digital Wallet,True,326.84
T003811,2025-02-13,Electronics,280.23,4,48.11752671366541,Gold,4.6,North,Credit Card,False,1069.36
T003812,2025-02-16,Electronics,956.39,3,53.2147029084521,Platinum,6.3,West,Credit Card,False,2688.41
T003813,2025-02-22,Home & Kitchen,64.55,4,37.451725487757614,Gold,2.2,South,Credit Card,False,252.52
T003814,2025-03-15,Home & Kitchen,70.12,4,51.84599143357391,Silver,1.2,East,PayPal,False,277.11
T003815,2025-02-15,Electronics,211.65,3,42.03698684552069,Silver,1.1,West,Credit Card,False,627.97
T003816,2025-01-13,Electronics,247.73,2,56.07848931494245,Silver,9.6,North,PayPal,False,447.9
T003817,2025-06-14,Electronics,216.67,2,50.26605189290529,Gold,12.6,North,Cash,True,378.74
T003818,2025-04-12,Beauty,27.86,5,33.29102522816446,Silver,6.7,East,Credit Card,False,129.97
T003819,2025-01-24,Sports,52.56,4,45.464915907222434,Bronze,8.3,North,PayPal,False,192.79
T003820,2025-01-02,Beauty,31.77,8,25.386771861970264,Bronze,4.7,North,Credit Card,False,242.21
T003821,2025-03-22,Electronics,271.39,7,56.32642133274152,Bronze,3.0,West,Credit Card,True,1842.74
T003822,2025-04-10,Beauty,30.73,6,49.97999852398292,Silver,15.0,North,PayPal,True,156.72
T003823,2025-05-22,Electronics,243.18,3,50.450199424981605,Bronze,6.4,North,Credit Card,True,682.85
T003824,2025-05-18,Clothing,54.28,5,53.02390599837308,Gold,6.5,South,Cash,False,253.76
T003825,2025-06-12,Sports,212.5,2,44.65352115008606,Gold,5.2,West,Credit Card,False,402.9
T003826,2025-06-02,Clothing,52.06,5,24.491720834055315,Gold,13.0,North,Digital Wallet,True,226.46
T003827,2025-05-11,Clothing,37.85,6,53.579296078142505,Silver,2.2,South,Digital Wallet,False,222.1
T003828,2025-04-21,Electronics,206.29,3,33.16790217689275,Silver,12.0,North,Credit Card,True,544.61
T003829,2025-04-12,Electronics,234.09,4,32.16368613836553,Gold,10.0,West,Credit Card,False,842.72
T003830,2025-01-17,Home & Kitchen,85.27,7,51.02643532579058,Platinum,13.8,East,Credit Card,True,514.52
T003831,2025-01-12,Home & Kitchen,82.04,4,35.719531600949196,Bronze,5.2,East,Digital Wallet,False,311.1
T003832,2025-04-26,Sports,61.09,1,44.010313835173406,Bronze,2.8,East,Credit Card,False,59.38
T003833,2025-01-24,Home & Kitchen,85.9,3,50.72073258248234,Silver,4.5,West,PayPal,False,246.1
T003834,2025-01-29,Home & Kitchen,85.19,4,50.35803596199044,Silver,5.9,North,Digital Wallet,False,320.66
T003835,2025-06-20,Electronics,267.61,6,55.21412933322759,Platinum,17.9,West,Credit Card,True,1318.25
T003836,2025-06-02,Electronics,220.12,4,35.39898388286099,Bronze,10.6,South,Cash,True,787.15
T003837,2025-05-02,Beauty,26.06,5,38.35389615947075,Silver,16.8,East,Credit Card,True,108.41
T003838,2025-03-31,Electronics,226.49,6,46.21494746921196,Bronze,3.9,West,Credit Card,False,1305.94
T003839,2025-03-06,Home & Kitchen,65.98,5,26.574166704506524,Bronze,19.0,South,Credit Card,True,267.22
T003840,2025-03-25,Electronics,292.86,7,32.373037863654275,Silver,3.9,West,Credit Card,False,1970.07
T003841,2025-04-29,Home & Kitchen,75.38,3,31.352097199644994,Silver,4.7,East,Credit Card,False,215.51
T003842,2025-06-05,Home & Kitchen,86.66,8,18.0,Bronze,2.3,North,PayPal,False,677.33
T003843,2025-01-16,Electronics,254.39,4,35.536441479283745,Bronze,10.1,West,Credit Card,True,914.79
T003844,2025-06-24,Clothing,26.06,5,42.13859773400058,Platinum,3.0,North,Digital Wallet,False,126.39
T003845,2025-04-14,Home & Kitchen,89.32,5,43.928052562074114,Bronze,17.8,East,Credit Card,True,367.11
T003846,2025-04-02,Clothing,33.76,4,36.475055968608594,Silver,1.8,North,Credit Card,False,132.61
T003847,2025-01-27,Electronics,249.83,1,31.689204997105733,Bronze,1.2,North,Credit Card,False,246.83
T003848,2025-06-19,Home & Kitchen,100.16,1,40.560965369613484,Bronze,10.7,North,Credit Card,True,89.44
T003849,2025-06-24,Electronics,276.35,5,35.89853251935385,Silver,1.2,West,Credit Card,False,1365.17
T003850,2025-06-11,Sports,67.74,3,18.0,Bronze,12.9,East,PayPal,True,177.0
T003851,2025-06-14,Clothing,55.27,4,31.620966001102218,Gold,3.5,North,Cash,False,213.34
T003852,2025-05-14,Electronics,264.42,4,45.68720236873554,Bronze,0.1,South,Credit Card,False,1056.62
T003853,2025-05-15,Home & Kitchen,76.48,6,41.88285363242161,Gold,1.7,West,PayPal,False,451.08
T003854,2025-06-02,Clothing,39.0,8,44.29158946440302,Silver,12.0,East,PayPal,True,274.56
T003855,2025-02-02,Clothing,53.81,3,49.38501595434544,Silver,3.0,North,Digital Wallet,False,156.59
T003856,2025-02-24,Clothing,52.6,3,45.27065614760302,Bronze,3.6,West,PayPal,True,152.12
T003857,2025-01-07,Clothing,36.82,5,43.051334535518286,Gold,7.4,East,Credit Card,False,170.48
T003858,2025-02-26,Clothing,37.06,7,37.143890804204915,Bronze,4.5,North,PayPal,False,247.75
T003859,2025-05-06,Electronics,241.44,6,33.7961459559603,Gold,5.3,East,Credit Card,False,1371.86
T003860,2025-01-12,Clothing,19.5,6,42.748029147133686,Bronze,10.3,East,Credit Card,True,104.95
T003861,2025-01-16,Clothing,32.65,5,29.714032879691807,Platinum,10.8,North,Cash,True,145.62
T003862,2025-02-12,Home & Kitchen,89.71,5,50.49349167286837,Gold,12.9,East,PayPal,True,390.69
T003863,2025-04-27,Home & Kitchen,53.55,9,30.56999904659085,Platinum,4.8,East,Digital Wallet,False,458.82
T003864,2025-05-15,Clothing,48.68,6,58.79764775223904,Gold,7.6,West,Credit Card,False,269.88
T003865,2025-04-21,Sports,51.42,3,41.33847836218237,Bronze,1.5,North,PayPal,False,151.95
T003866,2025-02-20,Sports,44.91,5,55.68535654193384,Bronze,4.1,East,Credit Card,False,215.34
T003867,2025-06-09,Home & Kitchen,90.64,4,29.116782638426745,Bronze,0.8,South,PayPal,False,359.66
T003868,2025-03-16,Home & Kitchen,104.8,5,61.74923717202291,Silver,6.4,North,Credit Card,False,490.46
T003869,2025-01-08,Clothing,38.9,8,28.988870105607795,Silver,2.6,East,Credit Card,False,303.11
T003870,2025-02-14,Sports,68.52,2,41.35367565126379,Bronze,4.8,East,PayPal,False,130.46
T003871,2025-02-28,Electronics,262.41,2,26.355595501643975,Bronze,3.6,East,Credit Card,False,505.93
T003872,2025-05-12,Clothing,46.11,5,42.2533098709034,Silver,10.8,North,Credit Card,True,205.65
T003873,2025-04-14,Home & Kitchen,103.45,4,40.31670965752563,Bronze,4.1,West,PayPal,False,396.83
T003874,2025-06-06,Electronics,363.71,6,18.0,Bronze,14.4,East,Credit Card,True,1868.01
T003875,2025-06-06,Electronics,814.91,2,43.738564640349104,Bronze,6.2,East,Digital Wallet,False,1528.77
T003876,2025-04-08,Home & Kitchen,87.1,5,48.24354624704968,Platinum,10.6,North,Digital Wallet,True,389.34
T003877,2025-06-05,Home & Kitchen,87.9,5,31.699433068371643,Bronze,3.4,North,Cash,False,424.56
T003878,2025-03-20,Home & Kitchen,85.84,1,38.58938420272199,Platinum,3.0,North,PayPal,False,83.26
T003879,2025-05-04,Sports,30.96,3,39.33975779951998,Bronze,2.6,West,PayPal,False,90.47
T003880,2025-06-21,Electronics,236.69,6,61.83827906160814,Silver,8.1,North,Digital Wallet,True,1305.11
T003881,2025-01-04,Electronics,315.32,5,44.38295882147044,Gold,2.3,East,Cash,False,1540.34
T003882,2025-03-31,Home & Kitchen,65.46,5,35.44018502469362,Bronze,6.6,East,Credit Card,False,305.7
T003883,2025-04-14,Clothing,38.56,8,28.83712086495696,Platinum,0.7,North,Credit Card,False,306.32
T003884,2025-05-17,Home & Kitchen,369.69,2,21.470699812678486,Bronze,5.8,East,Credit Card,False,696.5
T003885,2025-04-29,Electronics,325.91,5,40.49969710360942,Silver,14.7,South,Credit Card,True,1390.01
T003886,2025-05-13,Clothing,53.29,4,43.40169539917515,Platinum,4.9,East,Digital Wallet,True,202.72
T003887,2025-02-25,Clothing,29.62,7,27.479424189423668,Bronze,,North,Credit Card,True,
T003888,2025-04-06,Home & Kitchen,99.69,4,24.99847959534328,Gold,5.9,West,Credit Card,False,375.23
T003889,2025-06-27,Clothing,65.17,5,47.66448717041273,Silver,9.6,East,Digital Wallet,False,294.57
T003890,2025-03-16,Clothing,44.05,9,53.73638815801627,Gold,16.7,East,PayPal,True,330.24
T003891,2025-05-23,Clothing,29.03,5,38.52947821987176,Silver,11.2,South,Digital Wallet,True,128.89
T003892,2025-02-01,Electronics,136.81,4,48.09621985950438,Silver,11.4,East,Credit Card,True,484.85
T003893,2025-01-28,Electronics,273.04,7,40.76447163066363,Bronze,14.4,West,PayPal,True,1636.06
T003894,2025-01-22,Clothing,55.2,7,70.0,Bronze,13.3,South,Cash,True,335.01
T003895,2025-01-17,Clothing,44.14,6,41.00466169542934,Bronze,12.6,East,Digital Wallet,True,231.47
T003896,2025-02-28,Clothing,60.21,7,58.50991087881228,Silver,5.3,North,Digital Wallet,False,399.13
T003897,2025-03-31,Clothing,36.87,10,48.78772715396568,Silver,3.9,South,Credit Card,False,354.32
T003898,2025-04-16,Home & Kitchen,93.37,2,35.4936317009405,Silver,7.8,South,Cash,True,172.17
T003899,2025-01-26,Sports,39.68,4,49.075134616135955,Silver,7.4,East,Credit Card,False,146.97
T003900,2025-01-25,Clothing,56.08,4,41.30859147889813,Silver,8.4,West,Credit Card,False,205.48
T003901,2025-05-18,Electronics,205.96,7,29.76796057078243,Silver,3.9,North,Credit Card,False,1385.49
T003902,2025-02-14,Electronics,229.86,6,43.10017889802292,Silver,3.9,East,Credit Card,False,1325.37
T003903,2025-03-24,Home & Kitchen,62.83,4,36.84190402662085,Gold,5.5,East,Digital Wallet,False,237.5
T003904,2025-01-11,Clothing,47.59,4,41.406191577662376,Gold,11.3,West,PayPal,True,168.85
T003905,2025-04-14,Electronics,222.01,3,41.15700130134895,Bronze,4.2,West,Credit Card,False,638.06
T003906,2025-03-09,Home & Kitchen,88.61,3,39.336644179007216,Bronze,0.5,East,Credit Card,False,264.5
T003907,2025-04-05,Electronics,225.0,5,30.554357919013427,Silver,5.9,North,Credit Card,False,1058.62
T003908,2025-06-05,Home & Kitchen,81.44,4,56.648968189952356,Platinum,1.7,West,PayPal,False,320.22
T003909,2025-03-06,Clothing,34.64,4,41.12965210695271,Silver,8.6,East,Credit Card,False,126.64
T003910,2025-02-18,Home & Kitchen,79.3,5,44.655463368087375,Silver,2.6,West,Credit Card,False,386.19
T003911,2025-06-24,Electronics,273.3,2,39.62157298155475,Silver,12.4,West,Digital Wallet,True,478.82
T003912,2025-02-21,Sports,39.9,4,37.131986276235025,Bronze,2.8,East,Digital Wallet,False,155.13
T003913,2025-04-12,Home & Kitchen,86.47,4,44.38494291479369,Silver,18.3,West,PayPal,True,282.58
T003914,2025-02-26,Electronics,345.92,8,58.87494569040538,Gold,2.7,North,Digital Wallet,False,2692.64
T003915,2025-02-16,Electronics,337.39,6,23.29758697026325,Silver,9.3,West,PayPal,False,1836.08
T003916,2025-06-08,Clothing,32.64,6,28.911335465998157,Silver,8.9,West,PayPal,False,178.41
T003917,2025-06-23,Sports,66.48,3,38.055687731269956,Platinum,6.1,West,Credit Card,False,187.27
T003918,2025-01-26,Sports,31.79,6,32.54746056664682,Bronze,1.4,West,Credit Card,False,188.07
T003919,2025-04-24,Clothing,47.79,7,,Gold,9.5,North,Credit Card,False,302.75
T003920,2025-01-05,Sports,54.63,2,37.824486364510875,Gold,3.8,West,Cash,False,105.11
T003921,2025-03-25,Electronics,269.3,5,47.69666069384845,Bronze,8.3,South,Digital Wallet,False,1234.74
T003922,2025-02-21,Electronics,281.08,4,38.58925285126313,Silver,0.9,South,Credit Card,False,1114.2
T003923,2025-04-15,Beauty,32.49,7,18.0,Silver,5.3,North,Credit Card,False,215.38
T003924,2025-02-23,Sports,46.96,7,37.12159381924283,Bronze,2.8,South,Digital Wallet,False,319.52
T003925,2025-06-10,Clothing,29.31,7,27.95365130756044,Silver,18.8,North,Credit Card,True,166.6
T003926,2025-06-27,Sports,59.06,5,45.97052143134636,Platinum,5.0,South,Digital Wallet,False,280.54
T003927,2025-06-15,Beauty,34.6,6,38.415333447066956,Bronze,15.9,North,Digital Wallet,True,174.59
T003928,2025-06-04,Sports,48.23,5,32.81022061545351,Platinum,13.7,South,Credit Card,True,208.11
T003929,2025-01-15,Sports,54.81,4,40.63345974199244,Bronze,2.6,North,PayPal,False,213.54
T003930,2025-03-02,Sports,61.56,4,36.86427070595492,Bronze,11.8,West,PayPal,True,217.18
T003931,2025-05-02,Electronics,135.65,3,54.25269760546652,Bronze,9.4,East,PayPal,False,368.7
T003932,2025-01-21,Sports,27.28,4,48.73183869250097,Bronze,15.0,West,Digital Wallet,True,92.75
T003933,2025-02-15,Electronics,225.2,4,62.78630221049872,Silver,6.3,North,Credit Card,False,844.05
T003934,2025-05-14,Sports,75.79,7,50.66559028460699,Gold,4.8,West,Cash,False,505.06
T003935,2025-02-07,Clothing,45.11,5,47.8737159577907,Bronze,11.8,North,PayPal,True,198.94
T003936,2025-03-03,Home & Kitchen,76.59,4,49.16402094994852,Silver,8.7,West,PayPal,False,279.71
T003937,2025-03-27,Clothing,51.47,5,50.80920749424327,Gold,7.2,West,Credit Card,False,238.82
T003938,2025-03-19,Electronics,253.51,3,20.40154192042289,Bronze,6.7,North,Cash,False,709.57
T003939,2025-02-15,Clothing,53.7,1,48.218894358228184,Bronze,7.9,West,Credit Card,False,49.46
T003940,2025-05-21,Beauty,21.77,6,22.842644966761164,Bronze,4.5,South,Credit Card,False,124.74
T003941,2025-01-03,Beauty,24.92,4,19.057365593853905,Bronze,3.0,South,Credit Card,False,96.69
T003942,2025-01-06,Clothing,58.18,4,28.653204000540082,Silver,4.4,West,Credit Card,False,222.48
T003943,2025-04-03,Beauty,28.16,5,45.04508847792138,Bronze,4.0,West,PayPal,False,135.17
T003944,2025-01-08,Sports,47.84,7,26.396303293891208,Bronze,6.4,West,Cash,False,313.45
T003945,2025-06-21,Home & Kitchen,75.0,6,48.10074344102342,Bronze,12.7,East,Credit Card,True,392.85
T003946,2025-04-18,Electronics,230.86,5,61.62687670914896,Gold,1.0,North,Credit Card,False,1142.76
T003947,2025-06-10,Beauty,37.13,8,38.305223851402864,Silver,17.1,North,Digital Wallet,True,246.25
T003948,2025-03-16,Home & Kitchen,67.1,5,44.43673101871042,Bronze,7.3,North,Credit Card,True,311.01
T003949,2025-03-18,Sports,32.08,6,33.570241004667466,Silver,2.1,North,Digital Wallet,False,188.44
T003950,2025-02-19,Sports,55.13,1,27.296580486931592,Silver,2.6,South,Credit Card,False,53.7
T003951,2025-01-11,Sports,69.46,3,39.66494784412656,Bronze,1.5,West,PayPal,False,205.25
T003952,2025-04-05,Home & Kitchen,75.14,6,32.647098125920905,Silver,13.9,West,Digital Wallet,True,388.17
T003953,2025-06-05,Clothing,55.76,7,,Bronze,6.4,East,Digital Wallet,False,365.34
T003954,2025-03-11,Clothing,40.83,5,33.23256762423229,Bronze,7.1,North,Credit Card,False,189.66
T003955,2025-06-18,Clothing,56.99,5,25.92138451184424,Silver,10.3,East,PayPal,True,255.6
T003956,2025-01-16,Electronics,254.01,4,40.58618457368381,Silver,4.0,North,PayPal,False,975.4
T003957,2025-03-09,Home & Kitchen,72.22,4,18.87532795168113,Gold,3.1,East,PayPal,False,279.92
T003958,2025-04-09,Home & Kitchen,87.65,4,48.063579778399514,Silver,12.2,North,Credit Card,True,307.83
T003959,2025-02-17,Sports,34.57,6,21.719870545795366,Bronze,1.1,North,Digital Wallet,False,205.14
T003960,2025-03-05,Electronics,385.24,6,34.879715358398144,Gold,16.6,East,Credit Card,True,1927.74
T003961,2025-03-31,Clothing,47.27,4,56.01687677235924,Bronze,0.3,East,Credit Card,False,188.51
T003962,2025-03-17,Electronics,288.96,5,50.5816927048414,Platinum,0.0,North,Cash,False,1444.8
T003963,2025-05-19,Electronics,178.06,2,41.98149168298736,Bronze,4.2,East,Digital Wallet,False,341.16
T003964,2025-04-11,Electronics,335.18,4,68.30071456716469,Bronze,1.8,West,Credit Card,False,1316.59
T003965,2025-03-30,Home & Kitchen,75.18,2,43.1240278577914,Bronze,9.7,East,PayPal,False,135.78
T003966,2025-01-18,Electronics,198.96,3,54.69407557203344,Silver,7.7,East,Credit Card,False,550.92
T003967,2025-01-19,Home & Kitchen,99.98,2,34.48455962620096,Bronze,0.5,East,Credit Card,False,198.96
T003968,2025-02-24,Electronics,197.05,4,18.0,Bronze,0.7,South,Digital Wallet,False,782.68
T003969,2025-04-12,Sports,55.5,3,44.72746376201886,Bronze,7.1,North,Digital Wallet,False,154.68
T003970,2025-04-28,Sports,55.7,2,47.325466437574676,Bronze,5.0,East,Credit Card,True,105.83
T003971,2025-06-03,Beauty,38.48,5,46.94695387970631,Bronze,10.4,West,PayPal,True,172.39
T003972,2025-05-14,Sports,69.53,3,24.69806744924257,Bronze,12.9,West,Cash,True,181.68
T003973,2025-01-04,Beauty,31.4,9,70.0,Silver,3.2,West,Credit Card,False,273.56
T003974,2025-04-18,Sports,56.1,5,28.741413710929617,Silver,5.7,South,Credit Card,False,264.51
T003975,2025-04-25,Home & Kitchen,64.07,2,43.22475392669394,Silver,4.6,South,Credit Card,True,122.25
T003976,2025-01-29,Electronics,263.73,2,45.00812050452776,Gold,2.9,West,Credit Card,False,512.16
T003977,2025-02-28,Clothing,66.39,3,51.83093564672915,Silver,9.1,East,Credit Card,False,181.05
T003978,2025-05-05,Electronics,240.71,6,33.72596174336522,Bronze,12.7,East,Credit Card,True,1260.84
T003979,2025-04-08,Home & Kitchen,61.44,2,48.275323801043754,Platinum,3.0,West,Credit Card,False,119.19
T003980,2025-01-17,Clothing,31.92,6,61.421244961859344,Silver,12.5,West,Credit Card,True,167.58
T003981,2025-04-17,Sports,194.38,7,36.499218043900676,Silver,3.0,West,Credit Card,False,1319.84
T003982,2025-02-12,Beauty,17.07,6,35.92967685366419,Silver,14.7,West,Credit Card,True,87.36
T003983,2025-03-21,Clothing,46.42,10,29.88193263426847,Bronze,4.2,North,PayPal,False,444.7
T003984,2025-06-11,Clothing,56.44,2,44.918877679496276,Gold,9.7,East,Digital Wallet,False,101.93
T003985,2025-01-08,Beauty,22.95,10,,Gold,4.4,South,Digital Wallet,False,219.4
T003986,2025-05-21,Clothing,46.31,9,50.29886722474018,Platinum,1.4,North,Digital Wallet,False,410.95
T003987,2025-04-16,Sports,61.48,3,36.201175383521175,Silver,12.9,West,Credit Card,True,160.65
T003988,2025-01-08,Electronics,300.18,3,39.12717904169688,Platinum,4.1,North,Digital Wallet,False,863.62
T003989,2025-04-06,Home & Kitchen,82.2,2,30.050890198594136,Silver,0.6,West,Digital Wallet,False,163.41
T003990,2025-04-04,Clothing,39.96,5,67.80800817942414,Bronze,8.5,East,Digital Wallet,False,182.82
T003991,2025-03-06,Sports,45.03,5,43.22257781063266,Bronze,10.0,West,Credit Card,False,202.64
T003992,2025-06-20,Home & Kitchen,78.14,3,28.163494043861363,Bronze,5.2,South,Credit Card,False,222.23
T003993,2025-02-08,Electronics,174.95,1,45.325802053109825,Silver,4.3,North,Credit Card,False,167.43
T003994,2025-03-22,Electronics,269.72,4,21.66459277802985,Bronze,,West,Credit Card,True,
T003995,2025-03-25,Clothing,51.46,4,34.099369447968726,Bronze,4.8,West,Credit Card,False,195.96
T003996,2025-03-29,Beauty,38.71,6,47.10654480092957,Platinum,16.0,West,Digital Wallet,True,195.1
T003997,2025-03-27,Sports,50.93,5,48.242493307769294,Gold,9.3,North,Digital Wallet,True,230.97
T003998,2025-04-03,Clothing,49.96,7,52.74152884784148,Gold,4.2,East,PayPal,False,335.03
T003999,2025-03-27,Clothing,55.21,6,57.63736738623083,Bronze,4.0,South,Credit Card,False,318.01
T004000,2025-02-13,Clothing,47.84,5,39.885313304758476,Bronze,11.5,East,Credit Card,True,211.69
T004001,2025-05-17,Home & Kitchen,87.69,3,52.720116912215424,Bronze,7.3,East,PayPal,False,243.87
T004002,2025-06-14,Sports,60.31,3,51.63913332884788,Silver,5.5,North,PayPal,False,170.98
T004003,2025-03-15,Clothing,38.03,6,52.12294031375785,Gold,8.6,East,Credit Card,False,208.56
T004004,2025-02-05,Home & Kitchen,87.21,4,24.204894919421818,Bronze,19.7,North,Credit Card,True,280.12
T004005,2025-04-11,Home & Kitchen,74.93,2,45.11355196409742,Bronze,2.4,North,PayPal,False,146.26
T004006,2025-06-05,Beauty,40.04,4,38.51738359662855,Bronze,0.7,North,Credit Card,True,159.04
T004007,2025-06-19,Beauty,21.61,11,57.64398579348297,Silver,7.6,East,PayPal,False,219.64
T004008,2025-06-20,Sports,70.47,5,43.28770211359235,Gold,8.6,West,Digital Wallet,False,322.05
T004009,2025-06-19,Home & Kitchen,80.77,1,,Gold,7.2,West,Cash,False,74.95
T004010,2025-04-14,Clothing,43.07,8,38.269291447183846,Bronze,1.4,North,Digital Wallet,False,339.74
T004011,2025-03-07,Sports,60.73,3,37.580232076149514,Silver,7.1,South,Credit Card,False,169.25
T004012,2025-02-24,Clothing,32.99,3,43.8912894648011,Bronze,1.9,North,Digital Wallet,False,97.09
T004013,2025-06-25,Clothing,39.2,5,45.86401469387191,Platinum,16.6,North,PayPal,True,163.46
T004014,2025-04-01,Clothing,37.65,9,39.57962065956893,Silver,4.0,South,PayPal,False,325.3
T004015,2025-01-22,Sports,49.9,6,38.11626873141485,Bronze,8.8,East,Credit Card,False,273.05
T004016,2025-04-11,Electronics,338.37,1,30.53887620496665,Silver,10.6,West,Digital Wallet,True,302.5
T004017,2025-06-04,Clothing,30.43,3,59.30928944925037,Bronze,1.5,East,Credit Card,False,89.92
T004018,2025-05-01,Clothing,54.2,2,38.695667451527385,Silver,2.5,West,Credit Card,True,105.69
T004019,2025-04-03,Electronics,206.3,2,44.87697105848312,Gold,13.6,North,PayPal,True,356.49
T004020,2025-04-18,Electronics,244.89,4,46.994652298937915,Silver,2.2,East,Credit Card,False,958.01
T004021,2025-05-21,Sports,58.83,8,45.281923213209424,Platinum,0.3,East,Credit Card,False,469.23
T004022,2025-06-22,Sports,39.98,9,36.47610924979132,Bronze,13.7,North,Credit Card,True,310.52
T004023,2025-01-10,Clothing,36.31,6,49.13546663211795,Bronze,6.7,North,Credit Card,False,203.26
T004024,2025-01-09,Sports,50.87,3,59.17099348711149,Gold,10.6,North,Credit Card,True,136.43
T004025,2025-06-04,Sports,48.14,6,50.09568399093856,Bronze,4.1,West,Credit Card,False,277.0
T004026,2025-02-03,Clothing,52.86,4,47.206617935188405,Bronze,2.7,North,Credit Card,False,205.73
T004027,2025-05-09,Home & Kitchen,86.65,5,49.78040933009179,Silver,4.8,West,Digital Wallet,False,412.45
T004028,2025-06-09,Beauty,20.99,6,42.79108713204834,Gold,12.7,West,PayPal,True,109.95
T004029,2025-03-30,Clothing,40.45,5,38.68639408059103,Silver,4.4,East,Credit Card,False,193.35
T004030,2025-04-03,Electronics,244.5,4,64.97198182531143,Platinum,6.8,West,Digital Wallet,False,911.5
T004031,2025-03-12,Beauty,31.59,7,60.398829959912014,Gold,2.4,North,PayPal,False,215.82
T004032,2025-03-08,Home & Kitchen,76.22,5,36.227952221607694,Silver,5.1,East,Credit Card,False,361.66
T004033,2025-05-28,Electronics,272.28,3,55.61655913006586,Platinum,1.2,North,Credit Card,False,807.04
T004034,2025-04-27,Home & Kitchen,70.53,5,47.59640551084199,Silver,5.8,North,Credit Card,False,332.2
T004035,2025-04-04,Clothing,49.74,8,43.55852181303341,Silver,4.6,East,Digital Wallet,False,379.62
T004036,2025-06-12,Sports,67.13,4,60.09398522847928,Silver,13.1,East,Digital Wallet,True,233.34
T004037,2025-04-09,Clothing,54.1,7,43.40120295013567,Silver,5.8,East,Credit Card,False,356.74
T004038,2025-04-23,Clothing,47.21,6,45.057510129367635,Platinum,15.5,South,PayPal,True,239.35
T004039,2025-04-13,Home & Kitchen,79.48,7,47.86735756600189,Gold,2.8,West,Credit Card,False,540.78
T004040,2025-04-01,Clothing,50.09,2,27.185897720802195,Bronze,18.5,South,Digital Wallet,True,81.65
T004041,2025-03-31,Electronics,255.1,5,45.27858401079264,Bronze,3.4,East,PayPal,True,1232.13
T004042,2025-01-17,Home & Kitchen,83.69,6,25.387550455523407,Silver,5.8,West,Credit Card,False,473.02
T004043,2025-01-18,Sports,58.19,5,49.026446022490845,Bronze,7.9,West,Credit Card,False,267.96
T004044,2025-06-22,Electronics,316.07,5,48.518956649523034,Gold,9.2,East,PayPal,False,1434.96
T004045,2025-04-26,Home & Kitchen,72.38,3,56.105302787994205,Gold,4.2,East,PayPal,False,208.02
T004046,2025-04-03,Clothing,63.78,3,49.50930533834804,Bronze,6.2,West,PayPal,False,179.48
T004047,2025-04-01,Clothing,42.03,7,70.0,Gold,9.7,North,Digital Wallet,True,265.67
T004048,2025-03-23,Clothing,34.98,4,25.053653376447592,Silver,13.9,North,Cash,True,120.47
T004049,2025-03-09,Clothing,47.41,4,41.770502647568534,Bronze,3.4,North,Credit Card,False,183.19
T004050,2025-04-24,Sports,42.57,6,54.5906047238585,Silver,6.0,East,Digital Wallet,False,240.09
T004051,2025-01-01,Clothing,50.8,5,55.710227720210824,Platinum,12.5,West,Credit Card,True,222.25
T004052,2025-02-27,Home & Kitchen,72.18,5,35.11835934091023,Bronze,8.1,North,Digital Wallet,False,331.67
T004053,2025-06-03,Electronics,299.32,2,56.23481361840747,Silver,3.9,North,Digital Wallet,False,575.29
T004054,2025-04-19,Beauty,25.57,5,24.435506541089055,Silver,11.8,West,Digital Wallet,True,112.76
T004055,2025-05-28,Home & Kitchen,75.1,6,32.33746646485721,Bronze,16.5,South,PayPal,True,376.25
T004056,2025-04-26,Home & Kitchen,102.36,2,46.93761309987158,Bronze,3.4,East,PayPal,False,197.76
T004057,2025-03-28,Clothing,55.64,6,45.36231231749684,Silver,10.1,East,Credit Card,True,300.12
T004058,2025-01-10,Clothing,45.43,5,57.05356324565603,Silver,8.8,West,PayPal,False,207.16
T004059,2025-02-28,Electronics,235.28,4,52.705070251405736,Silver,6.9,North,Credit Card,False,876.18
T004060,2025-02-10,Beauty,23.12,4,36.747332633302236,Bronze,9.2,East,Credit Card,False,83.97
T004061,2025-04-15,Clothing,29.81,9,57.10120241993299,Platinum,8.4,North,Credit Card,False,245.75
T004062,2025-05-13,Home & Kitchen,63.05,3,48.609546527333784,Gold,1.1,East,PayPal,False,187.07
T004063,2025-05-02,Home & Kitchen,101.55,4,51.9329814023814,Silver,8.6,South,Digital Wallet,False,371.27
T004064,2025-05-25,Clothing,47.78,6,51.62171584663332,Bronze,16.6,North,Credit Card,True,239.09
T004065,2025-01-22,Home & Kitchen,64.86,2,39.0878856879937,Bronze,11.5,South,Credit Card,True,114.8
T004066,2025-04-08,Home & Kitchen,89.71,2,53.86865180758688,Bronze,12.9,East,Credit Card,True,156.27
T004067,2025-06-18,Home & Kitchen,64.76,3,46.118877853326204,Silver,6.9,West,Credit Card,False,180.87
T004068,2025-03-09,Clothing,53.36,5,52.88442501058692,Gold,9.7,West,Credit Card,False,240.92
T004069,2025-05-19,Clothing,41.05,6,59.87609259418353,Bronze,9.8,East,Credit Card,False,222.16
T004070,2025-02-25,Electronics,289.92,4,40.84208775187012,Bronze,0.9,West,Credit Card,False,1149.24
T004071,2025-06-28,Sports,36.14,5,54.487853661696874,Gold,8.7,East,Cash,False,164.98
T004072,2025-05-29,Home & Kitchen,256.08,2,37.89093902131767,Silver,14.2,West,Credit Card,True,439.43
T004073,2025-04-09,Clothing,51.55,5,36.43032460264949,Bronze,0.9,South,PayPal,False,255.43
T004074,2025-03-17,Beauty,33.17,4,41.90737440642239,Silver,13.7,East,Credit Card,True,114.5
T004075,2025-01-26,Electronics,247.93,3,41.877865179841045,Silver,2.9,North,Credit Card,False,722.22
T004076,2025-04-25,Sports,71.74,6,47.56889545845167,Silver,2.0,West,Credit Card,True,421.83
T004077,2025-05-27,Beauty,28.8,7,28.467559404359143,Bronze,15.1,East,Digital Wallet,True,171.16
T004078,2025-04-19,Sports,58.78,6,48.75634628237941,Bronze,19.8,West,Credit Card,True,282.85
T004079,2025-02-16,Sports,40.19,7,40.2397295238564,Bronze,1.7,South,Credit Card,False,276.55
T004080,2025-03-12,Clothing,50.18,3,19.299304846265535,Gold,12.5,North,Credit Card,True,131.72
T004081,2025-06-03,Electronics,275.7,4,46.803606642664846,Bronze,15.0,South,PayPal,True,937.38
T004082,2025-02-09,Home & Kitchen,55.13,5,58.970740690393356,Bronze,6.1,East,PayPal,False,258.84
T004083,2025-05-13,Clothing,34.24,4,54.7777399563094,Bronze,24.6,North,Credit Card,True,103.27
T004084,2025-05-29,Electronics,316.71,4,41.98864265300644,Bronze,6.5,North,PayPal,False,1184.5
T004085,2025-05-12,Sports,61.09,3,36.86485329012794,Gold,9.4,North,PayPal,False,166.04
T004086,2025-01-23,Clothing,52.18,1,52.45026210803135,Bronze,7.1,North,Digital Wallet,False,48.48
T004087,2025-04-16,Beauty,29.58,4,36.871845770480064,Silver,7.3,East,Digital Wallet,False,109.68
T004088,2025-03-25,Sports,495.0420152171393,6,41.47721022179822,Silver,6.0,West,PayPal,False,2792.04
T004089,2025-05-23,Sports,50.77,4,70.0,Silver,7.6,South,PayPal,False,187.65
T004090,2025-04-26,Sports,50.87,4,59.84504366855927,Platinum,24.2,West,PayPal,True,154.24
T004091,2025-04-19,Sports,58.87,3,39.840012553439564,Bronze,2.8,South,Credit Card,False,171.66
T004092,2025-05-16,Sports,37.13,12,50.22131409727045,Bronze,0.1,West,Digital Wallet,False,445.11
T004093,2025-02-10,Home & Kitchen,79.61,5,61.130293108070106,Bronze,2.8,North,Credit Card,False,386.9
T004094,2025-04-22,Clothing,35.43,5,47.614483667354385,Bronze,8.8,East,PayPal,False,161.56
T004095,2025-05-27,Sports,53.38,3,28.912377324598385,Bronze,8.3,East,Credit Card,False,146.85
T004096,2025-04-22,Sports,53.27,7,46.13064077127863,Silver,14.8,North,Digital Wallet,True,317.7
T004097,2025-04-13,Clothing,44.36,8,39.2732004148524,Silver,0.6,North,Credit Card,False,352.75
T004098,2025-02-15,Electronics,268.41,5,39.52559647084147,Bronze,11.3,South,PayPal,True,1190.4
T004099,2025-06-05,Home & Kitchen,112.48,4,33.9721648128541,Silver,5.9,West,Credit Card,False,423.37
T004100,2025-03-09,Electronics,216.41,4,28.800125912894025,Bronze,0.3,West,PayPal,False,863.04
T004101,2025-05-02,Beauty,42.67,4,35.206582509568,Platinum,8.2,East,Credit Card,False,156.68
T004102,2025-01-15,Beauty,31.06,6,51.16451328150968,Platinum,2.7,North,Cash,True,181.33
T004103,2025-06-14,Electronics,223.75,4,53.916283099005284,Bronze,17.0,North,Credit Card,True,742.85
T004104,2025-05-09,Home & Kitchen,87.62,5,67.61362425589024,Gold,10.0,East,Credit Card,True,394.29
T004105,2025-04-21,Electronics,182.03,4,36.26839617129772,Platinum,2.8,South,PayPal,False,707.73
T004106,2025-01-24,Home & Kitchen,56.39,7,32.67709884517978,Bronze,2.9,East,Credit Card,False,383.28
T004107,2025-01-27,Clothing,32.66,7,52.70525094238395,Bronze,1.8,South,Credit Card,True,224.5
T004108,2025-02-09,Home & Kitchen,74.87,5,24.357170834622817,Bronze,10.6,South,Digital Wallet,True,334.67
T004109,2025-06-13,Clothing,46.99,8,18.193711621252387,Bronze,8.2,West,Digital Wallet,False,345.09
T004110,2025-01-24,Electronics,178.8,2,52.226108520413746,Platinum,2.5,East,Credit Card,False,348.66
T004111,2025-01-24,Clothing,59.19,6,31.039721246993413,Gold,15.7,East,PayPal,True,299.38
T004112,2025-01-04,Electronics,318.72,2,33.885054220747875,Platinum,15.9,North,PayPal,True,536.09
T004113,2025-03-08,Home & Kitchen,77.15,6,49.755382281979436,Bronze,10.6,South,Credit Card,True,413.83
T004114,2025-02-03,Electronics,172.98,4,42.99241894017093,Bronze,8.7,West,Credit Card,False,631.72
T004115,2025-06-26,Clothing,47.13,3,,Silver,6.6,East,Digital Wallet,False,132.06
T004116,2025-04-26,Sports,37.72,5,26.511560422893027,Gold,0.7,South,Credit Card,False,187.28
T004117,2025-01-23,Sports,65.73,3,35.61965231755289,Silver,5.6,West,Digital Wallet,False,186.15
T004118,2025-04-19,Sports,59.18,2,36.174695270586156,Platinum,1.8,North,Credit Card,False,116.23
T004119,2025-03-10,Beauty,34.07,4,37.213849734529646,Platinum,9.1,North,Credit Card,False,123.88
T004120,2025-04-05,Electronics,267.01,4,49.37397240377746,Bronze,3.2,East,Credit Card,False,1033.86
T004121,2025-03-03,Electronics,335.18,5,46.01400224913192,Bronze,4.0,South,Credit Card,False,1608.86
T004122,2025-06-18,Home & Kitchen,65.6,2,39.53133076062353,Bronze,4.4,South,Credit Card,True,125.43
T004123,2025-02-26,Sports,50.68,3,43.659138301408724,Silver,5.3,East,Credit Card,False,143.98
T004124,2025-02-23,Beauty,29.79,4,63.57168224834179,Platinum,11.2,North,Digital Wallet,True,105.81
T004125,2025-03-11,Electronics,286.82,3,,Silver,14.2,North,Credit Card,True,738.27
T004126,2025-04-11,Clothing,51.0,5,59.53878302017653,Platinum,5.9,East,Digital Wallet,False,239.96
T004127,2025-02-26,Electronics,226.32,1,35.296365435047356,Silver,4.1,North,Digital Wallet,False,217.04
T004128,2025-05-18,Sports,44.46,6,39.6996581441211,Bronze,3.9,West,Credit Card,False,256.36
T004129,2025-06-17,Home & Kitchen,70.28,5,38.18869877380649,Gold,2.0,West,PayPal,False,344.37
T004130,2025-05-15,Electronics,237.04,3,46.76142585812748,Silver,14.6,East,PayPal,True,607.3
T004131,2025-04-13,Clothing,51.25,5,47.865666170025754,Bronze,6.9,South,Digital Wallet,False,238.57
T004132,2025-06-15,Home & Kitchen,80.78,4,,Gold,8.5,West,Credit Card,False,295.65
T004133,2025-03-26,Sports,72.78,2,18.0,Silver,6.5,West,Cash,False,136.1
T004134,2025-03-02,Electronics,185.18,2,31.378470847204888,Silver,16.0,North,PayPal,True,311.1
T004135,2025-01-03,Sports,71.41,3,45.15023047613485,Bronze,7.9,North,PayPal,False,197.31
T004136,2025-05-08,Home & Kitchen,92.68,3,64.42586904228443,Silver,5.1,North,PayPal,False,263.86
T004137,2025-06-28,Sports,43.58,6,35.95829257948207,Silver,13.5,West,Credit Card,True,226.18
T004138,2025-03-27,Sports,36.79,5,68.76732795007338,Bronze,0.4,South,PayPal,False,183.21
T004139,2025-02-16,Electronics,241.51,4,26.01386001122806,Bronze,13.0,North,Digital Wallet,True,840.45
T004140,2025-03-17,Electronics,268.09,8,44.93930185988848,Bronze,7.1,South,Credit Card,False,1992.44
T004141,2025-02-07,Home & Kitchen,95.12,6,40.07784319981056,Bronze,6.6,West,Credit Card,False,533.05
T004142,2025-06-13,Electronics,195.23,3,36.068434448661655,Gold,10.5,North,Credit Card,True,524.19
T004143,2025-06-18,Sports,46.87,6,52.81927137601628,Gold,4.8,South,Credit Card,False,267.72
T004144,2025-05-21,Home & Kitchen,93.76,7,41.0903401527568,Bronze,7.4,North,Credit Card,True,607.75
T004145,2025-03-28,Sports,49.22,8,23.93327364208997,Bronze,7.1,West,Cash,False,365.8
T004146,2025-02-27,Clothing,46.59,8,18.47091522246875,Bronze,8.1,North,PayPal,False,342.53
T004147,2025-02-19,Clothing,41.11,5,29.265899035500468,Bronze,7.5,West,PayPal,False,190.13
T004148,2025-01-30,Home & Kitchen,98.53,2,49.59282391115767,Gold,12.7,West,Digital Wallet,True,172.03
T004149,2025-04-11,Electronics,258.32,5,39.58127339477071,Bronze,8.5,South,Cash,False,1181.81
T004150,2025-01-25,Home & Kitchen,73.28,2,54.42270298668086,Silver,5.9,West,Credit Card,False,137.91
T004151,2025-04-22,Sports,49.62,9,40.22704655089875,Bronze,5.5,South,PayPal,False,422.02
T004152,2025-06-04,Clothing,47.64,4,45.339133036794216,Bronze,5.8,North,Credit Card,False,179.51
T004153,2025-06-28,Sports,57.56,2,60.12106409770787,Bronze,4.5,South,Credit Card,True,109.94
T004154,2025-05-06,Electronics,231.8,4,39.758484790107545,Silver,4.9,West,PayPal,False,881.77
T004155,2025-05-03,Clothing,56.07,3,65.50847764918474,Bronze,11.4,East,PayPal,True,149.03
T004156,2025-02-16,Beauty,32.38,7,50.15374002541753,Silver,3.8,North,Digital Wallet,True,218.05
T004157,2025-04-28,Beauty,23.8,7,30.68591408927716,Silver,11.6,North,Credit Card,True,147.27
T004158,2025-02-08,Clothing,55.54,4,27.535681571574877,Silver,1.5,East,Digital Wallet,False,218.83
T004159,2025-01-16,Beauty,24.73,5,24.71901165256108,Bronze,10.0,West,Cash,False,111.29
T004160,2025-01-22,Clothing,38.58,5,42.44221747307494,Bronze,3.2,West,Credit Card,True,186.73
T004161,2025-02-23,Clothing,37.68,9,,Silver,6.9,West,Digital Wallet,False,315.72
T004162,2025-05-29,Clothing,44.46,6,63.23045879727178,Silver,18.9,East,Credit Card,True,216.34
T004163,2025-01-16,Beauty,28.0,11,68.86784190282904,Silver,6.1,South,Cash,False,289.21
T004164,2025-02-28,Electronics,216.73,1,22.776257509900724,Bronze,2.9,West,Credit Card,False,210.44
T004165,2025-01-31,Home & Kitchen,64.76,2,45.01418956902313,Bronze,0.5,West,Digital Wallet,True,128.87
T004166,2025-06-19,Home & Kitchen,102.8,6,18.455516324035138,Bronze,13.8,West,Cash,True,531.68
T004167,2025-02-01,Home & Kitchen,97.89,5,50.52913151274892,Gold,4.0,South,Credit Card,False,469.87
T004168,2025-06-11,Clothing,52.29,6,53.32151759794424,Gold,8.9,West,Credit Card,False,285.82
T004169,2025-01-09,Clothing,47.1,6,,Silver,9.7,South,Digital Wallet,True,255.19
T004170,2025-05-19,Electronics,218.82,3,,Bronze,5.9,East,Credit Card,False,617.73
T004171,2025-01-10,Home & Kitchen,223.48,10,34.08518394358976,Silver,6.8,North,Credit Card,False,2082.83
T004172,2025-01-17,Home & Kitchen,75.2,4,42.52555689805177,Silver,3.3,West,Credit Card,False,290.87
T004173,2025-03-09,Home & Kitchen,104.19,5,50.566225924164875,Gold,14.9,West,Cash,True,443.33
T004174,2025-02-17,Home & Kitchen,53.77,5,39.7551239718504,Bronze,2.9,East,Credit Card,False,261.05
T004175,2025-06-29,Electronics,293.45,7,56.69857417209419,Platinum,10.9,East,Credit Card,True,1830.25
T004176,2025-04-21,Sports,66.74,6,33.74111665791148,Bronze,3.2,West,Credit Card,False,387.63
T004177,2025-06-02,Home & Kitchen,86.89,6,38.17596198143577,Gold,1.9,North,PayPal,False,511.43
T004178,2025-05-03,Electronics,189.08,7,18.0,Bronze,10.6,South,Credit Card,True,1183.26
T004179,2025-05-29,Clothing,45.1,5,69.86199218370726,Gold,3.4,East,PayPal,False,217.83
T004180,2025-04-11,Sports,53.89,3,18.11025484187259,Bronze,12.1,West,Credit Card,True,142.11
T004181,2025-04-12,Sports,54.04,4,55.360442913916756,Silver,4.0,West,Credit Card,False,207.51
T004182,2025-03-06,Clothing,47.56,8,47.12158470832402,Gold,8.0,East,Digital Wallet,False,350.04
T004183,2025-02-20,Home & Kitchen,117.15,5,41.93254844528109,Bronze,5.9,North,Credit Card,False,551.19
T004184,2025-02-05,Electronics,245.17,4,31.320122915534427,Silver,5.1,South,Credit Card,False,930.67
T004185,2025-03-22,Electronics,280.0,6,36.45648274817487,Silver,3.0,North,Credit Card,False,1629.6
T004186,2025-05-07,Home & Kitchen,75.05,2,37.302011356846904,Bronze,4.7,North,PayPal,False,143.05
T004187,2025-03-29,Home & Kitchen,66.68,4,35.71463078328287,Gold,6.2,North,PayPal,False,250.18
T004188,2025-04-14,Sports,44.83,4,18.0,Platinum,10.8,South,Cash,True,159.95
T004189,2025-01-15,Clothing,61.06,4,48.99598045561194,Bronze,12.7,South,Credit Card,True,213.22
T004190,2025-04-06,Electronics,289.99,3,49.848380052130565,Gold,0.6,East,PayPal,False,864.75
T004191,2025-06-16,Clothing,39.59,4,37.82469608822633,Bronze,2.3,North,Credit Card,False,154.72
T004192,2025-05-03,Electronics,173.02,3,41.468664972376835,Platinum,4.1,West,Credit Card,False,497.78
T004193,2025-01-01,Electronics,307.22,10,48.92652126778541,Silver,4.0,West,Credit Card,False,2949.31
T004194,2025-05-31,Clothing,44.51,4,25.421675943569035,Platinum,8.9,West,Credit Card,False,162.19
T004195,2025-05-02,Clothing,50.32,5,22.583647625593272,Bronze,6.2,South,PayPal,False,236.0
T004196,2025-06-16,Clothing,39.61,4,42.11166615494739,Gold,4.2,South,Credit Card,False,151.79
T004197,2025-05-06,Home & Kitchen,76.02,2,,Silver,6.2,East,Credit Card,True,142.61
T004198,2025-02-26,Electronics,219.06,5,36.8911559959194,Bronze,0.1,East,PayPal,False,1094.2
T004199,2025-03-22,Electronics,257.38,4,49.251597569512214,Silver,2.0,North,Digital Wallet,False,1008.93
T004200,2025-06-11,Home & Kitchen,93.38,5,37.25652743183358,Silver,6.0,East,Digital Wallet,True,438.89
T004201,2025-06-18,Electronics,274.66,4,47.30061012654513,Platinum,8.9,South,Digital Wallet,False,1000.86
T004202,2025-03-14,Home & Kitchen,90.93,2,63.29685102048475,Silver,9.1,East,Credit Card,False,165.31
T004203,2025-05-21,Electronics,343.15,4,67.1972153155699,Platinum,15.5,East,PayPal,True,1159.85
T004204,2025-03-11,Clothing,528.0084172855812,4,52.38112852363848,Gold,5.0,North,Digital Wallet,False,2006.43
T004205,2025-01-06,Electronics,220.99,3,18.0,Bronze,3.1,West,Cash,False,642.42
T004206,2025-03-25,Electronics,218.2,4,49.57644123956652,Bronze,3.9,North,Credit Card,False,838.76
T004207,2025-02-21,Home & Kitchen,93.19,2,60.65939741634055,Gold,1.4,West,PayPal,False,183.77
T004208,2025-01-03,Beauty,33.99,10,45.20307152867051,Gold,7.4,East,PayPal,True,314.75
T004209,2025-03-22,Electronics,331.82,3,34.00860179325791,Gold,2.9,South,PayPal,False,966.59
T004210,2025-03-04,Clothing,39.33,7,37.079734622263786,Silver,11.7,North,Cash,True,243.1
T004211,2025-02-18,Home & Kitchen,85.57,3,56.75510851740993,Platinum,12.3,East,Credit Card,True,225.13
T004212,2025-03-17,Clothing,43.25,5,35.61690100733954,Gold,4.2,South,Credit Card,False,207.17
T004213,2025-04-22,Sports,39.18,8,30.57470911948213,Platinum,11.1,West,PayPal,True,278.65
T004214,2025-06-24,Electronics,208.46,5,34.16303819996158,Silver,8.4,West,Digital Wallet,False,954.75
T004215,2025-04-19,Beauty,28.46,4,42.693151026200646,Gold,4.1,North,Credit Card,False,109.17
T004216,2025-03-06,Clothing,34.91,4,39.33047542815508,Bronze,2.3,South,Credit Card,False,136.43
T004217,2025-03-22,Clothing,39.93,6,22.669911771111433,Silver,2.4,South,PayPal,False,233.83
T004218,2025-01-15,Sports,70.0,6,36.85759260042074,Bronze,5.1,East,Credit Card,False,398.58
T004219,2025-04-10,Home & Kitchen,97.23,3,64.76371131230373,Bronze,4.0,North,Credit Card,False,280.02
T004220,2025-02-01,Clothing,41.85,8,44.24139616648068,Silver,2.4,West,Credit Card,False,326.76
T004221,2025-04-06,Home & Kitchen,70.49,3,49.341621282786654,Gold,3.7,West,Cash,False,203.65
T004222,2025-05-08,Home & Kitchen,35.77,6,24.954928149320033,Bronze,8.2,East,Credit Card,True,197.02
T004223,2025-05-26,Electronics,178.45,3,49.979757388007314,Bronze,5.2,West,PayPal,False,507.51
T004224,2025-04-23,Home & Kitchen,79.42,7,60.06401211618068,Bronze,1.4,South,PayPal,True,548.16
T004225,2025-03-24,Electronics,253.32,4,45.816271042324686,Silver,6.3,South,Credit Card,False,949.44
T004226,2025-02-12,Sports,32.63,6,27.525890735556747,Bronze,14.1,East,Credit Card,True,168.18
T004227,2025-04-26,Beauty,29.51,8,49.68593459113883,Bronze,3.9,South,Credit Card,False,226.87
T004228,2025-06-12,Clothing,52.71,1,51.739409064251745,Silver,6.3,North,PayPal,False,49.39
T004229,2025-03-19,Clothing,47.21,4,33.59476455955278,Bronze,5.8,South,Credit Card,False,177.89
T004230,2025-02-27,Electronics,263.57,3,54.825807104823596,Gold,2.0,West,Digital Wallet,False,774.9
T004231,2025-02-02,Electronics,247.14,3,47.41428152821468,Bronze,2.4,East,Credit Card,False,723.63
T004232,2025-01-14,Beauty,31.76,4,18.087071373802072,Silver,9.1,West,Credit Card,True,115.48
T004233,2025-06-11,Electronics,310.74,3,34.94427520841458,Silver,7.2,South,Credit Card,False,865.1
T004234,2025-05-12,Clothing,48.9,3,37.96439031824542,Bronze,3.1,West,Credit Card,False,142.15
T004235,2025-02-28,Sports,45.13,7,41.31541269811481,Silver,,West,PayPal,True,
T004236,2025-06-06,Sports,63.7,4,41.94656342861593,Bronze,8.4,North,Digital Wallet,False,233.4
T004237,2025-03-24,Clothing,42.52,4,51.472292585337954,Platinum,3.5,South,Cash,False,164.13
T004238,2025-05-14,Home & Kitchen,69.15,1,51.892303957866844,Platinum,6.5,North,PayPal,False,64.66
T004239,2025-05-01,Home & Kitchen,118.06,2,61.38695242810276,Gold,8.0,North,Digital Wallet,False,217.23
T004240,2025-06-26,Beauty,29.56,4,46.06467497184105,Silver,10.6,West,Credit Card,True,105.71
T004241,2025-06-17,Home & Kitchen,223.13,2,59.71662554407514,Silver,2.3,West,Credit Card,False,436.0
T004242,2025-03-24,Home & Kitchen,73.45,2,53.17326506441047,Gold,8.5,North,Credit Card,False,134.41
T004243,2025-01-27,Electronics,201.95,7,56.72182673853348,Bronze,2.1,North,Cash,False,1383.96
T004244,2025-03-21,Electronics,219.23,6,61.153172435811655,Gold,6.3,East,Digital Wallet,False,1232.51
T004245,2025-05-14,Home & Kitchen,69.38,4,37.94685858624936,Silver,4.5,North,Credit Card,False,265.03
T004246,2025-01-13,Beauty,40.26,6,41.03144178977561,Bronze,16.3,North,Cash,True,202.19
T004247,2025-03-05,Sports,55.96,5,,Bronze,9.3,West,Cash,False,253.78
T004248,2025-05-27,Beauty,28.63,5,55.260353464201955,Gold,0.8,South,PayPal,False,142.0
T004249,2025-03-21,Clothing,44.14,9,54.29980466446359,Silver,6.4,South,PayPal,False,371.84
T004250,2025-05-03,Sports,59.03,7,43.73573414531263,Silver,8.1,North,Cash,False,379.74
T004251,2025-02-12,Sports,53.78,2,51.557559220383844,Gold,2.0,South,Digital Wallet,True,105.41
T004252,2025-03-30,Home & Kitchen,68.57,3,54.82600786120902,Silver,8.8,West,Credit Card,False,187.61
T004253,2025-05-28,Clothing,56.5,5,42.230586137125506,Bronze,5.2,North,Credit Card,False,267.81
T004254,2025-04-05,Clothing,42.46,5,47.16095262982772,Silver,10.1,West,PayPal,True,190.86
T004255,2025-06-21,Sports,56.31,3,41.82919271384386,Bronze,2.2,East,Credit Card,False,165.21
T004256,2025-05-31,Clothing,44.78,5,,Gold,3.8,South,Digital Wallet,False,215.39
T004257,2025-01-02,Beauty,31.54,6,33.84893711746676,Silver,4.7,East,Digital Wallet,False,180.35
T004258,2025-04-30,Electronics,186.63,4,25.159648159291983,Bronze,5.7,North,Cash,False,703.97
T004259,2025-01-22,Home & Kitchen,60.05,5,26.592449612797914,Bronze,13.7,West,Credit Card,True,259.12
T004260,2025-04-25,Home & Kitchen,77.88,1,41.14136104573392,Bronze,7.6,West,Credit Card,True,71.96
T004261,2025-02-26,Home & Kitchen,115.6,3,28.548432276984904,Silver,5.5,South,Credit Card,False,327.73
T004262,2025-03-13,Clothing,40.4,5,30.666206328558832,Silver,0.8,East,Credit Card,False,200.38
T004263,2025-01-07,Beauty,29.38,5,32.17269056471341,Bronze,15.1,West,Credit Card,True,124.72
T004264,2025-04-29,Home & Kitchen,64.18,2,38.62187989722159,Gold,10.7,West,PayPal,True,114.63
T004265,2025-04-24,Clothing,49.51,9,55.56710471283194,Bronze,1.0,East,Credit Card,False,441.13
T004266,2025-01-16,Home & Kitchen,72.28,6,18.0,Platinum,0.8,East,Credit Card,False,430.21
T004267,2025-03-24,Clothing,33.97,6,42.57166607497422,Gold,2.0,East,PayPal,False,199.74
T004268,2025-06-28,Clothing,39.78,3,30.90666571637827,Platinum,1.2,West,Credit Card,False,117.91
T004269,2025-03-13,Clothing,39.44,7,41.447261744770444,Gold,4.1,South,Cash,False,264.76
T004270,2025-05-04,Sports,167.7,4,34.540099367283986,Silver,2.9,North,PayPal,True,651.35
T004271,2025-04-23,Clothing,47.24,5,39.77796411950205,Bronze,0.4,West,PayPal,False,235.26
T004272,2025-01-12,Home & Kitchen,62.35,4,23.472873247535766,Bronze,7.2,East,PayPal,False,231.44
T004273,2025-05-06,Clothing,33.13,5,46.92747237582872,Silver,5.1,North,Credit Card,False,157.2
T004274,2025-02-22,Clothing,40.91,6,42.74716714944905,Bronze,2.3,East,PayPal,False,239.81
T004275,2025-03-16,Beauty,27.58,8,43.85515882481325,Bronze,3.4,North,PayPal,False,213.14
T004276,2025-05-13,Home & Kitchen,64.85,7,53.60510409770299,Platinum,7.9,South,PayPal,False,418.09
T004277,2025-01-27,Beauty,23.39,3,25.084266031387244,Bronze,9.9,South,PayPal,False,63.22
T004278,2025-05-20,Electronics,1366.8,1,28.910049699683437,Bronze,1.2,North,Digital Wallet,False,1350.4
T004279,2025-05-25,Electronics,183.77,3,61.928797906902986,Bronze,7.7,North,Credit Card,False,508.86
T004280,2025-05-14,Sports,52.31,4,48.53853100346731,Bronze,,South,Credit Card,False,
T004281,2025-04-07,Home & Kitchen,89.29,2,18.904808580739388,Silver,0.7,West,PayPal,False,177.33
T004282,2025-01-05,Electronics,287.37,4,39.835231717233896,Bronze,5.9,East,Credit Card,False,1081.66
T004283,2025-02-26,Clothing,42.77,10,54.79945244349836,Gold,1.1,North,Digital Wallet,False,423.0
T004284,2025-06-05,Sports,39.69,5,66.99836173380012,Gold,0.3,West,Credit Card,False,197.85
T004285,2025-03-19,Clothing,40.14,7,60.69558344627681,Gold,2.5,North,Digital Wallet,False,273.96
T004286,2025-03-10,Home & Kitchen,92.74,4,36.532476037462516,Platinum,10.9,West,Credit Card,True,330.53
T004287,2025-04-28,Clothing,21.05,4,40.49122881876272,Silver,5.9,North,Credit Card,True,79.23
T004288,2025-04-30,Clothing,37.97,9,20.203747683259493,Bronze,5.6,West,Credit Card,False,322.59
T004289,2025-02-28,Beauty,29.91,3,43.23868718863553,Gold,5.6,East,Credit Card,False,84.71
T004290,2025-02-02,Electronics,254.79,3,44.44781287196144,Bronze,9.6,West,PayPal,False,690.99
T004291,2025-03-03,Clothing,48.17,7,52.88897027162223,Platinum,2.9,South,Cash,False,327.41
T004292,2025-02-19,Sports,38.27,8,18.0,Platinum,16.9,West,Credit Card,True,254.42
T004293,2025-04-22,Electronics,245.74,2,30.912822511292408,Platinum,11.7,East,Credit Card,True,433.98
T004294,2025-01-19,Clothing,45.8,4,39.29530618693659,Platinum,9.3,North,Credit Card,False,166.16
T004295,2025-05-03,Home & Kitchen,68.66,4,52.51214214232444,Bronze,1.5,North,PayPal,False,270.52
T004296,2025-02-16,Clothing,51.2,6,37.18602676718438,Bronze,2.3,South,Credit Card,False,300.13
T004297,2025-06-16,Clothing,35.36,5,70.0,Silver,9.2,North,PayPal,True,160.53
T004298,2025-02-02,Clothing,52.23,1,29.033944965397204,Silver,11.1,North,PayPal,True,46.43
T004299,2025-05-21,Home & Kitchen,80.55,3,36.09182902847231,Bronze,7.1,South,Digital Wallet,False,224.49
T004300,2025-03-25,Home & Kitchen,61.91,4,28.909060561947612,Silver,17.0,North,Digital Wallet,True,205.54
T004301,2025-05-15,Home & Kitchen,76.98,4,39.53570881392957,Bronze,,South,Digital Wallet,False,
T004302,2025-03-20,Electronics,209.69,4,47.69399952658412,Silver,8.8,South,Digital Wallet,False,764.95
T004303,2025-01-14,Home & Kitchen,62.71,2,44.180771338979774,Bronze,4.2,North,Digital Wallet,False,120.15
T004304,2025-05-27,Beauty,30.94,4,31.640826224148373,Silver,2.2,East,Digital Wallet,False,121.04
T004305,2025-05-08,Clothing,52.49,4,56.662915607811954,Platinum,1.1,South,Digital Wallet,False,207.65
T004306,2025-02-23,Home & Kitchen,113.58,5,58.57394739404626,Gold,4.7,West,Credit Card,False,541.21
T004307,2025-05-28,Home & Kitchen,59.93,6,33.60245972017228,Bronze,8.3,West,Cash,False,329.73
T004308,2025-01-29,Sports,47.09,6,70.0,Platinum,6.4,South,Cash,False,264.46
T004309,2025-01-24,Beauty,30.23,4,28.739555302980826,Bronze,2.3,East,PayPal,False,118.14
T004310,2025-03-23,Electronics,300.17,4,42.47124040317225,Silver,6.8,North,Credit Card,False,1119.03
T004311,2025-03-04,Clothing,27.69,6,42.48002938168787,Silver,14.1,West,Credit Card,True,142.71
T004312,2025-04-15,Clothing,39.88,7,28.508496287094967,Silver,9.8,East,Credit Card,False,251.8
T004313,2025-02-26,Clothing,40.01,6,44.39365562544215,Silver,7.7,North,Digital Wallet,False,221.58
T004314,2025-05-16,Electronics,319.81,4,40.5510748853506,Gold,7.6,South,Credit Card,False,1182.02
T004315,2025-03-03,Sports,66.45,3,47.041117224242484,Bronze,7.4,West,Credit Card,True,184.6
T004316,2025-06-06,Electronics,218.98,2,41.988924839589,Silver,9.9,East,Digital Wallet,False,394.6
T004317,2025-01-17,Clothing,39.07,7,51.60015044568702,Bronze,15.8,North,PayPal,True,230.28
T004318,2025-03-07,Home & Kitchen,70.25,8,49.23516832994373,Silver,14.7,North,Cash,True,479.39
T004319,2025-01-06,Electronics,241.22,5,30.112774309008266,Bronze,6.4,West,Cash,False,1128.91
T004320,2025-02-27,Beauty,29.32,8,38.390715210994586,Platinum,15.5,South,Digital Wallet,True,198.2
T004321,2025-03-10,Sports,63.69,7,32.19932439101565,Bronze,10.2,East,Credit Card,True,400.36
T004322,2025-06-05,Clothing,26.0,7,62.00620065868572,Platinum,1.6,West,Credit Card,False,179.09
T004323,2025-03-03,Clothing,47.71,5,53.46367546003609,Silver,6.9,North,Digital Wallet,False,222.09
T004324,2025-06-18,Electronics,226.67,4,45.961617755220395,Silver,5.5,North,PayPal,False,856.81
T004325,2025-03-23,Home & Kitchen,88.87,2,48.418980353001515,Bronze,5.0,North,PayPal,False,168.85
T004326,2025-06-18,Electronics,239.93,2,40.625120251128905,Silver,3.3,East,PayPal,False,464.02
T004327,2025-06-26,Home & Kitchen,95.36,4,43.84233344209502,Silver,11.1,North,Credit Card,True,339.1
T004328,2025-06-26,Sports,47.92,6,33.02667003680665,Gold,10.4,East,Credit Card,True,257.62
T004329,2025-03-12,Electronics,225.0,4,34.04076416143114,Silver,3.4,West,PayPal,False,869.4
T004330,2025-05-11,Sports,32.65,7,49.403881700404355,Bronze,1.5,West,Credit Card,False,225.12
T004331,2025-01-10,Electronics,238.21,1,29.076130866550002,Bronze,1.6,North,PayPal,False,234.4
T004332,2025-04-08,Beauty,17.43,7,33.56062557355513,Bronze,1.3,West,Credit Card,False,120.42
T004333,2025-03-30,Electronics,260.13,7,39.278451993910316,Bronze,10.8,West,Credit Card,True,1624.25
T004334,2025-02-04,Home & Kitchen,92.31,3,23.883708594689843,Gold,12.7,West,Digital Wallet,True,241.76
T004335,2025-01-02,Clothing,52.44,9,54.01089836839078,Bronze,14.8,West,Digital Wallet,True,402.11
T004336,2025-05-04,Sports,65.68,2,49.89829353183899,Bronze,6.0,North,Credit Card,False,123.48
T004337,2025-01-24,Clothing,61.76,5,47.142064739819055,Silver,7.4,East,Digital Wallet,False,285.95
T004338,2025-03-15,Electronics,304.01,4,37.32697914264717,Bronze,1.0,South,Credit Card,False,1203.88
T004339,2025-06-15,Home & Kitchen,86.88,4,56.0875976613291,Platinum,11.7,North,Credit Card,True,306.86
T004340,2025-01-22,Clothing,43.26,8,46.907191422172325,Gold,2.1,South,PayPal,False,338.81
T004341,2025-06-03,Home & Kitchen,75.19,4,53.852293573777104,Silver,11.0,West,Credit Card,True,267.68
T004342,2025-06-20,Sports,55.12,3,54.55111322579623,Platinum,7.3,West,Credit Card,True,153.29
T004343,2025-02-08,Clothing,136.15,4,36.27261750095437,Bronze,7.8,North,PayPal,True,502.12
T004344,2025-06-06,Clothing,62.19,4,31.37377179305759,Bronze,17.5,North,PayPal,True,205.23
T004345,2025-01-20,Electronics,249.71,3,29.944738297768286,Platinum,7.3,West,Digital Wallet,False,694.44
T004346,2025-02-10,Home & Kitchen,51.34,3,42.72325978559575,Bronze,8.8,East,Credit Card,False,140.47
T004347,2025-05-28,Clothing,61.96,3,18.0,Bronze,10.3,East,Digital Wallet,True,166.73
T004348,2025-04-18,Clothing,48.16,6,29.14550237026482,Silver,0.8,South,Cash,False,286.65
T004349,2025-05-27,Electronics,206.65,7,33.663330829392976,Bronze,7.4,North,Credit Card,False,1339.51
T004350,2025-03-25,Clothing,35.16,8,34.55744608899196,Bronze,2.3,South,Credit Card,False,274.81
T004351,2025-04-21,Beauty,38.94,5,49.15827832216434,Silver,3.7,South,Credit Card,False,187.5
T004352,2025-03-07,Clothing,34.09,3,24.79495921242502,Silver,11.0,West,Credit Card,True,91.02
T004353,2025-06-07,Home & Kitchen,83.25,6,21.667457501970695,Silver,4.0,North,PayPal,False,479.52
T004354,2025-02-22,Sports,67.4,2,21.90218154034989,Bronze,9.3,West,PayPal,False,122.26
T004355,2025-02-03,Home & Kitchen,68.76,3,48.3036824953606,Bronze,1.0,West,Credit Card,False,204.22
T004356,2025-05-30,Clothing,43.06,7,35.01847764557006,Bronze,4.5,East,PayPal,False,287.86
T004357,2025-03-08,Home & Kitchen,218.03,8,34.593629731806686,Platinum,11.7,South,Cash,True,1540.16
T004358,2025-05-14,Sports,51.45,2,62.92471283263734,Gold,1.9,East,PayPal,False,100.94
T004359,2025-01-27,Electronics,283.36,3,47.25180759105383,Bronze,16.7,South,PayPal,True,708.12
T004360,2025-01-10,Clothing,38.42,5,33.24788515319495,Gold,3.0,South,Credit Card,False,186.34
T004361,2025-03-14,Electronics,234.25,3,25.353237632816445,Bronze,1.3,South,PayPal,False,693.61
T004362,2025-04-06,Clothing,49.32,5,64.57810386176355,Bronze,10.2,North,Credit Card,True,221.45
T004363,2025-02-17,Clothing,37.13,7,44.86078454661316,Silver,3.9,South,PayPal,False,249.77
T004364,2025-03-11,Home & Kitchen,77.73,4,36.776340160619185,Gold,10.8,North,PayPal,True,277.34
T004365,2025-04-10,Electronics,224.91,8,44.3587795498135,Silver,7.1,North,Digital Wallet,False,1671.53
T004366,2025-02-28,Clothing,48.96,5,36.99796408001355,Platinum,2.6,North,Credit Card,False,238.44
T004367,2025-01-02,Home & Kitchen,75.75,5,48.10341273560611,Bronze,4.6,North,PayPal,False,361.33
T004368,2025-06-06,Clothing,38.01,7,21.65703251263977,Bronze,10.5,South,PayPal,True,238.13
T004369,2025-03-06,Home & Kitchen,72.2,7,37.178826841896644,Bronze,10.9,West,Credit Card,True,450.31
T004370,2025-03-24,Clothing,51.55,3,29.32013065179199,Bronze,7.8,West,Credit Card,False,142.59
T004371,2025-06-03,Beauty,33.58,6,41.052625019698645,Bronze,7.7,North,PayPal,False,185.97
T004372,2025-01-10,Clothing,47.24,6,30.528524374481414,Silver,1.9,North,Credit Card,False,278.05
T004373,2025-02-22,Home & Kitchen,47.96,4,34.81244848482173,Bronze,5.9,South,Credit Card,False,180.52
T004374,2025-03-20,Sports,55.65,2,35.39654242379875,Bronze,4.9,North,Credit Card,False,105.85
T004375,2025-02-28,Clothing,45.7,4,45.097955773753334,Silver,5.3,South,Digital Wallet,True,173.11
T004376,2025-05-30,Electronics,231.49,1,37.41496419957171,Bronze,5.6,West,PayPal,False,218.53
T004377,2025-06-28,Home & Kitchen,83.49,1,29.821334383113914,Silver,1.8,East,Credit Card,False,81.99
T004378,2025-02-17,Clothing,45.89,8,46.95244996316319,Platinum,9.4,South,Credit Card,False,332.61
T004379,2025-05-29,Sports,51.35,5,67.02811378457446,Platinum,10.0,South,Credit Card,True,231.08
T004380,2025-05-03,Beauty,35.99,3,37.71096080630552,Bronze,7.2,North,PayPal,True,100.2
T004381,2025-01-22,Clothing,49.82,7,57.630024111804474,Platinum,9.1,North,PayPal,False,317.0
T004382,2025-04-10,Clothing,42.88,4,23.446007324000885,Silver,15.5,North,Credit Card,True,144.93
T004383,2025-04-08,Clothing,48.52,6,32.84524763153049,Bronze,11.5,West,PayPal,True,257.64
T004384,2025-06-07,Clothing,40.07,5,57.541039602524805,Gold,7.0,North,Credit Card,False,186.33
T004385,2025-01-25,Sports,69.21,4,44.62401749481246,Platinum,15.0,West,Digital Wallet,True,235.31
T004386,2025-01-28,Sports,62.27,5,,Bronze,6.4,South,PayPal,False,291.42
T004387,2025-04-23,Clothing,57.27,3,52.02679354060796,Silver,16.6,East,Digital Wallet,True,143.29
T004388,2025-02-14,Electronics,177.87,4,29.571940662065785,Bronze,5.2,East,PayPal,False,674.48
T004389,2025-03-09,Clothing,55.04,2,42.782302418105644,Bronze,2.1,South,Credit Card,False,107.77
T004390,2025-01-07,Clothing,50.43,1,53.23719226798349,Silver,10.3,West,Cash,True,45.24
T004391,2025-02-18,Sports,47.1,5,46.37560072260102,Silver,13.5,East,Credit Card,True,203.71
T004392,2025-05-17,Electronics,230.76,2,70.0,Silver,12.8,West,PayPal,True,402.45
T004393,2025-06-13,Sports,46.01,7,35.221014131505285,Silver,10.9,East,Credit Card,True,286.96
T004394,2025-03-24,Home & Kitchen,69.53,3,50.331619816721485,Silver,6.4,North,Digital Wallet,False,195.24
T004395,2025-05-09,Home & Kitchen,106.61,4,52.55701377249417,Gold,0.6,North,Digital Wallet,False,423.88
T004396,2025-05-18,Clothing,35.94,8,39.36880913999735,Platinum,3.7,South,PayPal,True,276.88
T004397,2025-06-13,Home & Kitchen,88.57,2,30.79267427141719,Silver,3.7,West,Credit Card,False,170.59
T004398,2025-03-14,Home & Kitchen,71.91,5,55.93149931537328,Gold,5.7,North,Credit Card,False,339.06
T004399,2025-02-15,Sports,50.04,7,35.93519280089724,Bronze,15.2,South,PayPal,True,297.04
T004400,2025-04-16,Clothing,32.83,9,49.72411030855903,Gold,14.3,North,Credit Card,True,253.22
T004401,2025-06-09,Clothing,34.71,5,47.13188675281652,Silver,16.9,West,Cash,True,144.22
T004402,2025-02-01,Home & Kitchen,91.93,3,43.5085611719001,Platinum,0.1,East,Credit Card,False,275.51
T004403,2025-01-06,Electronics,320.1,3,58.17371321797184,Gold,8.1,West,PayPal,False,882.52
T004404,2025-06-25,Clothing,44.53,5,46.035015251735416,Silver,1.5,South,Credit Card,False,219.31
T004405,2025-06-15,Beauty,23.13,5,49.53404007452693,Bronze,4.3,West,PayPal,True,110.68
T004406,2025-05-25,Electronics,239.53,2,46.8499936146031,Gold,0.6,West,Digital Wallet,False,476.19
T004407,2025-03-15,Clothing,43.78,5,42.91439602920998,Bronze,7.5,South,Credit Card,False,202.48
T004408,2025-04-24,Clothing,55.67,4,37.427838432388846,Silver,7.3,West,Digital Wallet,False,206.42
T004409,2025-01-27,Home & Kitchen,88.55,4,41.76638650059931,Silver,6.3,South,Credit Card,False,331.89
T004410,2025-02-23,Electronics,303.14,5,49.4120545085966,Gold,2.4,West,Credit Card,False,1479.32
T004411,2025-06-27,Home & Kitchen,90.75,3,47.65018325182062,Silver,5.9,South,Credit Card,False,256.19
T004412,2025-06-12,Electronics,242.61,4,49.16596208639409,Bronze,3.7,North,Credit Card,False,934.53
T004413,2025-03-26,Electronics,201.72,5,70.0,Platinum,5.9,East,Cash,False,949.09
T004414,2025-05-07,Home & Kitchen,61.74,4,35.98754135581293,Gold,7.4,West,Digital Wallet,False,228.68
T004415,2025-06-02,Clothing,61.21,5,22.98255101153242,Bronze,4.6,East,Credit Card,False,291.97
T004416,2025-06-05,Beauty,32.5,7,37.090899701649235,Gold,12.0,West,PayPal,True,200.2
T004417,2025-04-21,Electronics,232.13,5,37.72772339561276,Platinum,11.3,West,PayPal,True,1029.5
T004418,2025-01-15,Clothing,46.18,7,47.276723337813216,Silver,10.0,South,Credit Card,False,290.93
T004419,2025-05-12,Electronics,291.04,2,38.97226383879616,Bronze,8.4,East,Credit Card,False,533.19
T004420,2025-04-03,Clothing,36.83,5,50.78325421407958,Platinum,3.9,North,Credit Card,False,176.97
T004421,2025-05-03,Beauty,30.71,11,32.79159596716654,Bronze,4.0,South,Credit Card,False,324.3
T004422,2025-03-14,Sports,64.39,6,48.931965515385926,Silver,2.5,West,Credit Card,False,376.68
T004423,2025-06-04,Electronics,267.5,5,24.555429574621694,Bronze,,East,Digital Wallet,False,
T004424,2025-06-03,Home & Kitchen,76.47,5,41.936853435594976,Platinum,4.7,West,Digital Wallet,False,364.38
T004425,2025-05-27,Home & Kitchen,80.63,3,32.266904856472266,Platinum,7.7,North,PayPal,False,223.26
T004426,2025-04-02,Electronics,329.65,8,37.67187404734319,Gold,3.0,East,Digital Wallet,False,2558.08
T004427,2025-01-17,Electronics,189.87,3,18.0,Bronze,3.7,East,PayPal,False,548.53
T004428,2025-02-12,Beauty,19.9,8,52.273923160580615,Gold,4.4,North,Credit Card,False,152.2
T004429,2025-05-01,Beauty,31.97,6,37.42050186819601,Silver,9.7,West,Digital Wallet,False,173.21
T004430,2025-02-10,Beauty,35.71,5,40.66497537885734,Bronze,22.5,West,Credit Card,True,138.38
T004431,2025-06-19,Sports,55.18,4,47.002269311736775,Gold,8.7,West,Credit Card,False,201.52
T004432,2025-06-27,Home & Kitchen,51.18,2,33.22931849296366,Bronze,3.3,West,PayPal,False,98.98
T004433,2025-06-17,Clothing,53.36,7,36.08585865447599,Silver,14.7,East,Credit Card,True,318.61
T004434,2025-02-08,Electronics,314.25,4,20.798045606760773,Bronze,0.3,West,PayPal,True,1253.23
T004435,2025-04-23,Electronics,226.54,7,38.11438688950614,Gold,1.6,North,Credit Card,False,1560.41
T004436,2025-05-31,Home & Kitchen,82.37,3,60.50348545984073,Silver,5.3,South,PayPal,False,234.01
T004437,2025-04-21,Sports,38.17,10,45.276292646828466,Silver,12.3,North,Cash,True,334.75
T004438,2025-06-29,Sports,41.2,5,23.956873680753823,Bronze,0.5,West,Credit Card,False,204.97
T004439,2025-02-16,Beauty,32.03,9,47.08382884725767,Silver,6.4,South,Credit Card,False,269.82
T004440,2025-03-04,Sports,73.42,3,57.3678325634566,Silver,2.3,East,Credit Card,False,215.19
T004441,2025-04-20,Beauty,33.99,5,29.86853735307571,Bronze,7.2,South,Credit Card,False,157.71
T004442,2025-03-10,Electronics,216.5,3,39.41351065425191,Silver,,West,Cash,False,
T004443,2025-02-12,Sports,64.69,4,39.78708240545597,Bronze,5.1,East,Credit Card,False,245.56
T004444,2025-06-25,Home & Kitchen,51.71,5,43.45840885375522,Bronze,3.9,South,Cash,False,248.47
T004445,2025-02-03,Clothing,54.52,3,43.36702022703178,Platinum,0.4,North,Cash,False,162.91
T004446,2025-02-09,Beauty,29.24,5,49.581407084833955,Bronze,0.4,North,PayPal,False,145.62
T004447,2025-03-02,Sports,72.16,3,40.48011586849286,Bronze,9.4,East,PayPal,False,196.13
T004448,2025-06-27,Electronics,271.85,4,56.80154648020651,Gold,9.2,North,Credit Card,False,987.36
T004449,2025-03-03,Electronics,237.81,3,18.928102566454267,Bronze,4.8,South,PayPal,False,679.19
T004450,2025-02-27,Home & Kitchen,53.41,2,28.20638788604249,Bronze,10.4,East,PayPal,True,95.71
T004451,2025-06-10,Home & Kitchen,80.99,5,59.84021170090366,Bronze,2.8,South,Credit Card,True,393.61
T004452,2025-03-16,Beauty,33.86,8,36.27273511565591,Silver,10.9,East,PayPal,True,241.35
T004453,2025-01-16,Electronics,248.95,4,48.67618763278821,Bronze,7.8,West,PayPal,False,918.13
T004454,2025-03-23,Electronics,219.5,2,40.429924325064135,Silver,9.9,West,PayPal,True,395.54
T004455,2025-04-04,Clothing,48.88,7,53.341291670148955,Gold,3.8,North,Credit Card,False,329.16
T004456,2025-02-17,Electronics,274.53,4,46.95816771755223,Gold,11.0,East,Digital Wallet,True,977.33
T004457,2025-05-18,Electronics,217.77,4,70.0,Bronze,8.3,East,Cash,True,798.78
T004458,2025-03-23,Beauty,18.74,4,41.71103835182223,Bronze,6.3,South,Credit Card,False,70.24
T004459,2025-02-07,Clothing,52.61,3,36.98791161620467,Gold,4.3,South,Cash,False,151.04
T004460,2025-05-07,Clothing,52.6,4,57.33723012333599,Gold,5.4,West,Cash,False,199.04
T004461,2025-01-19,Electronics,225.81,4,50.15828236021745,Platinum,5.6,North,PayPal,False,852.66
T004462,2025-06-13,Clothing,45.11,8,32.28823179837836,Bronze,10.2,West,PayPal,True,324.07
T004463,2025-03-04,Sports,58.52,7,52.487992967880004,Gold,0.4,North,Credit Card,False,408.0
T004464,2025-03-18,Home & Kitchen,83.09,6,44.43134822394007,Bronze,4.3,East,Credit Card,False,477.1
T004465,2025-06-23,Sports,61.95,2,43.04488401133799,Platinum,14.6,North,PayPal,True,105.81
T004466,2025-05-11,Clothing,40.02,5,47.23674100049785,Bronze,19.8,South,Credit Card,True,160.48
T004467,2025-04-12,Clothing,54.1,2,51.73438677362475,Platinum,15.4,South,Digital Wallet,True,91.54
T004468,2025-03-06,Clothing,53.28,4,44.280465233047686,Silver,16.6,East,Credit Card,True,177.74
T004469,2025-04-30,Clothing,42.39,8,,Platinum,2.5,North,Credit Card,False,330.64
T004470,2025-04-01,Sports,55.81,2,67.06389304217063,Silver,8.2,North,Digital Wallet,False,102.47
T004471,2025-01-08,Clothing,55.86,3,41.51825546918768,Bronze,2.3,East,Credit Card,False,163.73
T004472,2025-06-28,Home & Kitchen,82.36,4,58.04381495311486,Bronze,12.4,West,PayPal,True,288.59
T004473,2025-03-14,Electronics,254.19,4,35.25265963480291,Silver,6.2,East,Credit Card,False,953.72
T004474,2025-05-14,Home & Kitchen,74.03,2,31.848244220842062,Platinum,3.4,West,Cash,False,143.03
T004475,2025-04-17,Beauty,32.83,5,53.64120881321465,Gold,10.7,East,PayPal,True,146.59
T004476,2025-03-30,Home & Kitchen,70.83,7,38.955647621868636,Silver,5.9,West,PayPal,False,466.56
T004477,2025-02-08,Home & Kitchen,96.73,3,18.722372135665292,Bronze,10.1,East,Digital Wallet,True,260.88
T004478,2025-04-23,Beauty,22.35,5,39.53932020044751,Silver,4.6,South,Credit Card,False,106.61
T004479,2025-01-28,Home & Kitchen,85.15,3,48.08408387175091,Silver,15.7,North,Credit Card,True,215.34
T004480,2025-04-07,Clothing,40.82,7,33.64353200101742,Silver,15.3,East,Cash,True,242.02
T004481,2025-02-06,Clothing,38.49,4,32.170194356842636,Bronze,2.4,West,PayPal,False,150.26
T004482,2025-05-17,Home & Kitchen,102.39,5,44.3202835562135,Silver,14.0,South,Digital Wallet,True,440.28
T004483,2025-03-23,Home & Kitchen,95.02,7,28.30691379568297,Bronze,7.7,North,Credit Card,True,613.92
T004484,2025-02-25,Clothing,37.08,8,45.684735023293335,Platinum,3.6,South,PayPal,False,285.96
T004485,2025-03-26,Clothing,48.8,5,54.42531298789089,Silver,3.3,South,PayPal,False,235.95
T004486,2025-01-02,Beauty,122.17,2,57.608070075832586,Silver,4.6,North,Credit Card,False,233.1
T004487,2025-02-27,Electronics,289.34,4,34.18739671051712,Gold,6.9,South,Credit Card,False,1077.5
T004488,2025-04-17,Clothing,37.45,8,63.35492006377471,Silver,7.6,West,Credit Card,False,276.83
T004489,2025-05-03,Electronics,255.93,6,49.04777695341438,Bronze,3.6,South,Credit Card,True,1480.3
T004490,2025-06-17,Sports,67.86,3,33.93958632699716,Gold,13.8,West,PayPal,True,175.49
T004491,2025-06-13,Electronics,275.86,4,36.940110579908506,Silver,13.5,North,PayPal,True,954.48
T004492,2025-04-24,Home & Kitchen,75.04,6,33.61877061403612,Bronze,6.4,North,Cash,False,421.42
T004493,2025-04-17,Electronics,270.98,7,18.0,Bronze,6.4,West,Credit Card,True,1775.46
T004494,2025-02-06,Home & Kitchen,77.99,3,59.05036538358903,Silver,3.2,North,Credit Card,False,226.48
T004495,2025-03-20,Sports,50.57,7,44.601520364142004,Silver,7.2,North,Digital Wallet,True,328.5
T004496,2025-04-02,Clothing,36.34,4,49.7990261397025,Silver,5.0,South,Cash,False,138.09
T004497,2025-01-18,Clothing,58.22,4,43.19391061043192,Bronze,6.9,West,Credit Card,False,216.81
T004498,2025-04-08,Clothing,42.36,3,23.859465224694745,Silver,9.9,East,PayPal,False,114.5
T004499,2025-03-04,Clothing,41.12,5,46.149921921968755,Bronze,3.5,West,PayPal,False,198.4
T004500,2025-05-30,Sports,60.19,3,53.47237890206422,Gold,8.6,West,Credit Card,False,165.04
T004501,2025-05-19,Clothing,47.0,5,53.39134958371484,Silver,0.6,North,Credit Card,False,233.59
T004502,2025-01-04,Home & Kitchen,91.92,1,55.10777409180325,Silver,4.8,North,Credit Card,False,87.51
T004503,2025-05-15,Electronics,267.29,3,42.604727454909955,Platinum,1.9,North,Credit Card,False,786.63
T004504,2025-03-02,Electronics,243.65,4,18.0,Silver,5.1,West,Credit Card,False,924.9
T004505,2025-04-17,Clothing,43.48,9,50.147730721152776,Silver,2.0,East,Credit Card,False,383.49
T004506,2025-02-23,Home & Kitchen,104.29,7,42.85788522930733,Silver,6.5,West,PayPal,False,682.58
T004507,2025-03-29,Clothing,37.33,5,65.93548523108024,Platinum,5.4,North,PayPal,False,176.57
T004508,2025-03-09,Home & Kitchen,97.46,6,64.74059992744786,Platinum,13.8,South,Credit Card,True,504.06
T004509,2025-05-09,Electronics,345.06,4,55.20456274278295,Gold,4.5,North,PayPal,False,1318.13
T004510,2025-02-24,Electronics,223.37,7,25.48101660133884,Silver,3.1,West,PayPal,False,1515.12
T004511,2025-01-03,Sports,45.68,7,28.69645715303554,Silver,6.3,North,PayPal,True,299.62
T004512,2025-06-15,Sports,57.65,5,48.26899111845005,Bronze,10.3,West,Digital Wallet,True,258.56
T004513,2025-05-01,Electronics,227.21,4,28.01557659804602,Bronze,3.4,South,Credit Card,True,877.94
T004514,2025-05-09,Home & Kitchen,85.31,3,52.6103436191253,Platinum,1.9,West,Credit Card,True,251.07
T004515,2025-04-12,Clothing,34.83,4,53.107170535485494,Silver,8.5,East,PayPal,False,127.48
T004516,2025-02-07,Sports,45.12,8,60.73172749789435,Gold,5.7,East,PayPal,False,340.39
T004517,2025-03-26,Sports,48.63,6,55.11828892202565,Platinum,4.8,North,PayPal,False,277.77
T004518,2025-06-06,Sports,43.07,5,37.353069713648615,Bronze,13.8,North,Credit Card,True,185.63
T004519,2025-05-13,Sports,67.01,5,41.226384900372224,Bronze,12.8,North,Cash,True,292.16
T004520,2025-04-02,Clothing,43.69,7,31.833597204745033,Bronze,2.9,South,Credit Card,False,296.96
T004521,2025-01-21,Sports,49.91,4,45.207339605099456,Silver,4.3,East,Digital Wallet,False,191.06
T004522,2025-04-19,Clothing,36.48,6,18.0,Silver,8.0,North,Credit Card,False,201.37
T004523,2025-02-16,Electronics,315.18,5,38.484879215079104,Silver,4.0,East,Digital Wallet,False,1512.86
T004524,2025-03-25,Clothing,43.0,7,50.38829771939251,Bronze,2.9,North,Digital Wallet,False,292.27
T004525,2025-03-24,Beauty,27.96,8,49.3986764412966,Bronze,6.9,West,Digital Wallet,False,208.25
T004526,2025-02-04,Sports,43.26,7,52.41238464475405,Platinum,16.3,West,Credit Card,True,253.46
T004527,2025-03-10,Electronics,206.63,6,29.288063121361617,Bronze,8.1,West,Credit Card,False,1139.36
T004528,2025-05-09,Home & Kitchen,81.45,4,26.593269881419857,Gold,6.3,South,PayPal,False,305.27
T004529,2025-05-20,Sports,45.49,5,49.15366518763707,Gold,7.0,North,Cash,False,211.53
T004530,2025-01-27,Clothing,36.49,7,30.544940669260207,Silver,12.3,East,Cash,True,224.01
T004531,2025-02-25,Clothing,47.88,8,27.94402848493499,Silver,2.3,West,Credit Card,False,374.23
T004532,2025-01-23,Home & Kitchen,94.79,2,44.570557320394464,Silver,8.5,North,PayPal,False,173.47
T004533,2025-06-02,Clothing,69.49,7,41.677650362646396,Silver,4.1,East,PayPal,False,466.49
T004534,2025-01-21,Electronics,229.0,9,70.0,Silver,2.7,North,Credit Card,False,2005.35
T004535,2025-03-02,Home & Kitchen,51.73,4,46.4626152264046,Bronze,7.4,West,PayPal,True,191.61
T004536,2025-03-04,Beauty,19.55,4,44.078522028301755,Silver,20.0,North,Credit Card,True,62.56
T004537,2025-05-02,Home & Kitchen,80.08,3,35.30134164510885,Gold,5.9,West,PayPal,False,226.07
T004538,2025-02-21,Sports,60.59,7,51.92395155034151,Silver,5.6,East,PayPal,False,400.38
T004539,2025-03-29,Clothing,40.45,6,41.638175077705995,Bronze,17.6,South,PayPal,True,199.98
T004540,2025-06-02,Electronics,351.78,4,35.77360901539845,Gold,13.0,East,PayPal,True,1224.19
T004541,2025-02-24,Home & Kitchen,80.54,2,39.499202171388596,Silver,4.0,South,Credit Card,False,154.64
T004542,2025-02-15,Clothing,38.23,7,37.99369419813447,Bronze,3.3,East,Credit Card,False,258.78
T004543,2025-02-01,Sports,44.93,9,41.03836299899806,Silver,2.0,South,Credit Card,False,396.28
T004544,2025-02-24,Electronics,310.97,1,69.04700487058484,Platinum,3.7,West,Digital Wallet,False,299.46
T004545,2025-04-06,Clothing,40.93,7,49.700384012653984,Silver,1.1,West,Cash,False,283.36
T004546,2025-05-13,Clothing,39.43,6,39.792111067626756,Bronze,2.1,East,Credit Card,True,231.61
T004547,2025-02-05,Beauty,115.53,3,41.31764043658888,Bronze,9.5,East,PayPal,False,313.66
T004548,2025-04-20,Electronics,193.97,4,25.268524594389756,Bronze,4.9,South,Credit Card,False,737.86
T004549,2025-06-26,Electronics,296.65,4,,Silver,6.7,West,Credit Card,False,1107.1
T004550,2025-04-16,Electronics,203.89,1,50.94302501303581,Gold,3.2,South,PayPal,False,197.37
T004551,2025-02-27,Sports,69.51,4,50.70194356641532,Platinum,3.2,West,Credit Card,False,269.14
T004552,2025-02-08,Electronics,271.49,7,46.86411775994499,Bronze,6.4,North,PayPal,False,1778.8
T004553,2025-03-21,Electronics,224.44,7,59.83601475255417,Bronze,7.6,West,Credit Card,False,1451.68
T004554,2025-04-07,Electronics,252.09,6,44.629653870632886,Silver,4.2,South,Digital Wallet,False,1449.01
T004555,2025-04-23,Home & Kitchen,65.26,3,51.793709925615715,Silver,,North,Credit Card,True,
T004556,2025-03-02,Electronics,303.19,2,41.116642719099566,Silver,10.0,North,Credit Card,True,545.74
T004557,2025-05-17,Clothing,25.46,3,18.0,Silver,4.8,North,Digital Wallet,False,72.71
T004558,2025-01-06,Clothing,55.4,2,55.993298518165346,Silver,7.7,West,PayPal,True,102.27
T004559,2025-04-19,Home & Kitchen,48.61,6,30.3601631484369,Platinum,3.7,South,Digital Wallet,False,280.87
T004560,2025-02-04,Home & Kitchen,78.18,3,45.10287523314467,Gold,6.7,West,Credit Card,False,218.83
T004561,2025-02-08,Clothing,56.09,3,33.56122187458279,Bronze,26.2,South,Credit Card,True,124.18
T004562,2025-05-30,Beauty,37.25,4,45.194444109221806,Silver,10.0,West,Credit Card,False,134.1
T004563,2025-06-18,Beauty,28.43,8,62.03710106308649,Gold,7.1,East,Credit Card,True,211.29
T004564,2025-04-28,Clothing,51.51,2,49.177177787265435,Bronze,7.5,North,PayPal,False,95.29
T004565,2025-01-05,Sports,48.92,5,51.77507505183369,Silver,4.5,South,Credit Card,False,233.59
T004566,2025-06-19,Home & Kitchen,68.4,5,39.8948273494848,Silver,3.1,West,Credit Card,False,331.4
T004567,2025-03-28,Sports,47.64,5,38.57642081026929,Bronze,6.2,South,Credit Card,False,223.43
T004568,2025-03-17,Clothing,43.76,7,38.37949697168267,Platinum,8.2,North,Credit Card,False,281.2
T004569,2025-06-07,Clothing,28.97,7,51.170050148847324,Silver,6.8,South,Digital Wallet,False,189.0
T004570,2025-02-26,Clothing,55.97,3,42.35932827967649,Bronze,9.2,West,Credit Card,False,152.46
T004571,2025-05-07,Sports,62.41,3,50.298420650504426,Silver,5.5,West,Digital Wallet,True,176.93
T004572,2025-01-29,Electronics,277.37,8,39.872820754422136,Silver,0.6,North,PayPal,False,2205.65
T004573,2025-06-14,Electronics,248.47,6,54.18285095764618,Bronze,4.1,South,Credit Card,False,1429.7
T004574,2025-03-28,Clothing,58.61,4,50.342000235252804,Platinum,3.5,North,Digital Wallet,False,226.23
T004575,2025-05-21,Electronics,221.27,4,43.35055241466339,Bronze,1.2,West,Cash,False,874.46
T004576,2025-06-09,Home & Kitchen,91.47,5,50.17615003922634,Platinum,13.5,South,PayPal,True,395.61
T004577,2025-02-15,Electronics,274.56,5,54.40242335491694,Silver,8.3,West,Credit Card,False,1258.86
T004578,2025-04-26,Clothing,38.64,7,64.24116859288627,Gold,1.2,East,Cash,False,267.23
T004579,2025-04-22,Beauty,24.4,4,33.581642743211106,Silver,7.1,West,Credit Card,False,90.67
T004580,2025-05-31,Clothing,46.4,8,52.58299971664485,Gold,16.0,West,Credit Card,True,311.81
T004581,2025-02-14,Home & Kitchen,89.94,6,50.24156905854563,Gold,13.1,North,Digital Wallet,True,468.95
T004582,2025-05-25,Electronics,235.09,3,53.11690331377655,Gold,9.4,North,Credit Card,False,638.97
T004583,2025-04-14,Electronics,183.83,4,36.412707969529066,Silver,11.1,North,PayPal,True,653.7
T004584,2025-03-26,Sports,58.52,5,43.23647729853725,Bronze,11.1,East,PayPal,True,260.12
T004585,2025-05-14,Sports,57.87,3,36.36033960922297,Silver,13.3,North,Credit Card,True,150.52
T004586,2025-04-18,Clothing,150.64,4,46.21230708801334,Platinum,2.4,West,PayPal,False,588.1
T004587,2025-01-18,Beauty,20.56,7,31.63589314025043,Silver,7.8,North,Credit Card,False,132.69
T004588,2025-04-04,Beauty,25.16,5,58.356588428913724,Silver,8.7,North,PayPal,False,114.86
T004589,2025-05-30,Beauty,33.57,7,43.66472772977403,Gold,6.2,North,Credit Card,False,220.42
T004590,2025-02-02,Clothing,49.06,6,62.70206906539492,Gold,0.3,South,Cash,False,293.48
T004591,2025-06-07,Electronics,859.9,2,34.078962586961914,Bronze,9.0,North,Credit Card,True,1565.02
T004592,2025-05-06,Home & Kitchen,63.97,2,44.416167099239935,Bronze,,East,Digital Wallet,False,
T004593,2025-06-09,Home & Kitchen,88.63,3,43.23550194466366,Bronze,10.1,North,Digital Wallet,True,239.04
T004594,2025-06-19,Electronics,191.92,4,49.98610734823394,Bronze,4.1,West,Digital Wallet,False,736.21
T004595,2025-05-02,Sports,52.47,2,51.09676903439826,Platinum,10.7,North,Cash,True,93.71
T004596,2025-05-18,Electronics,170.96,3,26.034006855255285,Bronze,5.1,North,Cash,False,486.72
T004597,2025-04-25,Clothing,69.32,2,56.25584043237238,Silver,3.6,South,PayPal,False,133.65
T004598,2025-06-13,Clothing,25.41,4,,Silver,6.9,North,Cash,True,94.63
T004599,2025-06-11,Home & Kitchen,94.65,5,24.04302396193802,Bronze,5.2,West,PayPal,False,448.64
T004600,2025-01-28,Clothing,41.37,5,59.28967830534111,Platinum,1.8,East,Digital Wallet,False,203.13
T004601,2025-01-11,Sports,43.25,8,26.84840638079939,Bronze,2.3,South,Digital Wallet,False,338.04
T004602,2025-06-16,Home & Kitchen,68.36,3,45.32878899863633,Bronze,18.7,West,PayPal,True,166.73
T004603,2025-02-16,Sports,52.84,4,38.452912910468875,Gold,14.7,East,Credit Card,True,180.29
T004604,2025-05-07,Beauty,34.37,6,39.835772103437286,Silver,13.1,North,Credit Card,True,179.21
T004605,2025-05-27,Home & Kitchen,83.74,8,,Silver,6.7,East,Credit Card,False,625.04
T004606,2025-04-28,Beauty,26.32,8,48.28359924425856,Bronze,1.9,East,Credit Card,True,206.56
T004607,2025-05-23,Electronics,266.5,4,31.365734444645092,Silver,10.4,North,Digital Wallet,True,955.14
T004608,2025-05-06,Clothing,43.26,5,53.28932649984662,Platinum,10.6,East,Digital Wallet,True,193.37
T004609,2025-06-05,Electronics,259.44,5,48.42478666514805,Silver,0.4,West,Credit Card,False,1292.01
T004610,2025-06-01,Clothing,28.79,7,40.06162408084955,Bronze,3.8,North,Cash,False,193.87
T004611,2025-03-13,Sports,49.14,10,52.53719052517077,Bronze,3.9,North,Credit Card,False,472.24
T004612,2025-04-17,Electronics,175.89,4,35.907003519996096,Platinum,3.7,West,PayPal,False,677.53
T004613,2025-05-17,Clothing,37.26,7,41.507024364209514,Platinum,1.7,North,Credit Card,False,256.39
T004614,2025-06-24,Home & Kitchen,79.34,4,23.9947166051447,Silver,5.0,West,Digital Wallet,False,301.49
T004615,2025-02-02,Home & Kitchen,89.47,3,35.30287813150103,Silver,5.2,South,Credit Card,False,254.45
T004616,2025-01-19,Clothing,53.52,4,31.49505181400484,Silver,13.0,West,Credit Card,True,186.25
T004617,2025-03-15,Sports,65.75,3,20.91197361032524,Platinum,4.5,West,Cash,False,188.37
T004618,2025-06-17,Electronics,270.71,3,40.12846410109462,Silver,8.7,South,Credit Card,False,741.47
T004619,2025-06-24,Clothing,44.25,5,40.63390421414678,Bronze,2.9,West,Credit Card,False,214.83
T004620,2025-06-06,Home & Kitchen,80.89,4,45.56362075078859,Bronze,8.6,North,Credit Card,False,295.73
T004621,2025-06-27,Home & Kitchen,73.47,3,48.92905072548841,Platinum,2.6,East,Credit Card,False,214.68
T004622,2025-04-08,Clothing,52.1,5,39.28657099387755,Platinum,7.5,East,Digital Wallet,True,240.96
T004623,2025-05-21,Sports,70.88,2,47.97404372546928,Silver,7.3,South,PayPal,False,131.41
T004624,2025-05-09,Clothing,56.74,3,52.74237475381971,Silver,2.8,East,Credit Card,False,165.45
T004625,2025-06-11,Clothing,46.42,6,55.17540979803163,Gold,3.7,South,Credit Card,False,268.21
T004626,2025-04-03,Electronics,218.16,5,48.93615823353307,Gold,14.8,North,Credit Card,True,929.36
T004627,2025-06-25,Home & Kitchen,88.13,1,47.862465968024,Bronze,3.3,West,PayPal,False,85.22
T004628,2025-02-17,Home & Kitchen,68.46,4,30.183180090285813,Gold,9.1,North,Credit Card,False,248.92
T004629,2025-06-26,Electronics,250.3,2,51.70820595146229,Silver,2.4,North,PayPal,False,488.59
T004630,2025-03-05,Clothing,41.86,5,30.096607671757813,Silver,1.4,North,PayPal,False,206.37
T004631,2025-03-02,Sports,59.79,3,45.86789678529546,Silver,14.9,West,Credit Card,True,152.64
T004632,2025-06-06,Clothing,46.43,10,49.958246448979125,Silver,16.7,North,Cash,True,386.76
T004633,2025-02-08,Electronics,229.93,4,47.1744767156829,Bronze,1.5,South,Credit Card,False,905.92
T004634,2025-05-08,Home & Kitchen,114.66,4,18.0,Silver,6.3,North,Credit Card,False,429.75
T004635,2025-03-29,Electronics,187.56,4,51.66065646516773,Bronze,13.4,East,Credit Card,True,649.71
T004636,2025-01-26,Sports,48.18,6,60.10710066735001,Platinum,9.9,West,Credit Card,False,260.46
T004637,2025-01-17,Electronics,268.05,4,22.987345213330244,Silver,5.9,East,Credit Card,False,1008.94
T004638,2025-03-12,Home & Kitchen,98.0,4,44.12857161355794,Bronze,12.9,East,PayPal,True,341.43
T004639,2025-01-13,Clothing,53.41,5,39.74290410416983,Bronze,1.0,East,Credit Card,False,264.38
T004640,2025-03-10,Sports,43.56,6,42.54846159593421,Silver,6.4,East,Digital Wallet,False,244.63
T004641,2025-01-26,Electronics,331.38,3,57.410180655507325,Silver,2.3,North,Cash,False,971.27
T004642,2025-02-18,Home & Kitchen,87.42,9,44.88529035503786,Platinum,2.0,East,Credit Card,False,771.04
T004643,2025-01-07,Home & Kitchen,81.14,3,30.25471716094399,Bronze,9.1,West,PayPal,True,221.27
T004644,2025-02-27,Clothing,64.37,5,34.02012694478303,Gold,2.5,West,Digital Wallet,False,313.8
T004645,2025-02-18,Clothing,46.91,5,32.704103199002105,Bronze,6.2,North,Digital Wallet,False,220.01
T004646,2025-04-13,Home & Kitchen,114.29,5,19.56812345123016,Silver,14.5,South,Credit Card,True,488.59
T004647,2025-02-22,Beauty,38.45,4,35.411707683840596,Silver,10.5,South,Credit Card,True,137.65
T004648,2025-03-03,Electronics,202.79,3,50.111266572246564,Gold,6.6,West,PayPal,False,568.22
T004649,2025-01-17,Electronics,248.58,1,45.9969399155802,Platinum,13.7,East,Digital Wallet,True,214.52
T004650,2025-06-20,Sports,64.83,2,44.05619145683834,Platinum,14.1,South,PayPal,True,111.38
T004651,2025-01-25,Electronics,334.95,2,38.535298992959696,Platinum,7.3,West,Credit Card,False,621.0
T004652,2025-05-11,Beauty,27.15,6,41.119207826000796,Silver,15.0,North,Credit Card,True,138.46
T004653,2025-01-29,Home & Kitchen,79.71,5,48.477673834422625,Silver,24.4,South,Credit Card,True,301.3
T004654,2025-04-27,Home & Kitchen,83.93,7,52.18258770478752,Silver,11.0,East,PayPal,True,522.88
T004655,2025-06-09,Electronics,342.93,5,45.598338898497225,Bronze,16.0,East,Credit Card,True,1440.31
T004656,2025-01-26,Electronics,263.25,7,28.96910881937043,Bronze,7.3,East,Credit Card,False,1708.23
T004657,2025-05-04,Home & Kitchen,78.63,2,36.85054497411396,Bronze,1.7,West,Credit Card,False,154.59
T004658,2025-05-24,Beauty,30.68,7,47.243870198338264,Bronze,2.5,East,PayPal,False,209.39
T004659,2025-01-25,Beauty,36.37,5,34.02813151294408,Bronze,20.9,East,Credit Card,True,143.84
T004660,2025-02-23,Electronics,188.28,7,34.592712467558194,Bronze,3.8,East,PayPal,False,1267.88
T004661,2025-06-05,Electronics,320.65,2,50.39583000155353,Gold,4.4,West,PayPal,False,613.08
T004662,2025-03-14,Electronics,225.94,5,51.494428285042,Gold,4.2,North,PayPal,False,1082.25
T004663,2025-04-30,Sports,31.02,4,30.479816711455268,Silver,9.1,East,PayPal,False,112.79
T004664,2025-02-25,Clothing,45.41,8,25.75872072163492,Bronze,4.4,East,Cash,False,347.3
T004665,2025-03-06,Electronics,217.87,5,27.49461177770045,Bronze,6.2,East,Credit Card,True,1021.81
T004666,2025-04-03,Electronics,223.2,3,50.02782920343813,Silver,16.5,North,Cash,True,559.12
T004667,2025-03-27,Clothing,55.81,4,31.873293451337254,Bronze,2.4,North,Digital Wallet,False,217.88
T004668,2025-03-21,Beauty,27.98,7,35.56411972248621,Silver,3.7,West,Cash,False,188.61
T004669,2025-06-18,Clothing,52.76,4,27.200714992282748,Silver,3.0,South,Cash,False,204.71
T004670,2025-04-18,Electronics,292.69,3,42.17198302904622,Bronze,1.9,West,Digital Wallet,True,861.39
T004671,2025-06-28,Clothing,49.78,4,39.175603478326806,Silver,4.4,North,Credit Card,False,190.36
T004672,2025-04-28,Clothing,53.68,8,47.31817252290328,Gold,4.0,North,PayPal,False,412.26
T004673,2025-06-06,Electronics,213.39,4,46.110579283684444,Silver,6.3,North,PayPal,False,799.79
T004674,2025-03-24,Electronics,135.5,3,18.647727559541284,Bronze,10.2,North,Digital Wallet,True,365.04
T004675,2025-05-27,Home & Kitchen,77.26,4,46.23223406612451,Bronze,10.3,West,Digital Wallet,True,277.21
T004676,2025-06-18,Electronics,290.39,7,40.96387581737735,Bronze,1.5,South,Credit Card,False,2002.24
T004677,2025-06-22,Electronics,372.74,6,56.78387580557455,Silver,18.7,South,Credit Card,True,1818.23
T004678,2025-01-15,Clothing,49.96,7,32.118591696309636,Bronze,5.1,South,Credit Card,False,331.88
T004679,2025-05-11,Sports,62.44,2,48.59702785056016,Silver,7.6,West,Credit Card,False,115.39
T004680,2025-05-19,Home & Kitchen,81.3,2,43.08912216018076,Silver,10.0,South,Credit Card,False,146.34
T004681,2025-06-23,Home & Kitchen,91.59,2,31.736355960711364,Silver,3.2,West,Cash,False,177.32
T004682,2025-01-30,Home & Kitchen,79.81,3,54.781200005549934,Silver,11.0,South,Credit Card,True,213.09
T004683,2025-02-26,Home & Kitchen,64.15,5,46.813566307753405,Bronze,2.5,North,Cash,True,312.73
T004684,2025-05-26,Electronics,308.63,5,37.88802453683671,Bronze,8.4,South,Credit Card,False,1413.53
T004685,2025-06-28,Beauty,35.66,7,31.597814023966798,Silver,6.6,South,PayPal,False,233.15
T004686,2025-05-08,Electronics,274.22,8,55.8553606743654,Silver,1.5,North,PayPal,True,2160.85
T004687,2025-02-17,Clothing,40.39,6,52.30947001949948,Bronze,9.3,North,PayPal,False,219.8
T004688,2025-05-16,Sports,57.29,6,42.133254309562396,Bronze,1.8,West,Credit Card,False,337.55
T004689,2025-01-22,Clothing,38.31,7,41.812767497712805,Bronze,7.1,East,Credit Card,False,249.13
T004690,2025-01-06,Beauty,27.64,6,28.545603714858206,Silver,4.1,North,Cash,False,159.04
T004691,2025-04-14,Clothing,49.23,7,58.453424545992334,Gold,4.1,South,Credit Card,False,330.48
T004692,2025-02-05,Sports,56.59,3,28.605602501510916,Silver,4.1,East,Credit Card,False,162.81
T004693,2025-03-20,Sports,43.36,7,52.85850133043862,Platinum,16.0,East,Credit Card,True,254.96
T004694,2025-04-26,Beauty,35.29,6,66.24012037448591,Platinum,5.5,East,Credit Card,False,200.09
T004695,2025-02-26,Beauty,41.45,10,32.78170421788232,Bronze,,North,Cash,False,
T004696,2025-02-18,Sports,50.48,6,36.03269263908291,Silver,2.0,North,Cash,False,296.82
T004697,2025-06-22,Home & Kitchen,95.35,3,32.53447954659733,Bronze,9.0,North,Credit Card,False,260.31
T004698,2025-03-23,Clothing,44.27,5,56.89629294077669,Silver,20.0,North,Cash,True,177.08
T004699,2025-03-07,Electronics,321.02,5,43.554162241829474,Silver,1.5,South,Digital Wallet,False,1581.02
T004700,2025-03-18,Home & Kitchen,364.54,4,24.247666992983447,Silver,6.2,South,PayPal,False,1367.75
T004701,2025-02-14,Beauty,37.81,8,29.04430236041779,Bronze,13.2,West,Digital Wallet,True,262.55
T004702,2025-03-20,Home & Kitchen,37.26,8,49.96078846190355,Gold,0.6,North,PayPal,False,296.29
T004703,2025-01-20,Beauty,32.75,6,33.18445361797971,Gold,11.8,East,Digital Wallet,True,173.31
T004704,2025-05-03,Sports,66.43,4,20.814173688489632,Bronze,3.9,East,Credit Card,False,255.36
T004705,2025-03-08,Electronics,368.75,3,48.74951151762158,Silver,10.5,North,Credit Card,True,990.09
T004706,2025-03-24,Electronics,181.57,4,46.43079874629193,Platinum,2.8,West,Credit Card,True,705.94
T004707,2025-01-03,Clothing,48.21,7,32.89663263924248,Bronze,4.3,West,Credit Card,False,322.96
T004708,2025-03-05,Electronics,271.3,6,37.797224452836176,Bronze,0.1,North,Credit Card,False,1626.17
T004709,2025-02-09,Home & Kitchen,69.26,5,38.032897253389294,Gold,6.0,North,PayPal,False,325.52
T004710,2025-02-28,Beauty,30.24,6,39.67282498036242,Bronze,7.2,North,Digital Wallet,False,168.38
T004711,2025-03-03,Sports,59.05,9,58.38114679624104,Platinum,8.5,South,PayPal,False,486.28
T004712,2025-05-12,Clothing,38.57,3,50.870902647955134,Gold,8.9,North,Credit Card,False,105.41
T004713,2025-03-01,Electronics,147.49,6,48.998714980652636,Silver,10.7,North,Credit Card,True,790.25
T004714,2025-04-26,Clothing,48.78,7,40.906694506103946,Bronze,11.1,East,Digital Wallet,True,303.56
T004715,2025-03-16,Clothing,24.91,4,32.85621760005919,Bronze,3.2,South,Credit Card,True,96.45
T004716,2025-05-02,Clothing,34.95,6,59.287758182778234,Gold,1.2,South,Cash,False,207.18
T004717,2025-04-17,Electronics,272.08,4,41.818418033912614,Silver,0.9,North,Credit Card,False,1078.53
T004718,2025-04-06,Clothing,50.33,4,30.527319982306196,Bronze,3.8,East,Credit Card,False,193.67
T004719,2025-04-01,Clothing,58.08,6,70.0,Platinum,3.8,West,PayPal,False,335.24
T004720,2025-06-07,Beauty,33.36,5,44.74464780431282,Gold,8.1,West,PayPal,False,153.29
T004721,2025-05-10,Electronics,304.87,5,28.34892957513455,Bronze,1.6,North,PayPal,False,1499.96
T004722,2025-03-03,Electronics,230.95,2,52.57066144434672,Platinum,17.0,South,Cash,True,383.38
T004723,2025-02-18,Electronics,281.77,6,53.57906552092781,Gold,1.4,West,PayPal,False,1666.95
T004724,2025-05-17,Clothing,34.25,7,37.18433182098527,Gold,3.2,North,Credit Card,False,232.08
T004725,2025-04-02,Home & Kitchen,82.23,3,31.2757746779108,Bronze,8.0,East,PayPal,False,226.95
T004726,2025-06-08,Home & Kitchen,86.19,2,38.880323387014286,Bronze,11.8,West,Credit Card,True,152.04
T004727,2025-05-04,Clothing,54.74,2,50.18610671102219,Silver,2.7,North,Credit Card,False,106.52
T004728,2025-03-02,Home & Kitchen,56.22,5,51.55507733711602,Silver,5.4,North,Credit Card,False,265.92
T004729,2025-02-17,Clothing,48.87,3,34.69038547585136,Gold,6.5,North,Digital Wallet,False,137.08
T004730,2025-06-02,Home & Kitchen,68.53,4,58.934884587657365,Bronze,8.1,South,Credit Card,False,251.92
T004731,2025-06-13,Electronics,240.46,6,23.724546341983356,Bronze,2.1,North,Credit Card,False,1412.46
T004732,2025-05-16,Clothing,44.29,7,34.80506489259777,Silver,12.9,South,Cash,True,270.04
T004733,2025-02-27,Sports,75.71,2,40.55725571634426,Bronze,4.4,North,Cash,False,144.76
T004734,2025-04-11,Sports,61.06,3,38.28287792768708,Bronze,2.7,West,Credit Card,False,178.23
T004735,2025-04-22,Home & Kitchen,77.98,4,35.82110589744426,Bronze,7.7,South,Cash,False,287.9
T004736,2025-06-22,Electronics,228.09,4,57.22602716046452,Bronze,1.8,North,PayPal,False,895.94
T004737,2025-03-03,Electronics,215.72,5,40.317061148120736,Bronze,7.1,South,Cash,False,1002.02
T004738,2025-02-08,Beauty,26.46,5,46.511586592486374,Gold,3.4,South,PayPal,False,127.8
T004739,2025-02-27,Electronics,280.38,6,45.94330309049598,Gold,4.3,North,Cash,False,1609.94
T004740,2025-04-09,Electronics,225.59,3,46.37710474141223,Silver,4.8,South,Cash,False,644.29
T004741,2025-02-13,Electronics,145.13,4,39.98894533098276,Silver,5.8,West,Credit Card,False,546.85
T004742,2025-01-29,Clothing,32.24,8,20.365916904740498,Bronze,3.3,North,Credit Card,False,249.41
T004743,2025-02-28,Electronics,264.3,5,52.826716992199174,Platinum,2.6,East,PayPal,False,1287.14
T004744,2025-03-12,Clothing,33.55,8,41.006071954905146,Silver,16.8,East,Credit Card,True,223.31
T004745,2025-04-02,Clothing,39.06,5,36.39076386042129,Bronze,3.4,South,Digital Wallet,True,188.66
T004746,2025-01-09,Beauty,34.34,4,36.41530095028233,Platinum,3.6,West,Digital Wallet,False,132.42
T004747,2025-05-07,Electronics,249.9,5,45.65680686813221,Gold,12.2,West,Cash,True,1097.06
T004748,2025-05-14,Clothing,33.44,7,35.994481075766664,Bronze,7.4,North,Credit Card,False,216.76
T004749,2025-06-06,Home & Kitchen,95.51,6,39.380118678557096,Silver,2.2,South,PayPal,True,560.45
T004750,2025-05-25,Home & Kitchen,85.82,2,50.3253009554881,Gold,4.5,North,Digital Wallet,False,163.92
T004751,2025-05-24,Clothing,31.47,4,44.44527001375685,Bronze,5.4,North,PayPal,False,119.08
T004752,2025-05-11,Sports,35.72,6,31.470678164489016,Bronze,3.4,North,Credit Card,False,207.03
T004753,2025-01-21,Electronics,303.09,4,48.601213125871716,Silver,12.0,West,Credit Card,True,1066.88
T004754,2025-03-05,Sports,50.09,3,38.38418171960836,Gold,9.8,North,Credit Card,False,135.54
T004755,2025-03-31,Clothing,60.02,4,52.10869500622493,Platinum,2.4,West,PayPal,False,234.32
T004756,2025-02-05,Electronics,227.57,8,37.39677219246344,Bronze,7.9,North,Credit Card,False,1676.74
T004757,2025-03-03,Sports,50.67,4,43.79463098474969,Silver,11.5,South,PayPal,True,179.37
T004758,2025-06-19,Home & Kitchen,81.07,3,,Gold,1.2,South,Cash,False,240.29
T004759,2025-03-17,Electronics,197.76,3,31.600773533041853,Silver,6.9,South,Credit Card,False,552.34
T004760,2025-06-19,Electronics,259.32,5,50.583287883432014,Gold,5.7,North,Credit Card,False,1222.69
T004761,2025-01-13,Electronics,181.24,5,62.39921422381058,Silver,2.1,North,Credit Card,False,887.17
T004762,2025-01-11,Home & Kitchen,93.96,2,47.68884050209786,Gold,3.4,East,Credit Card,False,181.53
T004763,2025-02-23,Electronics,213.15,4,44.4385468903858,Silver,4.9,West,PayPal,False,810.82
T004764,2025-01-16,Electronics,249.55,3,52.71874519384263,Bronze,4.9,East,PayPal,False,711.97
T004765,2025-01-08,Electronics,205.88,3,51.971001991122286,Platinum,11.8,East,Credit Card,True,544.76
T004766,2025-04-14,Home & Kitchen,92.97,4,43.68389889028958,Platinum,3.0,West,Cash,False,360.72
T004767,2025-02-28,Sports,44.33,6,30.706630380670674,Silver,5.4,West,Credit Card,False,251.62
T004768,2025-02-26,Sports,51.5,7,34.18283018047465,Gold,5.1,West,Credit Card,False,342.11
T004769,2025-02-09,Electronics,276.4,7,37.63407365768996,Silver,10.8,North,Credit Card,True,1725.84
T004770,2025-05-10,Beauty,30.75,9,26.73384163385668,Bronze,13.6,North,Cash,True,239.11
T004771,2025-04-04,Home & Kitchen,51.13,1,58.64939195207404,Silver,4.4,East,Digital Wallet,False,48.88
T004772,2025-05-18,Sports,58.17,3,30.790960273388123,Platinum,4.9,North,Credit Card,False,165.96
T004773,2025-02-13,Clothing,50.01,6,41.39836782944427,Bronze,1.2,South,Credit Card,True,296.46
T004774,2025-05-19,Clothing,39.01,7,31.248746852081567,Silver,3.6,East,PayPal,False,263.24
T004775,2025-03-21,Sports,62.28,2,49.05890657626074,Bronze,2.1,East,Digital Wallet,False,121.94
T004776,2025-03-22,Electronics,166.31,3,53.87966839331928,Silver,8.7,North,Digital Wallet,False,455.52
T004777,2025-01-02,Clothing,134.0,3,26.289200359886273,Bronze,0.7,West,PayPal,False,399.19
T004778,2025-06-27,Sports,48.49,4,49.93550864302228,Platinum,2.5,East,PayPal,False,189.11
T004779,2025-05-20,Sports,49.22,4,27.672753415180026,Bronze,13.6,East,PayPal,True,170.1
T004780,2025-04-25,Beauty,27.48,5,37.226863866750506,Silver,10.9,West,PayPal,True,122.42
T004781,2025-03-31,Home & Kitchen,81.18,3,70.0,Gold,2.6,North,PayPal,False,237.21
T004782,2025-01-23,Electronics,167.73,3,45.37280685747617,Silver,8.1,South,Credit Card,False,462.43
T004783,2025-05-26,Electronics,218.59,2,52.81276384733682,Platinum,13.3,North,Digital Wallet,True,379.04
T004784,2025-03-03,Clothing,49.06,10,45.77286634531988,Platinum,5.9,North,Credit Card,False,461.65
T004785,2025-04-23,Clothing,45.84,8,40.12049013323678,Bronze,12.1,East,PayPal,True,322.35
T004786,2025-05-08,Electronics,260.31,3,34.626344207406945,Gold,3.7,West,Cash,False,752.04
T004787,2025-03-03,Electronics,253.22,3,59.77015424375742,Gold,1.1,North,PayPal,False,751.3
T004788,2025-02-07,Home & Kitchen,81.31,2,65.05331200461181,Platinum,5.1,West,Credit Card,False,154.33
T004789,2025-06-15,Sports,42.72,4,42.647427016997796,Platinum,3.8,North,PayPal,False,164.39
T004790,2025-03-02,Beauty,40.14,5,56.54308052084081,Silver,8.9,East,Digital Wallet,False,182.84
T004791,2025-05-09,Sports,41.29,7,52.488633719424065,Gold,4.7,East,PayPal,False,275.45
T004792,2025-06-22,Sports,62.97,4,39.73437097523989,Gold,4.4,East,Cash,False,240.8
T004793,2025-06-05,Home & Kitchen,82.33,3,42.69493293106369,Bronze,3.9,East,PayPal,False,237.36
T004794,2025-05-29,Beauty,29.25,9,36.763723160448656,Bronze,5.8,North,Credit Card,False,247.98
T004795,2025-05-02,Home & Kitchen,155.34,11,66.5113784548859,Silver,3.7,North,Credit Card,False,1645.52
T004796,2025-04-20,Sports,49.06,3,51.710044689396355,Silver,2.1,North,Digital Wallet,True,144.09
T004797,2025-01-13,Beauty,29.94,6,,Gold,13.8,West,Cash,True,154.85
T004798,2025-06-04,Beauty,33.47,5,36.18363213272549,Bronze,14.3,North,Credit Card,True,143.42
T004799,2025-04-10,Clothing,48.36,7,48.20701429268013,Gold,9.5,North,PayPal,False,306.36
T004800,2025-05-15,Electronics,225.17,6,26.38909612998083,Bronze,7.3,West,Cash,False,1252.4
T004801,2025-01-22,Electronics,224.11,2,32.91998293531756,Silver,3.5,North,PayPal,False,432.53
T004802,2025-03-15,Electronics,288.77,2,39.59323137295213,Gold,7.2,West,Digital Wallet,False,535.96
T004803,2025-05-12,Electronics,198.29,5,,Bronze,13.8,West,Credit Card,True,854.63
T004804,2025-01-23,Electronics,264.07,4,39.47969821599833,Bronze,12.8,East,Cash,True,921.08
T004805,2025-04-29,Clothing,44.2,6,50.15055090250753,Bronze,4.9,West,PayPal,False,252.21
T004806,2025-03-11,Clothing,45.9,5,65.27893477383506,Bronze,3.0,South,Digital Wallet,False,222.61
T004807,2025-03-25,Home & Kitchen,80.11,5,50.57070570818188,Gold,0.5,North,Digital Wallet,False,398.55
T004808,2025-04-11,Electronics,289.75,3,40.15001720927308,Bronze,17.1,North,PayPal,True,720.61
T004809,2025-03-25,Home & Kitchen,70.93,1,54.072828719740286,Platinum,2.1,North,Credit Card,False,69.44
T004810,2025-06-10,Home & Kitchen,69.81,1,42.58333947020668,Gold,15.4,South,Credit Card,True,59.06
T004811,2025-01-28,Home & Kitchen,44.26,4,19.616344504891906,Bronze,4.6,West,Digital Wallet,False,168.9
T004812,2025-05-16,Beauty,29.35,5,56.36777863342684,Bronze,5.0,East,Digital Wallet,False,139.41
T004813,2025-01-01,Electronics,244.21,4,27.773711359466287,Bronze,17.6,South,Credit Card,True,804.92
T004814,2025-06-14,Electronics,232.2,3,43.59356766198066,Gold,5.0,West,Credit Card,False,661.77
T004815,2025-03-04,Clothing,45.84,5,32.42915344049256,Silver,11.8,East,Digital Wallet,True,202.15
T004816,2025-01-22,Electronics,240.88,2,28.328060589685858,Bronze,9.2,West,PayPal,False,437.44
T004817,2025-03-11,Home & Kitchen,81.0,4,36.64819265973698,Bronze,7.7,West,Cash,False,299.05
T004818,2025-05-05,Clothing,66.67,4,18.0,Bronze,12.6,West,PayPal,True,233.08
T004819,2025-05-29,Clothing,42.04,5,33.67150138225683,Bronze,9.7,East,PayPal,False,189.81
T004820,2025-04-06,Electronics,279.32,4,47.022472211871346,Silver,1.6,East,Credit Card,False,1099.4
T004821,2025-06-12,Clothing,44.13,4,46.39821444372954,Gold,2.3,North,PayPal,False,172.46
T004822,2025-03-20,Home & Kitchen,85.6,6,19.533293070007517,Bronze,2.4,West,PayPal,True,501.27
T004823,2025-01-05,Home & Kitchen,102.32,4,53.640953598987764,Bronze,8.6,East,Cash,False,374.08
T004824,2025-03-01,Electronics,260.18,6,70.0,Platinum,6.5,West,Digital Wallet,True,1459.61
T004825,2025-04-30,Electronics,214.94,7,62.736619675345295,Platinum,2.0,West,Digital Wallet,False,1474.49
T004826,2025-02-15,Electronics,299.21,2,35.674231575971085,Silver,0.6,South,Credit Card,False,594.83
T004827,2025-06-27,Electronics,229.22,4,34.087384170363464,Gold,1.1,West,PayPal,False,906.79
T004828,2025-06-25,Sports,50.9,5,,Bronze,10.2,East,Credit Card,True,228.54
T004829,2025-05-14,Electronics,304.93,3,63.9055638735487,Platinum,9.9,East,Credit Card,False,824.23
T004830,2025-02-25,Home & Kitchen,89.03,4,35.779528691425426,Platinum,12.6,South,Credit Card,True,311.25
T004831,2025-04-20,Sports,56.54,5,33.491343921230836,Gold,1.6,West,Credit Card,False,278.18
T004832,2025-06-06,Electronics,291.58,6,52.052144876716824,Bronze,2.5,South,Cash,False,1705.74
T004833,2025-04-14,Clothing,34.14,7,55.63159452935404,Gold,2.0,North,Credit Card,False,234.2
T004834,2025-03-18,Beauty,30.63,6,53.68759630443592,Bronze,5.6,West,Credit Card,False,173.49
T004835,2025-05-26,Sports,41.45,7,29.344249594976073,Silver,5.9,West,Credit Card,False,273.03
T004836,2025-01-02,Clothing,58.26,3,47.9225422460076,Bronze,6.0,North,Digital Wallet,False,164.29
T004837,2025-01-08,Sports,54.11,4,59.544273505032294,Gold,1.0,East,Credit Card,False,214.28
T004838,2025-03-16,Sports,66.9,2,42.027282140054695,Bronze,10.1,East,PayPal,True,120.29
T004839,2025-05-05,Clothing,38.4,9,45.539789090598454,Gold,4.7,South,Digital Wallet,True,329.36
T004840,2025-02-07,Sports,51.07,3,44.438249963263175,Silver,4.9,West,Digital Wallet,False,145.7
T004841,2025-06-25,Clothing,146.62,5,38.762825469878045,Bronze,6.6,West,Digital Wallet,False,684.72
T004842,2025-01-27,Clothing,38.67,8,47.43972503647856,Gold,1.6,West,Credit Card,False,304.41
T004843,2025-01-20,Beauty,27.81,5,52.670523855095524,Bronze,3.6,East,PayPal,True,134.04
T004844,2025-05-20,Sports,54.24,4,57.632846449196855,Bronze,12.6,South,Credit Card,True,189.62
T004845,2025-02-12,Clothing,48.32,5,41.33703946359048,Silver,2.9,East,Credit Card,False,234.59
T004846,2025-01-31,Electronics,368.34,4,42.80811843963093,Silver,8.7,East,Digital Wallet,False,1345.18
T004847,2025-04-01,Home & Kitchen,101.5,2,35.945624344961686,Bronze,3.7,North,Digital Wallet,True,195.49
T004848,2025-03-02,Home & Kitchen,94.46,3,60.93614585062899,Silver,3.6,West,Credit Card,False,273.18
T004849,2025-04-19,Home & Kitchen,75.95,7,36.81497798033209,Silver,6.8,West,Cash,False,495.5
T004850,2025-04-01,Beauty,22.92,5,40.821447029487764,Platinum,9.1,South,Digital Wallet,False,104.17
T004851,2025-06-12,Sports,51.9,3,,Bronze,17.8,North,Credit Card,True,127.99
T004852,2025-04-05,Clothing,37.16,5,44.50490295221184,Bronze,23.1,South,Digital Wallet,True,142.88
T004853,2025-05-23,Electronics,230.51,8,24.025325711011043,Silver,11.7,North,Credit Card,True,1628.32
T004854,2025-05-24,Clothing,31.63,3,48.55193013255803,Silver,11.6,West,PayPal,True,83.88
T004855,2025-01-13,Home & Kitchen,90.53,5,47.33455017197139,Bronze,14.1,North,Cash,True,388.83
T004856,2025-04-23,Home & Kitchen,87.06,6,43.8968349544502,Bronze,2.0,North,PayPal,False,511.91
T004857,2025-02-04,Clothing,62.5,5,46.31926914808971,Bronze,1.4,East,Credit Card,False,308.12
T004858,2025-05-29,Clothing,38.51,7,41.34455641231317,Silver,4.9,North,Digital Wallet,True,256.36
T004859,2025-06-07,Clothing,59.44,3,24.74547552763015,Bronze,8.5,East,Credit Card,False,163.16
T004860,2025-02-17,Clothing,32.01,8,55.13195088307309,Silver,0.5,West,PayPal,False,254.8
T004861,2025-02-04,Clothing,29.62,5,24.574181122359313,Bronze,1.2,North,Credit Card,False,146.32
T004862,2025-03-27,Electronics,242.64,5,31.553750201428848,Silver,3.8,West,PayPal,False,1167.1
T004863,2025-06-15,Clothing,42.04,5,56.39546822218388,Silver,7.6,East,Credit Card,False,194.22
T004864,2025-06-08,Clothing,48.62,5,25.768739190266047,Silver,14.4,North,Credit Card,True,208.09
T004865,2025-06-01,Home & Kitchen,98.0,8,40.10271802051454,Silver,7.5,East,PayPal,False,725.2
T004866,2025-04-24,Electronics,312.25,9,63.76173666342781,Gold,7.3,North,PayPal,False,2605.1
T004867,2025-06-26,Sports,53.1,6,42.86962123861999,Silver,1.7,South,Credit Card,True,313.18
T004868,2025-04-10,Home & Kitchen,75.64,7,25.468504213090903,Bronze,22.6,North,Digital Wallet,True,409.82
T004869,2025-06-09,Home & Kitchen,89.79,5,51.028320998300174,Bronze,11.5,South,Digital Wallet,True,397.32
T004870,2025-04-09,Home & Kitchen,66.01,7,47.39624152055517,Gold,0.6,West,Credit Card,False,459.3
T004871,2025-01-03,Clothing,37.09,4,43.45817252294255,Platinum,10.0,East,PayPal,False,133.52
T004872,2025-03-26,Clothing,52.61,5,18.0,Bronze,3.3,North,Digital Wallet,False,254.37
T004873,2025-05-05,Beauty,19.8,4,57.67977464569918,Bronze,2.1,North,Digital Wallet,False,77.54
T004874,2025-05-18,Sports,58.01,3,63.23505038068147,Gold,5.3,East,Credit Card,False,164.81
T004875,2025-03-24,Beauty,27.55,6,41.70495914004745,Bronze,18.1,East,Credit Card,True,135.38
T004876,2025-01-25,Home & Kitchen,72.32,2,34.04703185022794,Bronze,9.2,North,PayPal,False,131.33
T004877,2025-03-09,Electronics,258.86,4,48.40117408528313,Gold,8.4,East,Digital Wallet,False,948.46
T004878,2025-03-02,Electronics,273.81,4,48.54362578296992,Silver,4.5,West,Cash,False,1045.95
T004879,2025-01-29,Home & Kitchen,60.08,5,49.589019278583365,Gold,4.9,West,PayPal,False,285.68
T004880,2025-05-07,Clothing,44.21,7,42.11982202402096,Gold,8.4,South,Digital Wallet,False,283.47
T004881,2025-01-19,Clothing,50.64,5,48.540855226976646,Bronze,11.0,West,Credit Card,True,225.35
T004882,2025-06-20,Sports,56.07,2,50.9910792746286,Silver,4.4,South,PayPal,False,107.21
T004883,2025-03-15,Clothing,52.56,4,70.0,Silver,14.9,East,Cash,True,178.91
T004884,2025-03-02,Clothing,44.66,6,47.294468844327774,Gold,9.0,West,Credit Card,False,243.84
T004885,2025-06-20,Sports,53.27,4,44.134137410245714,Silver,8.9,West,Credit Card,False,194.12
T004886,2025-06-02,Sports,41.43,3,23.773835218281036,Silver,13.1,South,PayPal,True,108.01
T004887,2025-01-20,Clothing,67.41,4,24.821424838507262,Bronze,3.5,East,Credit Card,False,260.2
T004888,2025-02-17,Sports,58.33,3,43.503907167206755,Silver,19.2,East,Credit Card,True,141.39
T004889,2025-03-28,Sports,56.34,5,41.04326810800933,Silver,4.2,North,PayPal,False,269.87
T004890,2025-06-01,Clothing,52.08,4,30.522464696887834,Gold,0.6,North,Digital Wallet,False,207.07
T004891,2025-05-19,Electronics,249.92,5,30.117510693149654,Bronze,8.5,North,Credit Card,False,1143.38
T004892,2025-04-20,Electronics,250.88,2,49.25284687456805,Silver,1.9,North,Credit Card,False,492.23
T004893,2025-01-28,Clothing,32.74,6,35.063569723542884,Gold,5.9,North,Credit Card,False,184.85
T004894,2025-02-28,Clothing,37.43,7,32.77850396553483,Bronze,12.6,South,Credit Card,True,229.0
T004895,2025-05-13,Beauty,23.09,6,29.40598249696877,Platinum,9.7,West,Credit Card,False,125.1
T004896,2025-02-20,Sports,43.07,6,32.21047602550342,Bronze,7.2,North,Digital Wallet,False,239.81
T004897,2025-05-29,Sports,66.98,7,37.4950742648178,Platinum,6.6,North,Digital Wallet,False,437.92
T004898,2025-01-12,Beauty,18.46,5,41.72599071744519,Gold,0.1,East,Credit Card,False,92.21
T004899,2025-02-19,Sports,51.68,2,44.801765489691064,Gold,6.7,South,Credit Card,False,96.43
T004900,2025-05-12,Clothing,56.94,3,36.96137531882502,Bronze,,West,Credit Card,False,
T004901,2025-04-23,Electronics,171.57,5,20.590295586320284,Bronze,16.9,West,PayPal,True,712.87
T004902,2025-06-19,Home & Kitchen,101.26,6,28.56401535175849,Bronze,12.0,North,Digital Wallet,True,534.65
T004903,2025-06-15,Clothing,36.95,7,35.84334043017246,Gold,1.6,East,Credit Card,False,254.51
T004904,2025-06-02,Clothing,58.0,2,54.387403924525486,Bronze,8.4,North,Credit Card,True,106.26
T004905,2025-01-14,Home & Kitchen,100.38,2,40.78601871267836,Silver,2.3,East,Digital Wallet,False,196.14
T004906,2025-02-01,Beauty,26.53,6,47.115501375057725,Gold,3.7,North,PayPal,False,153.29
T004907,2025-05-19,Clothing,31.84,6,58.80937299710811,Silver,1.8,North,PayPal,False,187.6
T004908,2025-05-26,Sports,177.97,2,40.00280965624465,Gold,10.1,North,Digital Wallet,True,319.99
T004909,2025-06-04,Clothing,50.41,3,41.87661546827398,Silver,11.9,South,PayPal,True,133.23
T004910,2025-02-24,Home & Kitchen,61.78,6,42.46414518945323,Silver,5.2,East,Credit Card,False,351.4
T004911,2025-04-30,Electronics,244.82,2,42.75856755308046,Silver,3.4,North,Cash,False,472.99
T004912,2025-03-16,Sports,52.27,2,29.496187241463577,Silver,15.2,West,PayPal,True,88.65
T004913,2025-01-21,Electronics,263.39,3,48.000701017057864,Bronze,7.6,South,Digital Wallet,False,730.12
T004914,2025-06-21,Home & Kitchen,75.58,7,43.19843669985078,Bronze,1.5,East,Digital Wallet,True,521.12
T004915,2025-05-13,Electronics,301.98,4,32.06959090013186,Platinum,6.7,South,Credit Card,False,1126.99
T004916,2025-03-28,Clothing,40.51,5,39.91103040948314,Bronze,1.9,West,Credit Card,False,198.7
T004917,2025-06-18,Clothing,45.72,5,19.704026023546486,Bronze,4.7,South,PayPal,False,217.86
T004918,2025-02-28,Clothing,44.81,5,23.59590294928551,Bronze,12.1,West,Digital Wallet,True,196.94
T004919,2025-03-30,Electronics,219.27,1,52.61618180554122,Platinum,2.8,West,Credit Card,False,213.13
T004920,2025-05-30,Clothing,41.51,6,39.40203864227864,Bronze,0.9,North,PayPal,False,246.82
T004921,2025-03-24,Home & Kitchen,87.71,4,57.96531585279914,Bronze,,West,Credit Card,True,
T004922,2025-03-06,Home & Kitchen,112.19,2,42.752628537170445,Silver,4.9,North,Digital Wallet,False,213.39
T004923,2025-03-05,Electronics,308.35,4,44.638594322165886,Silver,6.5,North,Digital Wallet,True,1153.23
T004924,2025-03-12,Home & Kitchen,85.74,4,41.7390873100743,Bronze,4.1,North,PayPal,True,328.9
T004925,2025-01-04,Electronics,128.5,5,29.881945577376207,Platinum,11.3,North,PayPal,True,569.9
T004926,2025-05-23,Clothing,47.32,6,46.932030367689165,Silver,12.5,East,PayPal,True,248.43
T004927,2025-04-14,Clothing,41.09,8,33.96032627577446,Silver,8.2,South,Digital Wallet,False,301.76
T004928,2025-05-30,Home & Kitchen,104.99,6,45.814534266092274,Bronze,7.6,South,Digital Wallet,False,582.06
T004929,2025-06-24,Clothing,41.02,5,31.984938112519096,Platinum,2.1,East,PayPal,False,200.79
T004930,2025-04-03,Beauty,42.43,5,50.937234476751186,Silver,9.6,South,Credit Card,False,191.78
T004931,2025-06-23,Clothing,54.38,4,47.215933775980254,Silver,5.8,West,PayPal,False,204.9
T004932,2025-05-22,Electronics,237.21,4,56.67327189401217,Bronze,4.4,East,PayPal,False,907.09
T004933,2025-06-27,Clothing,40.25,6,50.690913652612224,Gold,7.5,East,Cash,True,223.39
T004934,2025-05-28,Sports,47.65,3,41.32600150271535,Silver,0.1,South,Digital Wallet,False,142.81
T004935,2025-06-27,Home & Kitchen,67.65,4,60.44163086201634,Bronze,3.4,South,PayPal,False,261.4
T004936,2025-04-22,Home & Kitchen,88.79,3,46.60012174090907,Bronze,11.4,West,PayPal,True,236.0
T004937,2025-06-10,Beauty,26.13,3,18.0,Bronze,10.9,North,Digital Wallet,True,69.85
T004938,2025-04-29,Beauty,19.81,7,34.69588809624316,Gold,1.5,North,Credit Card,False,136.59
T004939,2025-02-28,Home & Kitchen,69.17,5,40.2169112662484,Silver,3.6,South,PayPal,False,333.4
T004940,2025-02-12,Electronics,224.99,4,57.6916256981464,Silver,9.7,West,Credit Card,False,812.66
T004941,2025-01-12,Sports,68.59,4,36.791824972915165,Silver,6.7,West,Credit Card,False,255.98
T004942,2025-02-09,Electronics,254.87,5,33.72027503006302,Bronze,12.4,North,Credit Card,True,1116.33
T004943,2025-04-28,Home & Kitchen,57.8,4,18.0,Bronze,2.0,North,Credit Card,False,226.58
T004944,2025-01-20,Home & Kitchen,61.63,7,57.50332652076193,Gold,6.5,West,Credit Card,False,403.37
T004945,2025-06-15,Sports,52.9,5,59.27489261333095,Silver,7.8,North,PayPal,False,243.87
T004946,2025-05-11,Clothing,68.81,3,28.323830996131917,Bronze,6.5,South,PayPal,False,193.01
T004947,2025-06-05,Home & Kitchen,68.16,4,24.97062271997053,Gold,8.6,North,PayPal,False,249.19
T004948,2025-03-31,Beauty,19.2,4,54.48267495590359,Silver,9.9,South,Digital Wallet,False,69.2
T004949,2025-04-04,Electronics,201.3,4,57.5381094191644,Silver,6.2,West,Credit Card,False,755.28
T004950,2025-01-13,Clothing,114.71,5,33.33464668796264,Gold,5.5,South,PayPal,False,542.0
T004951,2025-03-07,Home & Kitchen,75.78,6,39.21145378029625,Silver,1.4,West,PayPal,False,448.31
T004952,2025-02-06,Beauty,33.66,7,48.68304020393863,Silver,16.8,South,PayPal,True,196.04
T004953,2025-06-26,Electronics,263.28,3,29.739276884042773,Bronze,14.1,East,PayPal,True,678.47
T004954,2025-03-07,Electronics,237.36,4,31.12861404285312,Bronze,8.2,North,Digital Wallet,False,871.59
T004955,2025-02-05,Electronics,280.87,4,37.90440618276191,Silver,3.0,East,PayPal,False,1089.78
T004956,2025-01-26,Electronics,264.15,3,30.046139895818104,Bronze,9.4,West,Digital Wallet,False,717.96
T004957,2025-03-16,Beauty,21.84,7,70.0,Silver,8.8,West,Credit Card,False,139.43
T004958,2025-04-18,Home & Kitchen,85.28,4,56.94340151519461,Gold,15.3,North,Digital Wallet,True,288.93
T004959,2025-06-17,Home & Kitchen,111.99,5,38.35111059929207,Gold,12.2,West,Credit Card,True,491.64
T004960,2025-02-12,Clothing,51.98,5,43.55783088770927,Bronze,16.7,East,Credit Card,True,216.5
T004961,2025-05-30,Sports,48.51,6,22.762796575237893,Platinum,7.2,North,Credit Card,False,270.1
T004962,2025-05-28,Electronics,274.45,8,46.82154759497004,Platinum,2.6,West,Credit Card,False,2138.51
T004963,2025-01-08,Clothing,60.38,3,50.89617850670811,Bronze,7.5,East,PayPal,False,167.55
T004964,2025-01-29,Clothing,56.19,8,33.98965745009491,Bronze,12.7,East,Credit Card,True,392.43
T004965,2025-02-09,Electronics,191.13,5,36.60999969499947,Bronze,3.2,West,Credit Card,True,925.07
T004966,2025-06-07,Clothing,49.17,7,31.071039264721115,Bronze,5.8,North,Credit Card,False,324.23
T004967,2025-05-08,Clothing,45.43,8,58.61800902867441,Gold,3.0,East,Digital Wallet,True,352.54
T004968,2025-03-25,Electronics,333.92,3,58.00910972761137,Gold,1.2,West,Credit Card,False,989.74
T004969,2025-04-26,Electronics,300.96,2,46.69758119920641,Bronze,5.2,East,Digital Wallet,False,570.62
T004970,2025-05-24,Sports,50.15,4,43.610569921694406,Silver,7.0,East,Cash,True,186.56
T004971,2025-06-23,Electronics,221.27,4,27.022417452156816,Silver,9.6,North,Digital Wallet,False,800.11
T004972,2025-03-03,Beauty,40.77,7,33.39017090121937,Silver,4.9,North,Credit Card,False,271.41
T004973,2025-01-07,Electronics,213.62,6,38.50908343693629,Bronze,10.8,East,PayPal,True,1143.29
T004974,2025-02-14,Sports,138.76,8,,Bronze,4.3,East,PayPal,False,1062.35
T004975,2025-06-25,Sports,58.46,6,48.767380421911334,Silver,11.1,West,PayPal,True,311.83
T004976,2025-06-04,Beauty,34.12,8,22.336057616107702,Silver,7.7,West,Cash,False,251.94
T004977,2025-03-29,Sports,37.71,5,26.52956556320067,Silver,3.7,South,Cash,False,181.57
T004978,2025-03-14,Clothing,46.7,5,34.4388398524878,Bronze,9.8,East,Credit Card,False,210.62
T004979,2025-06-12,Clothing,38.15,3,23.122985837012834,Bronze,8.0,South,Digital Wallet,False,105.29
T004980,2025-06-28,Clothing,30.8,9,,Silver,7.7,South,Credit Card,False,255.86
T004981,2025-02-06,Electronics,231.07,3,55.67237419579072,Gold,4.6,West,Credit Card,False,661.32
T004982,2025-04-29,Electronics,142.69,7,21.672128242757736,Silver,2.9,East,PayPal,True,969.86
T004983,2025-02-26,Sports,59.78,7,45.47852576789591,Platinum,2.1,West,Digital Wallet,False,409.67
T004984,2025-01-08,Home & Kitchen,57.95,4,37.157554499053276,Gold,1.4,West,Credit Card,False,228.55
T004985,2025-04-05,Home & Kitchen,100.27,3,,Silver,2.2,East,Cash,False,294.19
T004986,2025-04-27,Beauty,25.81,6,48.413659457522144,Platinum,2.6,South,Credit Card,True,150.83
T004987,2025-04-20,Home & Kitchen,73.32,5,18.0,Bronze,14.3,North,Digital Wallet,True,314.18
T004988,2025-01-20,Home & Kitchen,66.02,2,54.83106219980202,Bronze,11.8,East,Credit Card,True,116.46
T004989,2025-05-04,Sports,44.44,4,48.25634242349724,Bronze,9.4,South,Credit Card,False,161.05
T004990,2025-02-22,Electronics,261.02,6,55.039649743585784,Silver,0.9,East,Credit Card,False,1552.02
T004991,2025-04-29,Clothing,51.84,2,19.75454670247892,Silver,3.2,North,Credit Card,False,100.36
T004992,2025-01-12,Beauty,36.02,5,41.59562649671141,Bronze,9.6,North,Digital Wallet,False,162.81
T004993,2025-06-26,Beauty,28.49,3,48.44303943987059,Gold,19.3,North,Credit Card,True,68.97
T004994,2025-01-17,Sports,67.92,5,47.2265196335309,Silver,10.0,East,Credit Card,False,305.64
T004995,2025-03-05,Clothing,34.66,4,52.247244225424765,Gold,10.3,West,Credit Card,True,124.36
T004996,2025-02-11,Sports,247.04,5,47.468751044033915,Bronze,15.3,West,Digital Wallet,True,1046.21
T004997,2025-04-04,Electronics,282.38,7,18.61742707064103,Bronze,21.5,West,Credit Card,True,1551.68
T004998,2025-06-06,Electronics,248.96,3,55.82708615790486,Gold,14.9,West,PayPal,True,635.59
T004999,2025-05-27,Clothing,45.06,4,36.23151405140496,Bronze,2.9,North,Digital Wallet,False,175.01
T005000,2025-01-11,Clothing,33.76,7,44.41671972979896,Gold,1.8,North,Credit Card,False,232.07
